Order_ID,Order_Date,Customer_ID,Customer_Name,Product,Category,Quantity,Unit_Price,Discount,City,Sales_Channel
ORD-100001,2025-11-25,CUST-1028,Naledi Mahlangu,Smartphone,Electronics,3,6908.72,5,Pretoria,Store
ORD-100002,2025-06-01,CUST-1289,Ayanda Molefe,Sneakers,Clothing,2,1066.24,0,Pretoria,Mobile App
ORD-100003,2025-12-21,CUST-1140,Tshepo Mokoena,Jeans,Clothing,3,707.61,0,Cape Town,Store
ORD-100004,2025-07-28,CUST-1091,Zanele Molefe,Desk,Furniture,3,3859.95,15,Durban,Online
ORD-100005,2025-05-21,CUST-1008,Karabo Mokoena,Desk,Furniture,1,3677.92,15,Durban,Online
ORD-100006,2025-01-01,CUST-1400,Lebo Mokoena,Coffee Maker,Appliances,2,1401.18,20,Bloemfontein,Store
ORD-100007,2025-08-12,CUST-1377,Tshepo Mahlangu,Smartphone,Electronics,1,6864.06,10,Durban,Online
ORD-100008,2025-08-24,CUST-1366,Ayanda Ndlovu,Jacket,Clothing,1,1291.39,5,Gqeberha,Store
ORD-100009,2025-12-20,CUST-1027,Thabo Mokoena,Headphones,Electronics,2,975.14,5,Gqeberha,Store
ORD-100010,2025-09-20,CUST-1158,Lerato Dlamini,Smartphone,Electronics,1,7360.47,0,Pretoria,Store
ORD-100011,2025-01-11,CUST-1438,Lebo Mthembu,Bookshelf,Furniture,2,1820.62,10,Cape Town,Store
ORD-100012,2025-07-26,CUST-1261,Ayanda Khumalo,Kettle,Appliances,1,651.52,10,Cape Town,Mobile App
ORD-100013,2025-09-29,CUST-1058,Lerato Mokoena,Sneakers,Clothing,1,1088.29,0,Bloemfontein,Store
ORD-100014,2025-07-01,CUST-1064,Tshepo Mahlangu,Sneakers,Clothing,2,1185.26,20,Durban,Mobile App
ORD-100015,2025-06-06,CUST-1119,Lebo Ndlovu,Jacket,Clothing,2,1198.46,5,Durban,Mobile App
ORD-100016,2025-10-23,CUST-1438,Lebo Mthembu,Sneakers,Clothing,2,1036.28,0,Bloemfontein,Mobile App
ORD-100017,2025-08-12,CUST-1077,Karabo Ndlovu,Bookshelf,Furniture,3,1803.73,0,Pretoria,Store
ORD-100018,2025-09-06,CUST-1407,Lebo Khumalo,Smartphone,Electronics,5,7757.48,20,Pretoria,Online
ORD-100019,2025-06-19,CUST-1306,Zanele Mahlangu,Coffee Maker,Appliances,2,1423.39,20,Durban,Store
ORD-100020,2025-04-12,CUST-1415,Lebo Mokoena,Desk,Furniture,1,3375.93,5,Bloemfontein,Mobile App
ORD-100021,2025-07-09,CUST-1372,Lebo Mahlangu,Bookshelf,Furniture,2,1914.97,25,Gqeberha,Mobile App
ORD-100022,2025-12-17,CUST-1150,Naledi Ndlovu,Office Chair,Furniture,5,2965.36,20,Johannesburg,Online
ORD-100023,2025-08-08,CUST-1373,Anele Mokoena,Tablet,Electronics,3,4619.4,15,Gqeberha,Store
ORD-100024,2025-09-16,CUST-1077,Karabo Ndlovu,Microwave,Appliances,3,2212.27,20,Bloemfontein,Online
ORD-100025,2025-02-15,CUST-1131,Naledi Mokoena,Sneakers,Clothing,3,1080.46,5,Johannesburg,Mobile App
ORD-100026,2025-12-27,CUST-1096,Lerato Khumalo,Jeans,Clothing,1,663.4,15,Gqeberha,Mobile App
ORD-100027,2025-03-31,CUST-1060,Sipho Dlamini,Desk,Furniture,2,3577.15,10,Cape Town,Online
ORD-100028,2025-12-21,CUST-1041,Lerato Nkosi,Coffee Maker,Appliances,4,1280.31,15,Pretoria,Online
ORD-100029,2025-06-12,CUST-1085,Lerato Mokoena,T-Shirt,Clothing,4,356.7,0,Durban,Online
ORD-100030,2025-12-02,CUST-1055,Tshepo Nkosi,Desk,Furniture,2,3786.07,15,Durban,Mobile App
ORD-100031,2025-11-22,CUST-1172,Anele Nkosi,Desk,Furniture,2,3358.12,25,Pretoria,Mobile App
ORD-100032,2025-10-03,CUST-1033,Lerato Ndlovu,Headphones,Electronics,1,1019.79,0,Johannesburg,Online
ORD-100033,2025-12-01,CUST-1028,Naledi Mahlangu,Smartphone,Electronics,6,7718.78,25,Bloemfontein,Online
ORD-100034,2025-08-11,CUST-1446,Ayanda Molefe,T-Shirt,Clothing,1,359.23,5,Bloemfontein,Online
ORD-100035,2025-11-06,CUST-1040,Sipho Mthembu,Microwave,Appliances,3,2311.74,0,Johannesburg,Mobile App
ORD-100036,2025-03-04,CUST-1034,Lebo Dlamini,Laptop,Electronics,1,13456.68,0,Cape Town,Mobile App
ORD-100037,2025-01-26,CUST-1014,Anele Molefe,Coffee Maker,Appliances,2,1258.39,15,Durban,Store
ORD-100038,2025-07-18,CUST-1060,Sipho Dlamini,Coffee Maker,Appliances,2,1300.98,10,Durban,Online
ORD-100039,2025-10-23,CUST-1238,Naledi Molefe,Monitor,Electronics,1,3020.18,0,Bloemfontein,Mobile App
ORD-100040,2025-10-07,CUST-1373,Anele Mokoena,Jeans,Clothing,3,720.57,10,Johannesburg,Online
ORD-100041,2025-07-12,CUST-1331,Zanele Dlamini,Tablet,Electronics,4,5171.89,0,Durban,Mobile App
ORD-100042,2025-07-10,CUST-1262,Anele Ndlovu,Sneakers,Clothing,4,1066.42,5,Gqeberha,Store
ORD-100043,2025-08-11,CUST-1039,Ayanda Ndlovu,Jacket,Clothing,1,1295.32,20,Gqeberha,Mobile App
ORD-100044,2025-11-13,CUST-1349,Karabo Ndlovu,Office Chair,Furniture,3,2783.46,10,Cape Town,Store
ORD-100045,2025-11-04,CUST-1017,Anele Mokoena,Smartphone,Electronics,3,6673.78,15,Durban,Store
ORD-100046,2025-02-10,CUST-1284,Ayanda Khumalo,Kettle,Appliances,2,633.39,10,Gqeberha,Online
ORD-100047,2025-08-06,CUST-1185,Naledi Khumalo,Desk,Furniture,3,3467.3,25,Bloemfontein,Store
ORD-100048,2025-05-20,CUST-1397,Zanele Mokoena,Microwave,Appliances,2,2175.1,0,Gqeberha,Store
ORD-100049,2025-10-19,CUST-1139,Ayanda Mahlangu,Jacket,Clothing,1,1181.84,0,Gqeberha,Mobile App
ORD-100050,2025-07-04,CUST-1288,Naledi Khumalo,Sneakers,Clothing,2,1051.41,0,Bloemfontein,Store
ORD-100051,2025-12-28,CUST-1198,Tshepo Khumalo,Sneakers,Clothing,1,1045.48,10,Durban,Mobile App
ORD-100052,2025-06-07,CUST-1235,Lebo Khumalo,Tablet,Electronics,1,4750.95,10,Johannesburg,Store
ORD-100053,2025-09-05,CUST-1423,Karabo Ndlovu,Office Chair,Furniture,2,2968.04,15,Bloemfontein,Mobile App
ORD-100054,2025-02-09,CUST-1321,Karabo Mokoena,Bookshelf,Furniture,1,1906.04,0,Pretoria,Store
ORD-100055,2025-12-07,CUST-1187,Thabo Mahlangu,Bookshelf,Furniture,3,2039.81,0,Cape Town,Mobile App
ORD-100056,2025-02-26,CUST-1202,Lerato Dlamini,Laptop,Electronics,2,12909.54,10,Durban,Mobile App
ORD-100057,2025-05-19,CUST-1318,Naledi Mthembu,T-Shirt,Clothing,1,372.35,25,Gqeberha,Mobile App
ORD-100058,2025-11-02,CUST-1156,Anele Mokoena,Tablet,Electronics,3,4479.19,0,Durban,Mobile App
ORD-100059,2025-12-20,CUST-1076,Anele Molefe,Sneakers,Clothing,4,1135.73,0,Pretoria,Store
ORD-100060,2025-06-26,CUST-1211,Thabo Mthembu,Jacket,Clothing,4,1232.63,0,Johannesburg,Store
ORD-100061,2025-06-26,CUST-1031,Karabo Mokoena,Microwave,Appliances,3,2307.08,5,Cape Town,Store
ORD-100062,2025-01-18,CUST-1077,Karabo Ndlovu,Sneakers,Clothing,5,1047.32,0,Bloemfontein,Store
ORD-100063,2025-12-24,CUST-1190,Naledi Dlamini,Office Chair,Furniture,2,2639.24,0,Johannesburg,Store
ORD-100064,2025-01-07,CUST-1359,Karabo Mthembu,Kettle,Appliances,5,658.68,10,Durban,Store
ORD-100065,2025-01-10,CUST-1352,Karabo Ndlovu,Desk,Furniture,4,3395.67,0,Johannesburg,Online
ORD-100066,2025-06-22,CUST-1118,Karabo Mokoena,Monitor,Electronics,1,3076.46,5,Gqeberha,Store
ORD-100067,2025-01-02,CUST-1190,Naledi Dlamini,Microwave,Appliances,4,2351.95,0,Gqeberha,Mobile App
ORD-100068,2025-03-01,CUST-1070,Ayanda Nkosi,Office Chair,Furniture,3,2910.08,20,Bloemfontein,Online
ORD-100069,2025-08-18,CUST-1340,Lerato Khumalo,Smartphone,Electronics,3,6752.69,5,Cape Town,Mobile App
ORD-100070,2025-09-15,CUST-1111,Lerato Khumalo,Bookshelf,Furniture,4,1900.26,0,Durban,Online
ORD-100071,2025-04-19,CUST-1360,Ayanda Mahlangu,Sneakers,Clothing,2,1106.15,0,Pretoria,Mobile App
ORD-100072,2025-10-18,CUST-1379,Ayanda Ndlovu,Tablet,Electronics,2,4661.68,10,Johannesburg,Online
ORD-100073,2025-08-10,CUST-1311,Ayanda Molefe,Desk,Furniture,2,3670.05,20,Durban,Online
ORD-100074,not available,CUST-1149,Lerato Mokoena,Smartphone,Electronics,3,7122.58,0,Durban,Mobile App
ORD-100075,2025-09-18,CUST-1429,Lerato Khumalo,Jacket,Clothing,4,1349.77,0,Cape Town,Store
ORD-100076,2025-08-05,CUST-1309,Karabo Mthembu,Bookshelf,Furniture,4,1754.12,0,Bloemfontein,Store
ORD-100077,2025-10-24,CUST-1291,Lerato Mahlangu,Monitor,Electronics,3,3085.45,10,Johannesburg,Mobile App
ORD-100078,2025-02-26,CUST-1386,Zanele Nkosi,Headphones,Electronics,5,982.15,20,Pretoria,Store
ORD-100079,2025-03-26,CUST-1397,Zanele Mokoena,T-Shirt,Clothing,1,364.67,5,Cape Town,Store
ORD-100080,2025-04-21,CUST-1035,Thabo Ndlovu,Jacket,Clothing,5,1254.35,0,Bloemfontein,Mobile App
ORD-100081,2025-05-05,CUST-1397,Zanele Mokoena,Kettle,Appliances,1,618.82,15,Bloemfontein,Online
ORD-100082,2025-11-21,CUST-1345,Anele Mahlangu,Desk,Furniture,2,3822.1,15,Cape Town,Store
ORD-100083,2025-09-25,CUST-1093,Lerato Ndlovu,Tablet,Electronics,1,4660.14,0,Pretoria,Online
ORD-100084,2025-07-18,CUST-1139,Ayanda Mahlangu,coffee maker,Appliances,2,1332.49,0,Gqeberha,Store
ORD-100085,2025-07-17,CUST-1339,Thabo Nkosi,Jeans,Clothing,2,689.51,5,Johannesburg,Online
ORD-100086,2025-11-20,CUST-1098,Thabo Dlamini,Jacket,Clothing,1,1223.83,15,Cape Town,Store
ORD-100087,2025-06-13,CUST-1204,Lebo Dlamini,Smartphone,Electronics,2,7650.75,10,Bloemfontein,Store
ORD-100088,2025-03-24,CUST-1311,Ayanda Molefe,Monitor,Electronics,3,3274.84,10,Johannesburg,Mobile App
ORD-100089,2025-02-19,CUST-1293,Ayanda Dlamini,Sneakers,Clothing,2,1041.07,15,Durban,Online
ORD-100090,2025-05-01,CUST-1410,Ayanda Mahlangu,Coffee Maker,Appliances,3,1252.93,0,Johannesburg,Store
ORD-100091,2025-08-27,CUST-1051,Lebo Nkosi,Desk,Furniture,1,3887.32,0,Cape Town,Online
ORD-100092,2025-06-21,CUST-1133,Tshepo Khumalo,Coffee Maker,Appliances,1,1427.71,0,Johannesburg,Online
ORD-100093,2025-06-03,CUST-1444,Thabo Mthembu,Coffee Maker,Appliances,1,1341.3,20,Pretoria,Store
ORD-100094,2025-06-25,CUST-1256,Tshepo Mahlangu,Office Chair,Furniture,2,2666.31,10,Pretoria,Store
ORD-100095,2025-12-22,CUST-1112,Naledi Mahlangu,Microwave,Appliances,3,2253.25,0,Pretoria,Store
ORD-100096,2025-12-31,CUST-1131,Naledi Mokoena,Monitor,Electronics,2,3376.3,0,Johannesburg,Mobile App
ORD-100097,2025-02-28,CUST-1153,Ayanda Mthembu,Headphones,Electronics,3,947.25,15,Bloemfontein,Mobile App
ORD-100098,2025-02-11,CUST-1250,Karabo Ndlovu,Jacket,Clothing,2,1164.4,15,Cape Town,Online
ORD-100099,2025-03-31,CUST-1129,Zanele Nkosi,Jeans,Clothing,3,690.67,10,Cape Town,Store
ORD-100100,2025-11-07,CUST-1280,Lerato Ndlovu,Tablet,Electronics,5,4835.27,0,Cape Town,Store
ORD-100101,2025-06-17,CUST-1201,Thabo Molefe,Coffee Maker,Appliances,3,1435.59,20,Bloemfontein,Online
ORD-100102,2025-11-12,CUST-1275,Lebo Mahlangu,Tablet,Electronics,1,5043.34,15,Johannesburg,Store
ORD-100103,2025-08-25,CUST-1070,Ayanda Nkosi,Coffee Maker,Appliances,1,1347.95,10,Johannesburg,Online
ORD-100104,2025-07-21,CUST-1281,Thabo Mahlangu,Laptop,Electronics,2,12108.14,10,Johannesburg,Store
ORD-100105,2025-04-13,CUST-1417,Sipho Molefe,Sneakers,Clothing,2,1146.38,20,Johannesburg,Store
ORD-100106,2025-05-06,CUST-1061,Zanele Nkosi,Sneakers,Clothing,1,1039.07,20,Johannesburg,Mobile App
ORD-100107,2025-02-23,CUST-1148,Anele Dlamini,Sneakers,Clothing,4,1128.75,10,Durban,Mobile App
ORD-100108,2025-07-09,CUST-1313,Ayanda Molefe,Jeans,Clothing,5,703.29,5,Pretoria,Store
ORD-100109,2025-04-13,CUST-1278,Naledi Mahlangu,Bookshelf,Furniture,1,1893.72,5,,Mobile App
ORD-100110,2025-04-17,CUST-1304,Karabo Nkosi,Jacket,Clothing,2,1237.22,15,Gqeberha,Online
ORD-100111,2025-01-15,CUST-1252,Zanele Khumalo,Monitor,Electronics,1,3449.18,10,Gqeberha,Mobile App
ORD-100112,2025-10-19,CUST-1308,Anele Nkosi,Sneakers,Clothing,2,1119.12,0,Pretoria,Store
ORD-100113,2025-12-09,CUST-1275,Lebo Mahlangu,T-Shirt,Clothing,4,361.84,0,Pretoria,Online
ORD-100114,2025-07-01,CUST-1034,Lebo Dlamini,Desk,Furniture,2,3499.84,20,Durban,Online
ORD-100115,2025-07-15,CUST-1339,Thabo Nkosi,Bookshelf,Furniture,2,1786.31,20,Johannesburg,Online
ORD-100116,2025-12-04,CUST-1202,Lerato Dlamini,T-Shirt,Clothing,3,364.33,25,Bloemfontein,Online
ORD-100117,2025-07-06,CUST-1024,Tshepo Mokoena,Laptop,Electronics,1,13164.02,5,Gqeberha,Mobile App
ORD-100118,2025-08-16,CUST-1185,Naledi Khumalo,Tablet,Electronics,2,4545.46,15,Johannesburg,Mobile App
ORD-100119,2025-06-06,CUST-1196,Naledi Dlamini,Headphones,Electronics,2,943.97,15,Durban,Mobile App
ORD-100120,2025-07-07,CUST-1040,Sipho Mthembu,Smartphone,Electronics,2,7182.05,0,Pretoria,Store
ORD-100121,2025-07-10,CUST-1449,Zanele Dlamini,Desk,Furniture,2,3481.67,0,Gqeberha,Mobile App
ORD-100122,2025-09-17,CUST-1101,Lebo Khumalo,Jacket,Clothing,4,1195.24,25,Durban,Mobile App
ORD-100123,2025-08-09,CUST-1149,Lerato Mokoena,Jeans,Clothing,1,665.75,0,Durban,Store
ORD-100124,2025-07-03,CUST-1199,Anele Dlamini,Bookshelf,Furniture,3,1885.12,10,Johannesburg,Online
ORD-100125,2025-01-28,CUST-1375,Thabo Molefe,Coffee Maker,Appliances,1,1269.2,10,Durban,Online
ORD-100126,2025-11-27,CUST-1335,Sipho Mthembu,T-Shirt,Clothing,1,364.93,10,Durban,Mobile App
ORD-100127,2025-11-21,CUST-1347,Lerato Ndlovu,Smartphone,Electronics,4,6860.3,0,Bloemfontein,Store
ORD-100128,2025-03-09,CUST-1107,Zanele Mthembu,Sneakers,Clothing,4,1029.07,15,Bloemfontein,Mobile App
ORD-100129,2025-04-18,CUST-1381,Anele Mokoena,T-Shirt,Clothing,1,366.42,0,Gqeberha,Mobile App
ORD-100130,2025-12-22,CUST-1374,Tshepo Dlamini,Jeans,Clothing,2,743.2,15,Gqeberha,Store
ORD-100131,2025-04-28,CUST-1209,Naledi Khumalo,T-Shirt,Clothing,3,336.25,0,Durban,Mobile App
ORD-100132,2025-10-24,CUST-1246,Zanele Molefe,T-Shirt,Clothing,4,330.18,10,Johannesburg,Online
ORD-100133,2025-10-14,CUST-1017,Anele Mokoena,Smartphone,Electronics,3,6986.01,15,Gqeberha,Mobile App
ORD-100134,2025-11-11,CUST-1343,Lerato Dlamini,T-Shirt,Clothing,1,360.88,0,Gqeberha,Mobile App
ORD-100135,2025-01-06,CUST-1433,Anele Ndlovu,Sneakers,Clothing,2,1075.28,0,Bloemfontein,Online
ORD-100136,2025-06-26,CUST-1213,Lebo Molefe,Monitor,Electronics,1,3137.64,15,Bloemfontein,Mobile App
ORD-100137,2025-07-26,CUST-1244,Sipho Molefe,Jeans,Clothing,1,668.0,0,Cape Town,Mobile App
ORD-100138,2025-11-02,CUST-1225,Anele Molefe,Laptop,Electronics,2,12525.1,0,Bloemfontein,Mobile App
ORD-100139,2025-03-23,CUST-1038,Sipho Khumalo,Office Chair,Furniture,3,2946.61,5,Gqeberha,Store
ORD-100140,2025-04-22,CUST-1279,Ayanda Nkosi,Desk,Furniture,2,3739.03,20,Durban,Store
ORD-100141,2025-03-07,CUST-1325,Thabo Nkosi,Kettle,Appliances,3,682.34,10,Johannesburg,Mobile App
ORD-100142,2025-10-06,CUST-1418,Ayanda Mthembu,Headphones,Electronics,3,960.06,5,Bloemfontein,Online
ORD-100143,2025-12-31,CUST-1419,Karabo Khumalo,Monitor,Electronics,4,3440.75,25,Durban,Mobile App
ORD-100144,2025-02-21,CUST-1222,Naledi Nkosi,Desk,Furniture,1,3669.02,5,Pretoria,Mobile App
ORD-100145,2025-03-27,CUST-1432,Lerato Nkosi,Kettle,Appliances,2,650.29,5,Durban,Store
ORD-100146,2025-04-23,CUST-1238,Naledi Molefe,Coffee Maker,Appliances,1,1341.47,5,Gqeberha,Online
ORD-100147,2025-11-21,CUST-1289,Ayanda Molefe,Laptop,Electronics,1,12598.24,0,Gqeberha,Store
ORD-100148,2025-06-12,CUST-1271,Ayanda Dlamini,Headphones,Electronics,1,890.65,0,Durban,Online
ORD-100149,2025-04-13,CUST-1450,Karabo Khumalo,Coffee Maker,Appliances,1,1397.78,10,Durban,Mobile App
ORD-100150,2025-04-28,CUST-1332,Lerato Nkosi,Laptop,Electronics,1,13471.73,0,Durban,Online
ORD-100151,2025-08-07,CUST-1055,Tshepo Nkosi,Coffee Maker,Appliances,1,1423.75,10,Gqeberha,Online
ORD-100152,2025-05-22,CUST-1033,Lerato Ndlovu,Monitor,Electronics,4,3011.01,0,Cape Town,Mobile App
ORD-100153,2025-02-21,CUST-1185,Naledi Khumalo,Microwave,Appliances,3,2180.95,5,Bloemfontein,Mobile App
ORD-100154,2025-10-27,CUST-1233,Naledi Nkosi,Monitor,Electronics,1,3088.67,0,Bloemfontein,Online
ORD-100155,2025-06-04,CUST-1301,Naledi Nkosi,Desk,Furniture,4,3628.11,10,Pretoria,Online
ORD-100156,2025-04-04,CUST-1217,Anele Molefe,Jeans,Clothing,2,675.22,15,Pretoria,Online
ORD-100157,2025-09-23,CUST-1232,Zanele Dlamini,Smartphone,Electronics,2,6992.69,5,Gqeberha,Mobile App
ORD-100158,2025-09-30,CUST-1415,Lebo Mokoena,T-Shirt,Clothing,3,328.76,0,Cape Town,Store
ORD-100159,2025-02-26,CUST-1151,Lerato Dlamini,Bookshelf,Furniture,2,1925.77,0,Cape Town,Store
ORD-100160,2025-01-27,CUST-1223,Lerato Nkosi,Sneakers,Clothing,1,1097.23,15,Johannesburg,Store
ORD-100161,2025-01-17,CUST-1251,Lebo Nkosi,Kettle,Appliances,1,686.59,0,Durban,Online
ORD-100162,2025-10-07,CUST-1211,Thabo Mthembu,Jeans,Clothing,3,735.18,15,Bloemfontein,Online
ORD-100163,2025-08-17,CUST-1436,Sipho Dlamini,Desk,Furniture,2,3589.7,0,Cape Town,Store
ORD-100164,2025-10-17,CUST-1433,Anele Ndlovu,Desk,Furniture,2,3425.81,0,Bloemfontein,Online
ORD-100165,2025-08-17,CUST-1231,Karabo Mokoena,Desk,Furniture,2,3355.15,15,Johannesburg,Online
ORD-100166,2025-05-27,CUST-1203,Lebo Molefe,Coffee Maker,Appliances,1,1365.9,5,Gqeberha,Online
ORD-100167,2025-08-04,CUST-1266,Lebo Dlamini,Monitor,Electronics,2,3358.06,0,Durban,Mobile App
ORD-100168,2025-09-21,CUST-1082,Lerato Khumalo,Tablet,Electronics,1,4640.57,25,Johannesburg,Online
ORD-100169,2025-05-26,CUST-1192,Zanele Nkosi,Office Chair,Furniture,4,2759.51,0,Pretoria,Mobile App
ORD-100170,2025-12-01,CUST-1098,Thabo Dlamini,Laptop,Electronics,3,12299.64,5,Durban,Online
ORD-100171,2025-11-25,CUST-1065,Zanele Mokoena,Smartphone,Electronics,2,7758.34,5,Pretoria,Store
ORD-100172,2025-10-20,CUST-1043,Ayanda Mahlangu,Smartphone,Electronics,3,7018.41,5,Durban,Mobile App
ORD-100173,2025-12-29,CUST-1265,Lerato Molefe,Sneakers,Clothing,1,1175.22,15,Johannesburg,Store
ORD-100174,2025-05-23,CUST-1001,Sipho Mokoena,Jacket,Clothing,1,1211.34,0,Bloemfontein,Store
ORD-100175,2025-02-11,CUST-1291,Lerato Mahlangu,Jacket,Clothing,2,1193.86,20,Durban,Store
ORD-100176,2025-06-26,CUST-1195,Ayanda Dlamini,Desk,Furniture,2,3444.15,10,Cape Town,Store
ORD-100177,2025-09-30,CUST-1165,Naledi Mahlangu,Jacket,Clothing,4,1301.98,25,Durban,Mobile App
ORD-100178,2025-10-12,CUST-1347,Lerato Ndlovu,Tablet,Electronics,6,5063.09,15,Durban,Online
ORD-100179,2025-05-22,CUST-1243,Sipho Mokoena,Microwave,Appliances,2,2098.46,20,Johannesburg,Store
ORD-100180,2025-04-17,CUST-1331,Zanele Dlamini,Bookshelf,Furniture,1,1826.31,10,Pretoria,Online
ORD-100181,2025-06-12,CUST-1320,Anele Mokoena,Kettle,Appliances,2,676.5,5,Johannesburg,Store
ORD-100182,2025-10-21,CUST-1015,Karabo Ndlovu,Tablet,Electronics,1,4466.76,5,Bloemfontein,Store
ORD-100183,2025-01-23,CUST-1097,Lebo Khumalo,Bookshelf,Furniture,1,2045.07,10,Pretoria,Mobile App
ORD-100184,2025-04-30,CUST-1257,Tshepo Mthembu,Jacket,Clothing,5,1181.75,5,Johannesburg,Store
ORD-100185,2025-03-25,CUST-1439,Ayanda Mahlangu,Bookshelf,Furniture,4,2022.12,15,Pretoria,Online
ORD-100186,2025-10-22,CUST-1070,Ayanda Nkosi,Desk,Furniture,5,3679.43,0,Pretoria,Mobile App
ORD-100187,2025-06-21,CUST-1048,Lerato Nkosi,Tablet,Electronics,1,4956.68,15,Durban,Online
ORD-100188,2025-02-01,CUST-1424,Naledi Mokoena,Office Chair,Furniture,1,2982.46,0,Durban,Online
ORD-100189,2025-04-06,CUST-1436,Sipho Dlamini,Headphones,Electronics,2,881.86,25,Bloemfontein,Online
ORD-100190,2025-01-17,CUST-1076,Anele Molefe,Monitor,Electronics,4,3178.28,0,Durban,Online
ORD-100191,2025-06-23,CUST-1181,Naledi Nkosi,Jacket,Clothing,1,1305.91,0,Cape Town,Mobile App
ORD-100192,2025-12-31,CUST-1282,Sipho Mthembu,Jeans,Clothing,1,645.5,15,Johannesburg,Mobile App
ORD-100193,2025-07-27,CUST-1088,Thabo Mahlangu,Jeans,Clothing,1,753.9,15,Gqeberha,Online
ORD-100194,2025-11-14,CUST-1147,Thabo Dlamini,Office Chair,Furniture,3,2900.79,15,Johannesburg,Mobile App
ORD-100195,2025-09-29,CUST-1178,Zanele Nkosi,Kettle,Appliances,3,680.9,25,Bloemfontein,Store
ORD-100196,2025-11-19,CUST-1289,Ayanda Molefe,Smartphone,Electronics,3,7643.32,0,Gqeberha,Mobile App
ORD-100197,2025-04-24,CUST-1139,Ayanda Mahlangu,Office Chair,Furniture,2,2707.02,15,Bloemfontein,Online
ORD-100198,2025-12-14,CUST-1186,Lebo Mokoena,Smartphone,Electronics,3,7214.45,5,Durban,Store
ORD-100199,2025-03-29,CUST-1131,Naledi Mokoena,Office Chair,Furniture,2,2723.6,10,Bloemfontein,Online
ORD-100200,2025-06-09,CUST-1342,Zanele Mahlangu,Kettle,Appliances,1,685.91,5,Durban,Mobile App
ORD-100201,2025-09-06,CUST-1069,Lebo Mokoena,Office Chair,Furniture,1,2724.43,0,Gqeberha,Online
ORD-100202,2025-04-15,CUST-1104,Karabo Ndlovu,Microwave,Appliances,2,2069.1,10,Gqeberha,Online
ORD-100203,2025-04-07,CUST-1113,Thabo Ndlovu,Bookshelf,Furniture,2,1938.15,15,Johannesburg,Online
ORD-100204,2025-02-17,CUST-1408,Lerato Mahlangu,Jacket,Clothing,5,1342.04,0,Pretoria,Online
ORD-100205,2025-01-02,CUST-1426,Zanele Nkosi,Desk,Furniture,?,3326.86,20,Cape Town,Mobile App
ORD-100206,2025-07-02,CUST-1226,Lerato Nkosi,Headphones,Electronics,1,929.87,10,Johannesburg,Store
ORD-100207,2025-12-27,CUST-1071,Thabo Mthembu,Sneakers,Clothing,3,1032.88,0,Pretoria,Store
ORD-100208,2025-03-22,CUST-1341,Lebo Khumalo,Kettle,Appliances,2,635.31,10,Cape Town,Mobile App
ORD-100209,2025-06-10,CUST-1222,Naledi Nkosi,Headphones,Electronics,1,969.85,0,Gqeberha,Mobile App
ORD-100210,2025-12-08,CUST-1383,Tshepo Khumalo,Sneakers,Clothing,2,1121.57,0,Johannesburg,Mobile App
ORD-100211,2025-10-09,CUST-1162,Lebo Nkosi,Headphones,Electronics,1,979.87,10,Cape Town,Store
ORD-100212,2025-01-02,CUST-1450,Karabo Khumalo,Jacket,Clothing,1,1287.73,0,Durban,Store
ORD-100213,2025-07-02,CUST-1364,Anele Mahlangu,Sneakers,Clothing,3,1013.18,0,Pretoria,Mobile App
ORD-100214,2025-02-22,CUST-1101,Lebo Khumalo,Desk,Furniture,2,3463.0,15,Gqeberha,Store
ORD-100215,2025-04-01,CUST-1327,Lerato Mokoena,Sneakers,Clothing,1,1031.59,0,Cape Town,Online
ORD-100216,2025-03-31,CUST-1130,Zanele Mthembu,Monitor,Electronics,2,2951.74,15,Johannesburg,Online
ORD-100217,2025-08-12,CUST-1158,Lerato Dlamini,Smartphone,Electronics,2,6646.92,15,Pretoria,Online
ORD-100218,2025-03-14,CUST-1113,Thabo Ndlovu,Smartphone,Electronics,1,7268.17,0,Johannesburg,Store
ORD-100219,2025-04-02,CUST-1307,Sipho Mahlangu,Desk,Furniture,4,3876.91,5,Pretoria,Mobile App
ORD-100220,2025-03-24,CUST-1119,Lebo Ndlovu,Microwave,Appliances,2,2075.67,0,Cape Town,Store
ORD-100221,2025-05-11,CUST-1288,Naledi Khumalo,Smartphone,Electronics,4,7120.48,10,Bloemfontein,Store
ORD-100222,2025-08-28,CUST-1263,Lebo Nkosi,Desk,Furniture,2,3597.46,0,Johannesburg,mobile app
ORD-100223,2025-05-26,CUST-1338,Lebo Mokoena,Jacket,Clothing,3,1278.18,25,Durban,Store
ORD-100224,2025-04-30,CUST-1448,Thabo Khumalo,Headphones,Electronics,1,981.17,0,Bloemfontein,Online
ORD-100225,2025-07-08,CUST-1004,Thabo Molefe,Jacket,Clothing,1,1317.09,10,Bloemfontein,Mobile App
ORD-100226,2025-08-13,CUST-1446,Ayanda Molefe,Monitor,Electronics,1,3094.91,0,Gqeberha,Mobile App
ORD-100227,2025-01-06,CUST-1050,Naledi Mahlangu,Coffee Maker,Appliances,?,1417.7,0,Gqeberha,Store
ORD-100228,2025-11-21,CUST-1238,Naledi Molefe,T-Shirt,Clothing,4,326.91,5,Gqeberha,Mobile App
ORD-100229,2025-12-01,CUST-1154,Lerato Mahlangu,T-Shirt,Clothing,3,344.82,10,Pretoria,Online
ORD-100230,2025-08-08,CUST-1288,Naledi Khumalo,Tablet,Electronics,2,4897.27,25,Cape Town,Store
ORD-100231,2025-07-29,CUST-1325,Thabo Nkosi,Desk,Furniture,2,3362.44,0,Gqeberha,Mobile App
ORD-100232,2025-09-11,CUST-1387,Lerato Mthembu,Coffee Maker,Appliances,2,1294.85,0,Gqeberha,Store
ORD-100233,2025-06-10,CUST-1181,Naledi Nkosi,Laptop,Electronics,2,12834.58,5,Cape Town,Online
ORD-100234,2025-05-14,CUST-1420,Zanele Mahlangu,Sneakers,Clothing,3,1142.14,5,Pretoria,Store
ORD-100235,2025-05-09,CUST-1146,Thabo Mthembu,Bookshelf,Furniture,2,1898.1,20,Gqeberha,Store
ORD-100236,2025-02-28,CUST-1092,Ayanda Molefe,Jacket,Clothing,4,1340.96,20,Johannesburg,Mobile App
ORD-100237,2025-11-04,CUST-1171,Sipho Mokoena,Jeans,Clothing,1,656.54,20,Cape Town,Store
ORD-100238,2025-04-28,CUST-1238,Naledi Molefe,Desk,Furniture,5,3609.66,0,Cape Town,Mobile App
ORD-100239,2025-04-14,CUST-1301,Naledi Nkosi,Monitor,Electronics,1,3362.08,5,Gqeberha,Store
ORD-100240,2025-12-18,CUST-1375,Thabo Molefe,Jeans,Clothing,2,743.26,15,Bloemfontein,Store
ORD-100241,2025-07-04,CUST-1102,Zanele Khumalo,Tablet,Electronics,4,4624.28,0,Johannesburg,Store
ORD-100242,2025-08-15,CUST-1137,Anele Mahlangu,T-Shirt,Clothing,1,341.93,10,Pretoria,Store
ORD-100243,2025-03-31,CUST-1423,Karabo Ndlovu,Smartphone,Electronics,1,7095.96,0,Bloemfontein,Mobile App
ORD-100244,2025-04-12,CUST-1198,Tshepo Khumalo,Jeans,Clothing,1,750.88,0,Johannesburg,Online
ORD-100245,2025-09-23,CUST-1109,Thabo Nkosi,Jeans,Clothing,?,701.12,20,Gqeberha,Mobile App
ORD-100246,2025-06-14,CUST-1444,Thabo Mthembu,Smartphone,Electronics,4,6806.61,0,Gqeberha,Mobile App
ORD-100247,2025-02-23,CUST-1203,Lebo Molefe,Sneakers,Clothing,3,1114.6,25,Johannesburg,Online
ORD-100248,2025-11-01,CUST-1444,Thabo Mthembu,Desk,Furniture,2,3812.1,0,Gqeberha,Store
ORD-100249,2025-05-28,CUST-1414,Tshepo Dlamini,Sneakers,Clothing,5,1043.09,0,Pretoria,Online
ORD-100250,2025-09-01,CUST-1408,Lerato Mahlangu,Laptop,Electronics,2,13071.01,0,Johannesburg,Mobile App
ORD-100251,2025-05-05,CUST-1262,Anele Ndlovu,Tablet,Electronics,4,4706.5,0,Durban,Online
ORD-100252,2025-07-24,CUST-1360,Ayanda Mahlangu,Bookshelf,Furniture,1,1778.65,5,Bloemfontein,Store
ORD-100253,2025-10-11,CUST-1433,Anele Ndlovu,Tablet,Electronics,2,4700.74,0,Bloemfontein,Store
ORD-100254,2025-11-20,CUST-1122,Anele Mahlangu,Monitor,Electronics,1,3116.57,10,Bloemfontein,Store
ORD-100255,2025-03-17,CUST-1017,Anele Mokoena,Jeans,Clothing,1,716.08,20,Pretoria,Store
ORD-100256,2025-09-03,CUST-1145,Thabo Mthembu,Tablet,Electronics,3,4542.14,5,Bloemfontein,Store
ORD-100257,2025-11-30,CUST-1287,Lebo Dlamini,Jacket,Clothing,1,1242.12,0,Pretoria,Store
ORD-100258,2025-08-23,CUST-1247,Lebo Mahlangu,Smartphone,Electronics,2,6751.49,5,Pretoria,Online
ORD-100259,2025-02-22,CUST-1037,Sipho Mahlangu,Tablet,Electronics,4,4823.23,15,Bloemfontein,Online
ORD-100260,2025-03-11,CUST-1253,Ayanda Dlamini,T-Shirt,Clothing,1,357.23,10,Johannesburg,Store
ORD-100261,2025-03-16,CUST-1079,Sipho Nkosi,Sneakers,Clothing,2,1050.85,0,Johannesburg,Store
ORD-100262,2025-02-08,CUST-1228,Lerato Mahlangu,Tablet,Electronics,3,4718.52,10,Cape Town,Online
ORD-100263,2025-10-03,CUST-1260,Tshepo Nkosi,Monitor,Electronics,4,3358.11,5,Pretoria,Store
ORD-100264,2025-12-19,CUST-1287,Lebo Dlamini,Microwave,Appliances,1,2346.1,0,Bloemfontein,Online
ORD-100265,2025-07-08,CUST-1186,Lebo Mokoena,Kettle,Appliances,5,689.14,0,Pretoria,Mobile App
ORD-100266,2025-08-07,CUST-1184,Tshepo Mahlangu,T-Shirt,Clothing,4,327.82,25,Pretoria,Store
ORD-100267,2025-10-10,CUST-1306,Zanele Mahlangu,Desk,Furniture,2,3688.52,0,Johannesburg,Store
ORD-100268,2025-06-01,CUST-1338,Lebo Mokoena,Office Chair,Furniture,2,2750.84,0,Pretoria,Mobile App
ORD-100269,2025-06-22,CUST-1364,Anele Mahlangu,Jeans,Clothing,3,722.49,0,Cape Town,Mobile App
ORD-100270,2025-08-03,CUST-1151,Lerato Dlamini,T-Shirt,Clothing,3,369.39,10,Bloemfontein,Mobile App
ORD-100271,2025-04-22,CUST-1191,Ayanda Ndlovu,Monitor,Electronics,1,3315.52,5,Pretoria,Store
ORD-100272,2025-01-23,CUST-1149,Lerato Mokoena,Laptop,Electronics,5,13273.72,0,Pretoria,Store
ORD-100273,2025-07-27,CUST-1238,Naledi Molefe,Tablet,Electronics,4,4473.82,5,Bloemfontein,Store
ORD-100274,2025-10-28,CUST-1058,Lerato Mokoena,Kettle,Appliances,2,608.69,10,Cape Town,Mobile App
ORD-100275,2025-01-27,CUST-1194,Ayanda Nkosi,Desk,Furniture,3,3684.48,0,Durban,Store
ORD-100276,2025-03-21,CUST-1085,Lerato Mokoena,Bookshelf,Furniture,2,1808.14,20,Pretoria,Store
ORD-100277,2025-04-06,CUST-1240,Tshepo Ndlovu,Bookshelf,Furniture,3,1852.13,0,Gqeberha,Mobile App
ORD-100278,2025-10-21,CUST-1383,Tshepo Khumalo,Sneakers,Clothing,3,1118.38,0,Cape Town,Store
ORD-100279,2025-07-04,CUST-1444,Thabo Mthembu,Laptop,Electronics,2,12005.48,25,Cape Town,Store
ORD-100280,2025-07-15,CUST-1201,Thabo Molefe,Smartphone,Electronics,1,7155.87,15,Bloemfontein,Mobile App
ORD-100281,2025-08-24,CUST-1026,Naledi Mthembu,Monitor,Electronics,1,3401.9,0,Durban,Mobile App
ORD-100282,2025-04-11,CUST-1103,Thabo Mthembu,Bookshelf,Furniture,4,1845.17,20,Pretoria,Online
ORD-100283,2025-09-18,CUST-1048,Lerato Nkosi,Jacket,Clothing,2,1335.07,5,Johannesburg,Mobile App
ORD-100284,2025-01-12,CUST-1342,Zanele Mahlangu,Bookshelf,Furniture,4,1786.61,0,Gqeberha,Mobile App
ORD-100285,2025-02-11,CUST-1444,Thabo Mthembu,Desk,Furniture,2,3556.88,15,Pretoria,Online
ORD-100286,2025-10-25,CUST-1250,Karabo Ndlovu,Kettle,Appliances,2,701.8,15,Pretoria,Mobile App
ORD-100287,2025-08-29,CUST-1080,Tshepo Mokoena,Tablet,Electronics,4,5170.64,0,Pretoria,Online
ORD-100288,2025-03-06,CUST-1010,Ayanda Khumalo,T-Shirt,Clothing,2,349.55,10,Johannesburg,Mobile App
ORD-100289,2025-06-10,CUST-1440,Anele Dlamini,T-Shirt,Clothing,1,359.81,5,Bloemfontein,Store
ORD-100290,not available,CUST-1143,Zanele Khumalo,Bookshelf,Furniture,1,1905.08,0,Gqeberha,Online
ORD-100291,2025-09-03,CUST-1051,Lebo Nkosi,Coffee Maker,Appliances,1,1374.09,25,Johannesburg,Mobile App
ORD-100292,2025-10-03,CUST-1080,Tshepo Mokoena,Monitor,Electronics,1,2945.43,10,Johannesburg,Online
ORD-100293,2025-04-12,CUST-1115,Zanele Nkosi,Kettle,Appliances,1,651.87,10,Durban,Store
ORD-100294,2025-05-08,CUST-1296,Tshepo Nkosi,Monitor,Electronics,2,3119.8,10,Johannesburg,Online
ORD-100295,2025-03-28,CUST-1402,Karabo Mokoena,T-Shirt,Clothing,1,363.64,10,Cape Town,Online
ORD-100296,2025-05-23,CUST-1124,Lebo Nkosi,Bookshelf,Furniture,1,1943.95,0,Pretoria,Store
ORD-100297,2025-04-10,CUST-1310,Tshepo Ndlovu,Coffee Maker,Appliances,2,1335.06,25,Gqeberha,Store
ORD-100298,2025-04-01,CUST-1030,Thabo Ndlovu,Desk,Furniture,2,3712.34,10,Bloemfontein,Store
ORD-100299,2025-06-07,CUST-1005,Lebo Ndlovu,Monitor,Electronics,5,3229.45,10,Cape Town,Store
ORD-100300,2025-11-10,CUST-1025,Anele Ndlovu,Laptop,Electronics,2,12360.07,5,Johannesburg,Store
ORD-100301,2025-10-06,CUST-1416,Anele Mokoena,Office Chair,Furniture,1,2778.53,0,Gqeberha,Store
ORD-100302,2025-04-19,CUST-1262,Anele Ndlovu,Coffee Maker,Appliances,2,1287.44,0,Bloemfontein,Mobile App
ORD-100303,2025-12-11,CUST-1363,Zanele Mthembu,Laptop,Electronics,4,11765.9,5,Bloemfontein,Mobile App
ORD-100304,2025-03-18,CUST-1010,Ayanda Khumalo,Microwave,Appliances,3,2243.95,0,Pretoria,Online
ORD-100305,2025-11-29,CUST-1011,Naledi Khumalo,T-Shirt,Clothing,3,358.9,10,Cape Town,Store
ORD-100306,2025-04-23,CUST-1382,Lebo Mthembu,Tablet,Electronics,4,5130.06,20,Johannesburg,Mobile App
ORD-100307,2025-07-17,CUST-1047,Anele Mokoena,Monitor,Electronics,2,3377.12,0,Johannesburg,Store
ORD-100308,2025-03-16,CUST-1070,Ayanda Nkosi,T-Shirt,Clothing,5,373.47,0,Gqeberha,Store
ORD-100309,2025-10-06,CUST-1234,Sipho Mokoena,Monitor,Electronics,1,3392.07,10,Durban,Online
ORD-100310,2025-04-26,CUST-1273,Sipho Mahlangu,Smartphone,Electronics,3,7665.62,0,Durban,Store
ORD-100311,2025-11-15,CUST-1103,Thabo Mthembu,Jeans,Clothing,4,677.97,20,Gqeberha,Mobile App
ORD-100312,2025-01-31,CUST-1201,Thabo Molefe,Jacket,Clothing,4,1287.38,5,Durban,Mobile App
ORD-100313,2025-07-03,CUST-1304,Karabo Nkosi,Smartphone,Electronics,2,6630.43,0,Durban,Store
ORD-100314,2025-02-27,CUST-1200,Anele Mthembu,Monitor,Electronics,3,3308.82,0,Pretoria,Online
ORD-100315,2025-11-21,CUST-1173,Ayanda Mokoena,Headphones,Electronics,1,989.91,20,Gqeberha,Store
ORD-100316,2025-06-02,CUST-1033,Lerato Ndlovu,Jeans,Clothing,2,674.77,0,Cape Town,Mobile App
ORD-100317,2025-09-04,CUST-1204,Lebo Dlamini,Jacket,Clothing,1,1176.18,10,Durban,Mobile App
ORD-100318,2025-11-18,CUST-1362,Thabo Molefe,Jacket,Clothing,2,1323.25,0,Pretoria,Store
ORD-100319,2025-07-15,CUST-1283,Zanele Mokoena,Kettle,Appliances,3,650.77,0,Johannesburg,Store
ORD-100320,2025-01-21,CUST-1402,Karabo Mokoena,Sneakers,Clothing,1,1072.78,20,Durban,Mobile App
ORD-100321,2025-03-22,CUST-1057,Lebo Mthembu,Monitor,Electronics,1,3100.1,0,Johannesburg,Store
ORD-100322,2025-03-19,CUST-1005,Lebo Ndlovu,Smartphone,Electronics,1,6969.5,0,Durban,Store
ORD-100323,2025-11-30,CUST-1247,Lebo Mahlangu,Jeans,Clothing,2,735.19,5,Cape Town,Online
ORD-100324,2025-11-28,CUST-1081,Karabo Mthembu,Microwave,Appliances,3,2113.67,20,Durban,Online
ORD-100325,2025-06-24,CUST-1268,Tshepo Nkosi,Kettle,Appliances,3,614.66,0,Durban,Store
ORD-100326,2025-11-21,CUST-1407,Lebo Khumalo,Headphones,Electronics,1,991.93,0,Pretoria,Store
ORD-100327,2025-03-31,CUST-1152,Lebo Khumalo,Headphones,Electronics,3,882.1,25,Johannesburg,Store
ORD-100328,2025-09-05,CUST-1248,Zanele Khumalo,Laptop,Electronics,3,13090.61,10,Gqeberha,Store
ORD-100329,2025-05-24,CUST-1307,Sipho Mahlangu,Tablet,Electronics,1,4604.17,20,Gqeberha,Mobile App
ORD-100330,2025-03-29,CUST-1068,Sipho Ndlovu,T-Shirt,Clothing,1,323.34,15,Gqeberha,Mobile App
ORD-100331,2025-04-02,CUST-1404,Lebo Ndlovu,T-Shirt,Clothing,2,367.04,10,Pretoria,Mobile App
ORD-100332,2025-06-03,CUST-1092,Ayanda Molefe,Office Chair,Furniture,1,2616.09,5,Pretoria,Online
ORD-100333,2025-05-04,CUST-1364,Anele Mahlangu,Monitor,Electronics,1,3390.85,0,Bloemfontein,Store
ORD-100334,2025-03-19,CUST-1297,Zanele Ndlovu,Coffee Maker,Appliances,2,1326.75,15,Cape Town,Store
ORD-100335,2025-05-02,CUST-1064,Tshepo Mahlangu,Desk,Furniture,1,3345.74,15,Pretoria,Store
ORD-100336,2025-02-16,CUST-1327,Lerato Mokoena,Coffee Maker,Appliances,1,1446.14,25,Gqeberha,Mobile App
ORD-100337,2025-12-20,CUST-1089,Ayanda Mahlangu,Kettle,Appliances,1,646.31,10,,Mobile App
ORD-100338,2025-05-19,CUST-1270,Sipho Mahlangu,Monitor,Electronics,3,3296.52,0,Pretoria,Online
ORD-100339,2025-02-09,CUST-1432,Lerato Nkosi,Headphones,Electronics,2,975.85,5,Cape Town,Online
ORD-100340,2025-07-30,CUST-1429,Lerato Khumalo,Kettle,Appliances,2,629.95,10,Johannesburg,Store
ORD-100341,2025-11-19,CUST-1393,Zanele Dlamini,Jeans,Clothing,2,668.15,5,Bloemfontein,Online
ORD-100342,2025-05-12,CUST-1223,Lerato Nkosi,Monitor,Electronics,3,3260.39,15,Cape Town,Online
ORD-100343,2025-11-05,CUST-1252,Zanele Khumalo,Jeans,Clothing,1,703.69,10,Bloemfontein,Online
ORD-100344,2025-08-11,CUST-1136,Sipho Molefe,Bookshelf,Furniture,1,1956.67,0,Johannesburg,Mobile App
ORD-100345,2025-09-27,CUST-1415,Lebo Mokoena,Microwave,Appliances,1,2054.47,10,Cape Town,Mobile App
ORD-100346,2025-04-19,CUST-1215,Lebo Khumalo,Headphones,Electronics,2,897.73,10,Bloemfontein,Online
ORD-100347,2025-01-14,CUST-1348,Karabo Mokoena,Kettle,Appliances,3,635.17,20,Gqeberha,Online
ORD-100348,2025-05-07,CUST-1162,Lebo Nkosi,Kettle,Appliances,2,605.82,5,Johannesburg,Mobile App
ORD-100349,2025-12-04,CUST-1334,Lerato Mthembu,Tablet,Electronics,2,5025.51,10,Gqeberha,Mobile App
ORD-100350,2025-10-16,CUST-1101,Lebo Khumalo,Tablet,Electronics,5,5133.78,5,Bloemfontein,Store
ORD-100351,2025-10-14,CUST-1331,Zanele Dlamini,Bookshelf,Furniture,1,1788.55,10,Pretoria,Online
ORD-100352,2025-11-17,CUST-1021,Lebo Mahlangu,Laptop,Electronics,2,12563.04,0,Pretoria,Mobile App
ORD-100353,2025-05-17,CUST-1048,Lerato Nkosi,Monitor,Electronics,3,3081.17,20,Cape Town,Online
ORD-100354,2025-04-28,CUST-1159,Naledi Ndlovu,Desk,Furniture,3,3564.84,20,Bloemfontein,Mobile App
ORD-100355,2025-12-04,CUST-1217,Anele Molefe,Kettle,Appliances,3,644.97,10,Pretoria,Mobile App
ORD-100356,2025-07-28,CUST-1321,Karabo Mokoena,Kettle,Appliances,3,646.1,10,Pretoria,Store
ORD-100357,2025-04-19,CUST-1162,Lebo Nkosi,Tablet,Electronics,1,4754.62,0,Johannesburg,Mobile App
ORD-100358,2025-04-12,CUST-1009,Naledi Nkosi,Microwave,Appliances,2,2289.55,10,Bloemfontein,Store
ORD-100359,2025-11-17,CUST-1147,Thabo Dlamini,Smartphone,Electronics,3,6932.3,5,Bloemfontein,Online
ORD-100360,2025-01-20,CUST-1198,Tshepo Khumalo,Sneakers,Clothing,2,1012.24,10,Cape Town,Online
ORD-100361,2025-01-23,CUST-1245,Lebo Ndlovu,Coffee Maker,Appliances,5,1277.57,0,Pretoria,Mobile App
ORD-100362,2025-09-27,CUST-1290,Lerato Mokoena,Microwave,Appliances,1,2311.91,15,Durban,Mobile App
ORD-100363,2025-01-01,CUST-1112,Naledi Mahlangu,Headphones,Electronics,2,983.93,0,Bloemfontein,Mobile App
ORD-100364,2025-03-04,CUST-1275,Lebo Mahlangu,Microwave,Appliances,2,2362.83,10,Gqeberha,Online
ORD-100365,2025-12-28,CUST-1285,Thabo Khumalo,Smartphone,Electronics,2,6791.16,10,Durban,Online
ORD-100366,2025-06-05,CUST-1350,Sipho Mahlangu,Bookshelf,Furniture,3,2020.26,0,Gqeberha,Online
ORD-100367,2025-09-23,CUST-1235,Lebo Khumalo,Bookshelf,Furniture,1,1851.4,5,Johannesburg,Store
ORD-100368,2025-06-27,CUST-1365,Sipho Mokoena,Monitor,Electronics,2,3258.09,15,Pretoria,Store
ORD-100369,2025-02-03,CUST-1100,Anele Mahlangu,Laptop,Electronics,2,13072.82,10,Cape Town,Store
ORD-100370,2025-03-09,CUST-1321,Karabo Mokoena,Sneakers,Clothing,4,1161.78,0,Pretoria,Online
ORD-100371,2025-10-05,CUST-1021,Lebo Mahlangu,Office Chair,Furniture,2,2960.82,5,Johannesburg,Store
ORD-100372,2025-02-04,CUST-1047,Anele Mokoena,Jeans,Clothing,5,668.97,0,Durban,Mobile App
ORD-100373,2025-08-06,CUST-1390,Sipho Mahlangu,Desk,Furniture,4,3853.29,10,Durban,Mobile App
ORD-100374,2025-05-08,CUST-1214,Lebo Mahlangu,Office Chair,Furniture,1,2984.4,10,Cape Town,Store
ORD-100375,2025-05-16,CUST-1280,Lerato Ndlovu,Microwave,Appliances,4,2104.19,0,Johannesburg,Online
ORD-100376,2025-12-14,CUST-1272,Zanele Nkosi,Smartphone,Electronics,5,7630.57,10,Durban,Mobile App
ORD-100377,2025-08-10,CUST-1313,Ayanda Molefe,Sneakers,Clothing,1,1184.65,15,Pretoria,Mobile App
ORD-100378,2025-08-13,CUST-1111,Lerato Khumalo,Sneakers,Clothing,2,1123.3,15,Gqeberha,Online
ORD-100379,2025-05-08,CUST-1081,Karabo Mthembu,Office Chair,Furniture,1,2649.85,0,Gqeberha,Store
ORD-100380,2025-05-20,CUST-1020,Thabo Nkosi,Headphones,Electronics,2,990.7,0,Johannesburg,Online
ORD-100381,2025-09-08,CUST-1390,Sipho Mahlangu,Laptop,Electronics,1,13331.04,5,Gqeberha,Mobile App
ORD-100382,2025-01-15,CUST-1101,Lebo Khumalo,Kettle,Appliances,3,630.48,0,Durban,Mobile App
ORD-100383,2025-03-28,CUST-1259,Zanele Molefe,Kettle,Appliances,2,660.26,5,Johannesburg,Mobile App
ORD-100384,2025-08-08,CUST-1205,Naledi Ndlovu,Headphones,Electronics,2,932.59,0,Gqeberha,Store
ORD-100385,2025-08-16,CUST-1074,Naledi Molefe,Laptop,Electronics,1,11525.24,0,Cape Town,Store
ORD-100386,2025-02-03,CUST-1187,Thabo Mahlangu,Smartphone,Electronics,3,7500.44,10,Durban,Mobile App
ORD-100387,2025-10-15,CUST-1038,Sipho Khumalo,Smartphone,Electronics,2,7651.85,0,Durban,Online
ORD-100388,2025-07-18,CUST-1080,Tshepo Mokoena,Coffee Maker,Appliances,3,1453.79,15,Pretoria,Online
ORD-100389,2025-03-28,CUST-1063,Ayanda Khumalo,Microwave,Appliances,1,2038.47,0,Durban,Mobile App
ORD-100390,2025-10-02,CUST-1371,Karabo Khumalo,Tablet,Electronics,1,5111.72,10,Gqeberha,Mobile App
ORD-100391,2025-12-28,CUST-1256,Tshepo Mahlangu,Sneakers,Clothing,2,1157.2,5,Cape Town,Online
ORD-100392,2025-06-04,CUST-1417,Sipho Molefe,Tablet,Electronics,4,4534.27,15,Pretoria,Online
ORD-100393,2025-04-14,CUST-1197,Lebo Mokoena,office chair,Furniture,1,2836.72,15,Pretoria,Store
ORD-100394,2025-04-20,CUST-1091,Zanele Molefe,T-Shirt,Clothing,3,328.12,5,Bloemfontein,Store
ORD-100395,2025-08-05,CUST-1274,Naledi Nkosi,Jacket,Clothing,1,1263.46,10,Durban,Mobile App
ORD-100396,2025-01-18,CUST-1419,Karabo Khumalo,Microwave,Appliances,3,2169.8,0,Gqeberha,Online
ORD-100397,2025-06-26,CUST-1240,Tshepo Ndlovu,Laptop,Electronics,1,12831.36,10,Johannesburg,Mobile App
ORD-100398,2025-01-10,CUST-1009,Naledi Nkosi,Tablet,Electronics,2,4623.69,0,Bloemfontein,Online
ORD-100399,2025-01-15,CUST-1137,Anele Mahlangu,Monitor,Electronics,1,3428.19,5,Bloemfontein,Mobile App
ORD-100400,2025-06-06,CUST-1417,Sipho Molefe,Monitor,Electronics,1,3046.97,0,Durban,Store
ORD-100401,2025-09-30,CUST-1234,Sipho Mokoena,Kettle,Appliances,1,659.87,20,Johannesburg,Online
ORD-100402,2025-11-19,CUST-1429,Lerato Khumalo,Sneakers,Clothing,1,1045.73,5,Johannesburg,Mobile App
ORD-100403,2025-02-01,CUST-1230,Ayanda Mahlangu,Monitor,Electronics,2,3204.1,10,Durban,Online
ORD-100404,2025-03-31,CUST-1006,Ayanda Khumalo,Kettle,Appliances,5,680.95,5,Gqeberha,Store
ORD-100405,2025-06-03,CUST-1393,Zanele Dlamini,Bookshelf,Furniture,2,1942.08,0,Durban,Online
ORD-100406,2025-07-29,CUST-1344,Zanele Mokoena,Bookshelf,Furniture,4,1765.6,0,Bloemfontein,Online
ORD-100407,2025-12-27,CUST-1322,Tshepo Ndlovu,Desk,Furniture,2,3872.47,20,Johannesburg,Store
ORD-100408,2025-09-07,CUST-1437,Karabo Molefe,Tablet,Electronics,2,5054.27,15,Pretoria,Online
ORD-100409,2025-07-16,CUST-1089,Ayanda Mahlangu,Kettle,Appliances,1,677.61,0,Bloemfontein,Store
ORD-100410,2025-01-23,CUST-1408,Lerato Mahlangu,Laptop,Electronics,2,12830.62,15,Pretoria,Store
ORD-100411,2025-01-30,CUST-1105,Karabo Mahlangu,Tablet,Electronics,1,4892.83,5,Gqeberha,Online
ORD-100412,2025-02-25,CUST-1437,Karabo Molefe,Headphones,Electronics,4,880.93,0,Durban,Mobile App
ORD-100413,2025-08-30,CUST-1087,Thabo Dlamini,Monitor,Electronics,3,3007.73,5,Gqeberha,Online
ORD-100414,2025-05-01,CUST-1248,Zanele Khumalo,Smartphone,Electronics,2,7675.15,0,Johannesburg,Online
ORD-100415,2025-03-29,CUST-1356,Sipho Khumalo,Laptop,Electronics,2,12664.76,0,Pretoria,Mobile App
ORD-100416,2025-09-02,CUST-1036,Ayanda Mokoena,Jacket,Clothing,2,1299.18,10,Durban,Online
ORD-100417,2025-10-25,CUST-1031,Karabo Mokoena,Kettle,Appliances,2,656.34,0,Cape Town,Store
ORD-100418,2025-06-10,CUST-1383,Tshepo Khumalo,Smartphone,Electronics,2,7027.29,20,Durban,Mobile App
ORD-100419,2025-11-18,CUST-1028,Naledi Mahlangu,Monitor,Electronics,1,3437.57,10,Johannesburg,Online
ORD-100420,2025-09-25,CUST-1277,Naledi Mthembu,Bookshelf,Furniture,2,1792.15,15,Gqeberha,Mobile App
ORD-100421,2025-09-19,CUST-1423,Karabo Ndlovu,Microwave,Appliances,1,2183.95,10,Bloemfontein,Mobile App
ORD-100422,2025-11-13,CUST-1277,Naledi Mthembu,Jacket,Clothing,4,1178.22,20,Pretoria,Online
ORD-100423,2025-03-09,CUST-1217,Anele Molefe,Sneakers,Clothing,1,1134.84,5,Durban,Mobile App
ORD-100424,2025-10-04,CUST-1188,Thabo Molefe,T-Shirt,Clothing,1,327.31,10,Bloemfontein,Mobile App
ORD-100425,2025-12-16,CUST-1288,Naledi Khumalo,Desk,Furniture,4,3533.93,5,Bloemfontein,Online
ORD-100426,2025-12-29,CUST-1258,Anele Dlamini,Tablet,Electronics,5,4807.7,20,Bloemfontein,Online
ORD-100427,2025-07-30,CUST-1226,Lerato Nkosi,Coffee Maker,Appliances,2,1391.78,0,Johannesburg,Online
ORD-100428,2025-10-03,CUST-1070,Ayanda Nkosi,Coffee Maker,Appliances,2,1346.05,10,Cape Town,Online
ORD-100429,2025-11-21,CUST-1299,Thabo Mahlangu,Laptop,Electronics,3,R13156.2,15,Durban,mobile app
ORD-100430,2025-11-08,CUST-1333,Sipho Nkosi,Jacket,Clothing,1,1230.67,5,Gqeberha,Store
ORD-100431,2025-11-24,CUST-1319,Sipho Khumalo,Smartphone,Electronics,3,7756.05,20,Gqeberha,Online
ORD-100432,2025-10-31,CUST-1034,Lebo Dlamini,Sneakers,Clothing,1,1154.32,5,Bloemfontein,Store
ORD-100433,2025-05-20,CUST-1317,Anele Dlamini,Coffee Maker,Appliances,2,1432.24,0,Durban,Online
ORD-100434,2025-09-24,CUST-1329,Naledi Mokoena,Smartphone,Electronics,5,6965.17,10,Cape Town,Online
ORD-100435,2025-05-30,CUST-1083,Ayanda Mahlangu,Desk,Furniture,3,3321.58,5,Durban,Online
ORD-100436,2025-10-20,CUST-1383,Tshepo Khumalo,Smartphone,Electronics,5,7769.76,0,Gqeberha,Online
ORD-100437,2025-10-23,CUST-1236,Tshepo Dlamini,T-Shirt,Clothing,3,323.12,0,Durban,Online
ORD-100438,2025-12-08,CUST-1213,Lebo Molefe,Microwave,Appliances,2,2167.75,0,Gqeberha,Store
ORD-100439,2025-08-03,CUST-1326,Zanele Ndlovu,Smartphone,Electronics,3,6702.99,15,Bloemfontein,Mobile App
ORD-100440,2025-06-23,CUST-1230,Ayanda Mahlangu,Office Chair,Furniture,2,2945.82,20,Johannesburg,Online
ORD-100441,2025-03-02,CUST-1246,Zanele Molefe,Kettle,Appliances,2,681.04,10,Durban,Store
ORD-100442,2025-08-21,CUST-1141,Zanele Khumalo,Monitor,Electronics,1,3160.63,0,Pretoria,Mobile App
ORD-100443,2025-07-26,CUST-1418,Ayanda Mthembu,Smartphone,Electronics,2,7651.47,10,Pretoria,Store
ORD-100444,2025-07-07,CUST-1437,Karabo Molefe,Bookshelf,Furniture,1,1896.39,20,Johannesburg,Online
ORD-100445,2025-09-04,CUST-1059,Anele Mokoena,Bookshelf,Furniture,2,1904.69,15,Pretoria,Mobile App
ORD-100446,2025-11-07,CUST-1330,Lebo Mokoena,Jeans,Clothing,1,654.38,0,Durban,Mobile App
ORD-100447,2025-02-24,CUST-1011,Naledi Khumalo,Monitor,Electronics,2,3312.06,0,Bloemfontein,Online
ORD-100448,2025-06-07,CUST-1167,Sipho Mthembu,Kettle,Appliances,2,688.37,20,Johannesburg,Mobile App
ORD-100449,2025-09-21,CUST-1437,Karabo Molefe,Bookshelf,Furniture,2,1843.19,20,Cape Town,Store
ORD-100450,2025-10-27,CUST-1079,Sipho Nkosi,Monitor,Electronics,2,3384.39,0,Pretoria,Mobile App
ORD-100451,2025-10-12,CUST-1170,Thabo Mahlangu,Kettle,Appliances,1,627.23,15,Cape Town,Store
ORD-100452,2025-10-19,CUST-1099,Lerato Mahlangu,Microwave,Appliances,5,2326.81,0,Gqeberha,Mobile App
ORD-100453,2025-11-09,CUST-1328,Tshepo Khumalo,Bookshelf,Furniture,2,1769.5,0,Gqeberha,Store
ORD-100454,2025-12-18,CUST-1209,Naledi Khumalo,Laptop,Electronics,2,13247.33,15,Pretoria,Online
ORD-100455,2025-08-10,CUST-1267,Ayanda Mokoena,T-Shirt,Clothing,1,346.49,10,Durban,Store
ORD-100456,2025-04-01,CUST-1425,Naledi Mahlangu,T-Shirt,Clothing,3,351.48,5,Cape Town,Mobile App
ORD-100457,2025-07-25,CUST-1235,Lebo Khumalo,Tablet,Electronics,2,4466.32,20,Pretoria,Mobile App
ORD-100458,2025-09-17,CUST-1331,Zanele Dlamini,Jeans,Clothing,2,675.72,15,Pretoria,Mobile App
ORD-100459,2025-02-06,CUST-1045,Zanele Ndlovu,Coffee Maker,Appliances,1,1332.61,0,Cape Town,Online
ORD-100460,2025-10-04,CUST-1097,Lebo Khumalo,Smartphone,Electronics,3,7734.43,10,Pretoria,Mobile App
ORD-100461,2025-07-18,CUST-1427,Thabo Nkosi,Jacket,Clothing,5,1219.56,15,Pretoria,Online
ORD-100462,2025-12-08,CUST-1387,Lerato Mthembu,Tablet,Electronics,2,4868.32,10,Pretoria,Mobile App
ORD-100463,2025-03-19,CUST-1296,Tshepo Nkosi,Sneakers,Clothing,2,1063.07,25,Johannesburg,Mobile App
ORD-100464,2025-11-28,CUST-1171,Sipho Mokoena,Desk,Furniture,1,3502.3,10,Bloemfontein,Mobile App
ORD-100465,2025-06-13,CUST-1090,Thabo Nkosi,Laptop,Electronics,1,12263.47,0,Pretoria,Online
ORD-100466,2025-07-29,CUST-1384,Lebo Dlamini,Kettle,Appliances,3,695.36,0,Cape Town,Online
ORD-100467,2025-08-29,CUST-1354,Lerato Khumalo,Tablet,Electronics,5,5141.52,15,Gqeberha,Online
ORD-100468,2025-07-31,CUST-1109,Thabo Nkosi,T-Shirt,Clothing,6,336.95,25,Johannesburg,Mobile App
ORD-100469,2025-11-26,CUST-1266,Lebo Dlamini,Tablet,Electronics,3,4921.76,0,Johannesburg,Online
ORD-100470,2025-03-03,CUST-1279,Ayanda Nkosi,Microwave,Appliances,1,2232.42,0,Bloemfontein,Online
ORD-100471,2025-09-24,CUST-1215,Lebo Khumalo,Sneakers,Clothing,5,1165.9,15,Bloemfontein,Online
ORD-100472,2025-12-22,CUST-1418,Ayanda Mthembu,Coffee Maker,Appliances,1,1356.43,0,Johannesburg,Online
ORD-100473,2025-03-22,CUST-1056,Tshepo Mthembu,Desk,Furniture,1,3712.33,0,Bloemfontein,Mobile App
ORD-100474,2025-04-04,CUST-1117,Anele Ndlovu,Bookshelf,Furniture,4,2000.64,20,Johannesburg,Store
ORD-100475,2025-06-23,CUST-1043,Ayanda Mahlangu,Jeans,Clothing,1,670.53,15,Gqeberha,Online
ORD-100476,2025-09-22,CUST-1312,Ayanda Dlamini,Sneakers,Clothing,3,1165.76,20,Pretoria,Online
ORD-100477,2025-12-17,CUST-1290,Lerato Mokoena,Coffee Maker,Appliances,5,1377.83,10,Durban,Store
ORD-100478,2025-10-18,CUST-1445,Karabo Ndlovu,Laptop,Electronics,3,13491.56,0,Johannesburg,Store
ORD-100479,2025-10-17,CUST-1245,Lebo Ndlovu,Jeans,Clothing,3,705.46,20,Johannesburg,Mobile App
ORD-100480,2025-06-11,CUST-1068,Sipho Ndlovu,Smartphone,Electronics,2,7741.02,0,Johannesburg,Store
ORD-100481,2025-08-24,CUST-1203,Lebo Molefe,Monitor,Electronics,1,3351.65,0,Johannesburg,Store
ORD-100482,2025-03-19,CUST-1040,Sipho Mthembu,Coffee Maker,Appliances,3,1334.32,20,Johannesburg,Online
ORD-100483,2025-06-19,CUST-1302,Sipho Ndlovu,Headphones,Electronics,2,983.1,10,Bloemfontein,Mobile App
ORD-100484,2025-03-10,CUST-1304,Karabo Nkosi,Sneakers,Clothing,5,1032.54,20,Gqeberha,Online
ORD-100485,2025-01-10,CUST-1386,Zanele Nkosi,Desk,Furniture,1,3733.71,0,Pretoria,Online
ORD-100486,2025-11-09,CUST-1153,Ayanda Mthembu,Headphones,Electronics,2,979.02,25,Durban,Mobile App
ORD-100487,2025-10-21,CUST-1140,Tshepo Mokoena,Office Chair,Furniture,1,2734.3,10,Cape Town,Online
ORD-100488,2025-07-06,CUST-1033,Lerato Ndlovu,Bookshelf,Furniture,3,1861.4,10,Gqeberha,Store
ORD-100489,2025-01-06,CUST-1187,Thabo Mahlangu,Sneakers,Clothing,3,1118.84,20,Durban,Mobile App
ORD-100490,2025-02-02,CUST-1214,Lebo Mahlangu,Jeans,Clothing,5,740.52,5,Bloemfontein,Online
ORD-100491,2025-02-10,CUST-1340,Lerato Khumalo,Microwave,Appliances,2,2279.75,15,Durban,Online
ORD-100492,2025-09-19,CUST-1340,Lerato Khumalo,Microwave,Appliances,2,2319.2,10,Bloemfontein,Online
ORD-100493,2025-03-16,CUST-1064,Tshepo Mahlangu,Sneakers,Clothing,1,1109.01,15,Cape Town,Store
ORD-100494,2025-04-02,CUST-1129,Zanele Nkosi,Jeans,Clothing,1,680.57,20,Gqeberha,Mobile App
ORD-100495,2025-11-11,CUST-1231,Karabo Mokoena,Monitor,Electronics,1,2998.74,10,Cape Town,Online
ORD-100496,2025-11-16,CUST-1151,Lerato Dlamini,Desk,Furniture,2,3683.09,0,Cape Town,Store
ORD-100497,2025-10-06,CUST-1012,Naledi Mahlangu,Smartphone,Electronics,2,6928.67,0,Bloemfontein,Online
ORD-100498,2025-04-23,CUST-1381,Anele Mokoena,Office Chair,Furniture,1,2646.35,25,Cape Town,Mobile App
ORD-100499,2025-07-31,CUST-1330,Lebo Mokoena,Microwave,Appliances,2,2224.47,25,Pretoria,Online
ORD-100500,2025-03-15,CUST-1235,Lebo Khumalo,Desk,Furniture,3,3538.61,25,Johannesburg,Mobile App
ORD-100501,2025-11-10,CUST-1143,Zanele Khumalo,Smartphone,Electronics,1,7645.64,0,Cape Town,Online
ORD-100502,2025-01-31,CUST-1380,Ayanda Ndlovu,Jeans,Clothing,1,717.26,5,Pretoria,Online
ORD-100503,2025-09-29,CUST-1016,Zanele Khumalo,Kettle,Appliances,3,619.93,15,Pretoria,Mobile App
ORD-100504,2025-07-06,CUST-1201,Thabo Molefe,Microwave,Appliances,3,2339.11,15,Durban,Online
ORD-100505,2025-10-04,CUST-1361,Lebo Mthembu,Monitor,Electronics,3,3391.45,0,Gqeberha,Mobile App
ORD-100506,2025-06-14,CUST-1429,Lerato Khumalo,Desk,Furniture,1,3758.81,10,Gqeberha,Mobile App
ORD-100507,2025-02-27,CUST-1114,Tshepo Mahlangu,Bookshelf,Furniture,2,1902.2,0,Bloemfontein,Mobile App
ORD-100508,2025-10-02,CUST-1293,Ayanda Dlamini,Headphones,Electronics,4,904.45,5,Durban,Store
ORD-100509,2025-08-19,CUST-1086,Tshepo Nkosi,Monitor,Electronics,2,3107.1,0,Johannesburg,Mobile App
ORD-100510,2025-06-19,CUST-1053,Naledi Ndlovu,Headphones,Electronics,2,886.57,0,Cape Town,Store
ORD-100511,2025-05-17,CUST-1159,Naledi Ndlovu,Kettle,Appliances,5,678.44,0,Durban,Online
ORD-100512,2025-05-06,CUST-1399,Lebo Dlamini,Sneakers,Clothing,1,1054.32,20,Durban,Online
ORD-100513,2025-06-25,CUST-1311,Ayanda Molefe,Coffee Maker,Appliances,3,1396.14,15,Gqeberha,Online
ORD-100514,2025-04-06,CUST-1221,Karabo Khumalo,Coffee Maker,Appliances,5,1328.98,20,Johannesburg,Store
ORD-100515,2025-04-14,CUST-1128,Zanele Mahlangu,Kettle,Appliances,1,695.84,5,Durban,Mobile App
ORD-100516,2025-04-12,CUST-1064,Tshepo Mahlangu,Smartphone,Electronics,3,6837.44,5,Durban,Mobile App
ORD-100517,2025-01-05,CUST-1122,Anele Mahlangu,Microwave,Appliances,2,2321.36,5,Pretoria,Mobile App
ORD-100518,2025-12-05,CUST-1069,Lebo Mokoena,Laptop,Electronics,4,12533.81,10,Pretoria,Online
ORD-100519,2025-03-28,CUST-1085,Lerato Mokoena,Bookshelf,Furniture,4,1964.3,5,Johannesburg,Store
ORD-100520,2025-03-02,CUST-1310,Tshepo Ndlovu,T-Shirt,Clothing,4,339.35,15,Johannesburg,Online
ORD-100521,2025-02-25,CUST-1060,Sipho Dlamini,Office Chair,Furniture,?,2679.51,15,Cape Town,Store
ORD-100522,2025-12-27,CUST-1022,Karabo Mokoena,Tablet,Electronics,3,4502.25,20,Johannesburg,Store
ORD-100523,2025-06-24,CUST-1245,Lebo Ndlovu,Tablet,Electronics,4,5045.51,0,Gqeberha,Online
ORD-100524,2025-04-30,CUST-1129,Zanele Nkosi,Coffee Maker,Appliances,2,1259.71,5,Cape Town,Online
ORD-100525,2025-05-28,CUST-1205,Naledi Ndlovu,Monitor,Electronics,2,3127.25,0,Johannesburg,Mobile App
ORD-100526,2025-02-02,CUST-1063,Ayanda Khumalo,Monitor,Electronics,1,3268.75,0,Cape Town,Mobile App
ORD-100527,2025-04-25,CUST-1095,Karabo Mahlangu,Microwave,Appliances,4,2374.04,10,Gqeberha,Online
ORD-100528,2025-04-01,CUST-1199,Anele Dlamini,Tablet,Electronics,1,4949.62,10,Gqeberha,Store
ORD-100529,2025-10-21,CUST-1311,Ayanda Molefe,Microwave,Appliances,1,2197.7,15,Durban,Online
ORD-100530,2025-01-22,CUST-1187,Thabo Mahlangu,Microwave,Appliances,4,2144.56,0,Cape Town,Mobile App
ORD-100531,2025-06-05,CUST-1244,Sipho Molefe,T-Shirt,Clothing,4,356.76,25,Pretoria,Online
ORD-100532,2025-10-16,CUST-1235,Lebo Khumalo,Tablet,Electronics,6,4507.07,25,Cape Town,Store
ORD-100533,2025-11-01,CUST-1121,Sipho Dlamini,Tablet,Electronics,2,4983.86,5,Gqeberha,Store
ORD-100534,2025-07-07,CUST-1126,Ayanda Nkosi,Monitor,Electronics,1,2945.87,20,Cape Town,Online
ORD-100535,2025-03-23,CUST-1192,Zanele Nkosi,T-Shirt,Clothing,2,365.6,0,Durban,Mobile App
ORD-100536,2025-05-04,CUST-1015,Karabo Ndlovu,Tablet,Electronics,1,4424.0,15,Johannesburg,Store
ORD-100537,2025-03-23,CUST-1309,Karabo Mthembu,Desk,Furniture,5,3563.9,20,Bloemfontein,Store
ORD-100538,2025-08-30,CUST-1277,Naledi Mthembu,Smartphone,Electronics,3,6767.98,15,Durban,Store
ORD-100539,2025-04-17,CUST-1138,Anele Mokoena,T-Shirt,Clothing,3,375.03,15,Durban,Store
ORD-100540,2025-08-19,CUST-1169,Tshepo Dlamini,Laptop,Electronics,1,12174.71,5,Pretoria,Online
ORD-100541,2025-08-28,CUST-1148,Anele Dlamini,Jacket,Clothing,3,1161.48,15,Durban,Mobile App
ORD-100542,2025-12-10,CUST-1294,Lerato Khumalo,Laptop,Electronics,4,13451.0,10,Bloemfontein,Online
ORD-100543,2025-05-16,CUST-1342,Zanele Mahlangu,Tablet,Electronics,3,5107.72,0,Pretoria,Online
ORD-100544,2025-12-17,CUST-1049,Lerato Mokoena,Tablet,Electronics,1,4847.12,0,Pretoria,Mobile App
ORD-100545,2025-05-27,CUST-1186,Lebo Mokoena,Coffee Maker,Appliances,1,1319.56,15,Johannesburg,Store
ORD-100546,2025-09-06,CUST-1007,Karabo Khumalo,Laptop,Electronics,2,12755.08,10,Gqeberha,Online
ORD-100547,2025-08-30,CUST-1204,Lebo Dlamini,Desk,Furniture,1,3884.69,5,Johannesburg,Online
ORD-100548,2025-10-26,CUST-1112,Naledi Mahlangu,T-Shirt,Clothing,4,322.58,20,Cape Town,Mobile App
ORD-100549,2025-06-21,CUST-1152,Lebo Khumalo,Bookshelf,Furniture,2,1878.45,10,Cape Town,Store
ORD-100550,2025-10-17,CUST-1206,Thabo Mahlangu,Jacket,Clothing,1,1205.13,5,Gqeberha,Online
ORD-100551,2025-05-10,CUST-1146,Thabo Mthembu,Coffee Maker,Appliances,3,1299.15,5,Gqeberha,Store
ORD-100552,2025-06-29,CUST-1178,Zanele Nkosi,Office Chair,Furniture,1,2809.11,10,Pretoria,Store
ORD-100553,2025-07-02,CUST-1345,Anele Mahlangu,Coffee Maker,Appliances,1,1431.87,15,Bloemfontein,Mobile App
ORD-100554,2025-09-15,CUST-1365,Sipho Mokoena,Monitor,Electronics,2,3106.38,10,Durban,Mobile App
ORD-100555,2025-08-14,CUST-1003,Thabo Ndlovu,Kettle,Appliances,1,687.95,5,Pretoria,Mobile App
ORD-100556,2025-01-29,CUST-1171,Sipho Mokoena,Bookshelf,Furniture,2,1962.72,15,Gqeberha,Online
ORD-100557,2025-10-23,CUST-1382,Lebo Mthembu,Sneakers,Clothing,3,1046.36,10,Bloemfontein,Mobile App
ORD-100558,2025-10-04,CUST-1239,Zanele Mokoena,Microwave,Appliances,5,2202.48,15,Durban,Mobile App
ORD-100559,2025-02-08,CUST-1093,Lerato Ndlovu,Sneakers,Clothing,1,1138.82,0,Johannesburg,Online
ORD-100560,2025-12-18,CUST-1268,Tshepo Nkosi,Coffee Maker,Appliances,2,1325.11,15,Gqeberha,Mobile App
ORD-100561,2025-08-30,CUST-1066,Anele Mthembu,T-Shirt,Clothing,1,323.1,5,Cape Town,Mobile App
ORD-100562,2025-02-01,CUST-1010,Ayanda Khumalo,Laptop,Electronics,2,13457.56,0,Gqeberha,Online
ORD-100563,2025-06-29,CUST-1285,Thabo Khumalo,Bookshelf,Furniture,1,1830.69,10,Gqeberha,Store
ORD-100564,2025-11-02,CUST-1232,Zanele Dlamini,Tablet,Electronics,2,5064.01,15,Bloemfontein,Store
ORD-100565,2025-04-13,CUST-1341,Lebo Khumalo,Microwave,Appliances,1,2044.98,5,Cape Town,Online
ORD-100566,2025-12-07,CUST-1156,Anele Mokoena,Headphones,Electronics,4,931.14,15,Durban,Online
ORD-100567,2025-06-02,CUST-1385,Lebo Ndlovu,Headphones,Electronics,4,907.39,0,Durban,Mobile App
ORD-100568,2025-03-24,CUST-1190,Naledi Dlamini,Headphones,Electronics,1,878.09,0,Cape Town,Mobile App
ORD-100569,2025-05-11,CUST-1333,Sipho Nkosi,Jeans,Clothing,3,747.23,5,Cape Town,Store
ORD-100570,2025-07-11,CUST-1046,Tshepo Nkosi,T-Shirt,Clothing,1,357.02,5,Gqeberha,Online
ORD-100571,2025-09-09,CUST-1044,Thabo Dlamini,Kettle,Appliances,3,657.11,10,Cape Town,Store
ORD-100572,2025-12-05,CUST-1353,Lerato Khumalo,Desk,Furniture,1,3443.93,20,Cape Town,Store
ORD-100573,2025-03-13,CUST-1376,Ayanda Mthembu,Monitor,Electronics,1,2944.61,15,Bloemfontein,Online
ORD-100574,2025-12-17,CUST-1425,Naledi Mahlangu,Laptop,Electronics,3,12812.08,0,Durban,Store
ORD-100575,2025-07-12,CUST-1147,Thabo Dlamini,Laptop,Electronics,2,11791.28,5,Bloemfontein,Online
ORD-100576,2025-02-16,CUST-1011,Naledi Khumalo,Office Chair,Furniture,2,2697.16,0,Pretoria,Store
ORD-100577,2025-12-05,CUST-1441,Thabo Khumalo,Microwave,Appliances,2,2212.16,10,Cape Town,Online
ORD-100578,2025-05-08,CUST-1271,Ayanda Dlamini,Bookshelf,Furniture,1,1934.56,0,Pretoria,Mobile App
ORD-100579,2025-08-15,CUST-1112,Naledi Mahlangu,Microwave,Appliances,?,2229.87,5,Gqeberha,Store
ORD-100580,2025-09-12,CUST-1344,Zanele Mokoena,Smartphone,Electronics,2,7341.27,15,Bloemfontein,Mobile App
ORD-100581,2025-01-05,CUST-1407,Lebo Khumalo,Smartphone,Electronics,2,7713.79,10,Cape Town,Online
ORD-100582,2025-03-22,CUST-1129,Zanele Nkosi,Coffee Maker,Appliances,1,1286.28,0,Bloemfontein,Online
ORD-100583,2025-09-08,CUST-1347,Lerato Ndlovu,Smartphone,Electronics,1,7513.75,0,Johannesburg,Online
ORD-100584,2025-04-29,CUST-1355,Anele Molefe,Laptop,Electronics,2,13305.27,10,Johannesburg,Online
ORD-100585,2025-01-04,CUST-1226,Lerato Nkosi,Desk,Furniture,2,3659.07,10,Gqeberha,Online
ORD-100586,2025-01-09,CUST-1285,Thabo Khumalo,Microwave,Appliances,3,2189.64,0,Cape Town,Store
ORD-100587,2025-10-29,CUST-1122,Anele Mahlangu,Jacket,Clothing,3,1299.78,20,Bloemfontein,Store
ORD-100588,2025-02-26,CUST-1419,Karabo Khumalo,Smartphone,Electronics,2,7109.25,5,Pretoria,Mobile App
ORD-100589,2025-02-06,CUST-1443,Zanele Mahlangu,Coffee Maker,Appliances,2,1441.97,5,Johannesburg,Mobile App
ORD-100590,2025-07-25,CUST-1442,Lebo Mokoena,Coffee Maker,Appliances,1,1401.13,0,Johannesburg,Store
ORD-100591,2025-02-13,CUST-1332,Lerato Nkosi,Coffee Maker,Appliances,1,1436.45,5,Cape Town,Store
ORD-100592,2025-08-27,CUST-1020,Thabo Nkosi,Microwave,Appliances,1,2351.46,0,Cape Town,Mobile App
ORD-100593,2025-07-18,CUST-1165,Naledi Mahlangu,Headphones,Electronics,3,896.84,0,Johannesburg,Online
ORD-100594,2025-08-25,CUST-1201,Thabo Molefe,Kettle,Appliances,1,675.05,10,Durban,Mobile App
ORD-100595,2025-06-29,CUST-1432,Lerato Nkosi,Monitor,Electronics,2,3252.27,5,Gqeberha,Mobile App
ORD-100596,2025-10-12,CUST-1247,Lebo Mahlangu,Coffee Maker,Appliances,2,1359.81,20,Durban,Store
ORD-100597,2025-08-24,CUST-1242,Ayanda Mahlangu,T-Shirt,Clothing,2,353.64,25,Gqeberha,Online
ORD-100598,2025-06-01,CUST-1067,Anele Ndlovu,Sneakers,Clothing,3,1113.95,0,Pretoria,Mobile App
ORD-100599,2025-01-06,CUST-1358,Thabo Nkosi,Jeans,Clothing,3,R644.48,0,Durban,Mobile App
ORD-100600,2025-04-10,CUST-1152,Lebo Khumalo,Jeans,Clothing,1,733.82,15,Durban,Online
ORD-100601,2025-02-17,CUST-1042,Sipho Mahlangu,Jeans,Clothing,4,738.85,25,Durban,Mobile App
ORD-100602,2025-01-06,CUST-1445,Karabo Ndlovu,Sneakers,Clothing,3,1098.42,20,Bloemfontein,Online
ORD-100603,2025-04-10,CUST-1086,Tshepo Nkosi,Sneakers,Clothing,1,1062.71,0,Johannesburg,Store
ORD-100604,2025-03-17,CUST-1008,Karabo Mokoena,Tablet,Electronics,3,4605.16,0,Pretoria,Online
ORD-100605,2025-01-29,CUST-1036,Ayanda Mokoena,Coffee Maker,Appliances,3,1443.06,0,Bloemfontein,Mobile App
ORD-100606,2025-04-25,CUST-1204,Lebo Dlamini,T-Shirt,Clothing,1,363.22,15,Johannesburg,Mobile App
ORD-100607,2025-07-04,CUST-1047,Anele Mokoena,Monitor,Electronics,5,2946.97,10,Pretoria,Online
ORD-100608,2025-03-07,CUST-1380,Ayanda Ndlovu,Bookshelf,Furniture,2,1948.02,5,Johannesburg,Store
ORD-100609,2025-04-10,CUST-1231,Karabo Mokoena,Kettle,Appliances,2,609.73,10,Cape Town,Mobile App
ORD-100610,2025-01-08,CUST-1146,Thabo Mthembu,Coffee Maker,Appliances,1,1252.17,0,Gqeberha,Store
ORD-100611,2025-01-19,CUST-1002,Thabo Mthembu,Coffee Maker,Appliances,1,1363.49,10,Cape Town,Store
ORD-100612,2025-02-27,CUST-1216,Naledi Mthembu,Desk,Furniture,2,3493.8,0,Gqeberha,Online
ORD-100613,2025-06-15,CUST-1069,Lebo Mokoena,Sneakers,Clothing,2,1168.46,10,Johannesburg,Mobile App
ORD-100614,2025-09-01,CUST-1441,Thabo Khumalo,Office Chair,Furniture,2,2791.93,15,Cape Town,Online
ORD-100615,2025-10-15,CUST-1131,Naledi Mokoena,Jacket,Clothing,3,1266.17,10,Gqeberha,Online
ORD-100616,2025-08-18,CUST-1214,Lebo Mahlangu,Jeans,Clothing,1,664.44,0,Gqeberha,Online
ORD-100617,2025-08-14,CUST-1009,Naledi Nkosi,Headphones,Electronics,3,901.25,15,Pretoria,Online
ORD-100618,2025-12-08,CUST-1059,Anele Mokoena,Headphones,Electronics,4,916.65,15,Bloemfontein,Mobile App
ORD-100619,2025-04-04,CUST-1094,Naledi Mokoena,Laptop,Electronics,3,12490.63,0,Durban,Store
ORD-100620,2025-10-19,CUST-1024,Tshepo Mokoena,Tablet,Electronics,3,4528.0,0,Cape Town,Mobile App
ORD-100621,2025-12-08,CUST-1327,Lerato Mokoena,Desk,Furniture,4,3343.58,10,Gqeberha,Online
ORD-100622,2025-07-27,CUST-1426,Zanele Nkosi,Bookshelf,Furniture,1,1936.93,0,Bloemfontein,Mobile App
ORD-100623,2025-11-03,CUST-1444,Thabo Mthembu,Tablet,Electronics,3,5031.29,0,Pretoria,Store
ORD-100624,2025-02-20,CUST-1120,Thabo Mahlangu,Desk,Furniture,5,3511.72,0,Durban,Online
ORD-100625,2025-11-17,CUST-1355,Anele Molefe,Jeans,Clothing,2,707.63,0,Cape Town,Store
ORD-100626,2025-07-25,CUST-1227,Sipho Ndlovu,Headphones,Electronics,1,923.87,5,Johannesburg,Online
ORD-100627,2025-03-22,CUST-1021,Lebo Mahlangu,Office Chair,Furniture,5,3000.85,10,Gqeberha,Online
ORD-100628,2025-01-23,CUST-1041,Lerato Nkosi,Office Chair,Furniture,1,2697.35,0,Cape Town,Mobile App
ORD-100629,2025-09-20,CUST-1247,Lebo Mahlangu,Bookshelf,Furniture,2,1971.55,15,Pretoria,Store
ORD-100630,2025-06-07,CUST-1191,Ayanda Ndlovu,Office Chair,Furniture,1,2872.04,0,Pretoria,Online
ORD-100631,2025-04-24,CUST-1004,Thabo Molefe,Sneakers,Clothing,2,1154.32,0,Durban,Online
ORD-100632,2025-05-23,CUST-1419,Karabo Khumalo,Monitor,Electronics,2,3433.58,0,Durban,Online
ORD-100633,2025-12-28,CUST-1329,Naledi Mokoena,Desk,Furniture,2,3672.21,15,Bloemfontein,Store
ORD-100634,2025-06-06,CUST-1227,Sipho Ndlovu,Office Chair,Furniture,5,2640.11,25,Pretoria,Store
ORD-100635,2025-01-29,CUST-1445,Karabo Ndlovu,Tablet,Electronics,2,5016.03,5,Durban,Online
ORD-100636,2025-04-13,CUST-1438,Lebo Mthembu,Jacket,Clothing,2,1342.57,0,Durban,Online
ORD-100637,2025-02-23,CUST-1439,Ayanda Mahlangu,Headphones,Electronics,4,969.26,0,Pretoria,Store
ORD-100638,2025-09-08,CUST-1117,Anele Ndlovu,Monitor,Electronics,3,3185.04,0,Gqeberha,Store
ORD-100639,2025-10-20,CUST-1397,Zanele Mokoena,Sneakers,Clothing,2,1142.87,20,Johannesburg,Store
ORD-100640,2025-11-03,CUST-1228,Lerato Mahlangu,Kettle,Appliances,1,656.24,0,Pretoria,Store
ORD-100641,2025-08-20,CUST-1327,Lerato Mokoena,Jacket,Clothing,3,1230.39,25,Bloemfontein,Online
ORD-100642,2025-10-08,CUST-1387,Lerato Mthembu,Microwave,Appliances,3,2080.21,10,Cape Town,Store
ORD-100643,2025-06-02,CUST-1074,Naledi Molefe,Coffee Maker,Appliances,2,1442.27,5,Cape Town,Online
ORD-100644,2025-08-18,CUST-1202,Lerato Dlamini,Bookshelf,Furniture,1,1913.39,20,Durban,Online
ORD-100645,2025-02-09,CUST-1059,Anele Mokoena,Sneakers,Clothing,3,1110.87,0,Gqeberha,Mobile App
ORD-100646,2025-07-16,CUST-1126,Ayanda Nkosi,Monitor,Electronics,2,3320.55,15,Bloemfontein,Mobile App
ORD-100647,2025-07-23,CUST-1187,Thabo Mahlangu,Desk,Furniture,2,3760.66,0,Cape Town,Online
ORD-100648,2025-01-12,CUST-1385,Lebo Ndlovu,T-Shirt,Clothing,4,350.54,20,Durban,Online
ORD-100649,2025-07-20,CUST-1389,Naledi Dlamini,Kettle,Appliances,3,693.81,5,Cape Town,Mobile App
ORD-100650,2025-09-21,CUST-1176,Sipho Mthembu,Coffee Maker,Appliances,2,1265.23,0,Johannesburg,Online
ORD-100651,2025-05-15,CUST-1149,Lerato Mokoena,Bookshelf,Furniture,2,1886.39,15,Gqeberha,Mobile App
ORD-100652,2025-07-18,CUST-1239,Zanele Mokoena,Jeans,Clothing,2,656.28,0,Bloemfontein,Store
ORD-100653,2025-04-15,CUST-1411,Lebo Dlamini,Headphones,Electronics,2,925.88,0,Gqeberha,Store
ORD-100654,2025-04-09,CUST-1440,Anele Dlamini,Coffee Maker,Appliances,3,1382.12,15,Johannesburg,Online
ORD-100655,2025-02-17,CUST-1103,Thabo Mthembu,T-Shirt,Clothing,3,366.01,5,Gqeberha,Online
ORD-100656,2025-04-30,CUST-1084,Zanele Molefe,Bookshelf,Furniture,3,1996.71,20,Durban,Online
ORD-100657,2025-10-21,CUST-1319,Sipho Khumalo,Sneakers,Clothing,2,1115.77,10,Pretoria,Store
ORD-100658,2025-12-08,CUST-1136,Sipho Molefe,Jeans,Clothing,1,712.3,10,Gqeberha,Online
ORD-100659,2025-08-21,CUST-1090,Thabo Nkosi,Smartphone,Electronics,3,7279.45,0,Pretoria,Online
ORD-100660,2025-08-16,CUST-1014,Anele Molefe,Monitor,Electronics,2,3135.72,0,Bloemfontein,Mobile App
ORD-100661,2025-08-13,CUST-1182,Karabo Ndlovu,Tablet,Electronics,1,4771.59,25,Cape Town,Store
ORD-100662,2025-06-23,CUST-1177,Lerato Mthembu,Sneakers,Clothing,1,1121.4,0,Pretoria,Store
ORD-100663,2025-06-04,CUST-1254,Zanele Mokoena,Laptop,Electronics,1,13234.15,5,Gqeberha,Store
ORD-100664,2025-08-15,CUST-1091,Zanele Molefe,Headphones,Electronics,5,1017.27,0,Gqeberha,Mobile App
ORD-100665,2025-10-14,CUST-1322,Tshepo Ndlovu,T-Shirt,Clothing,4,345.58,0,Cape Town,Store
ORD-100666,2025-06-01,CUST-1307,Sipho Mahlangu,Jacket,Clothing,2,1285.33,10,Johannesburg,Mobile App
ORD-100667,2025-07-26,CUST-1209,Naledi Khumalo,Bookshelf,Furniture,2,1804.5,15,Pretoria,Online
ORD-100668,2025-06-21,CUST-1082,Lerato Khumalo,Coffee Maker,Appliances,4,1273.59,15,Johannesburg,Mobile App
ORD-100669,2025-04-15,CUST-1229,Sipho Mokoena,Microwave,Appliances,2,2275.47,20,Gqeberha,Online
ORD-100670,2025-04-16,CUST-1304,Karabo Nkosi,Smartphone,Electronics,5,7242.48,0,Johannesburg,Mobile App
ORD-100671,2025-01-29,CUST-1168,Sipho Dlamini,Kettle,Appliances,1,696.49,5,Johannesburg,Online
ORD-100672,2025-06-10,CUST-1119,Lebo Ndlovu,Jeans,Clothing,1,678.08,0,Pretoria,Store
ORD-100673,2025-09-18,CUST-1228,Lerato Mahlangu,Jeans,Clothing,2,714.0,15,Cape Town,Online
ORD-100674,2025-09-08,CUST-1160,Anele Ndlovu,Smartphone,Electronics,1,6846.83,0,Cape Town,Mobile App
ORD-100675,2025-12-26,CUST-1181,Naledi Nkosi,Jeans,Clothing,2,704.71,10,Johannesburg,Online
ORD-100676,2025-01-15,CUST-1157,Tshepo Molefe,Jacket,Clothing,3,1227.69,0,Durban,Online
ORD-100677,2025-10-05,CUST-1137,Anele Mahlangu,T-Shirt,Clothing,1,342.31,15,Gqeberha,Store
ORD-100678,2025-10-18,CUST-1323,Naledi Ndlovu,Smartphone,Electronics,2,6753.15,15,Gqeberha,Online
ORD-100679,2025-06-09,CUST-1208,Thabo Nkosi,Bookshelf,Furniture,3,2016.01,20,Durban,Mobile App
ORD-100680,2025-04-14,CUST-1210,Anele Mokoena,Kettle,Appliances,3,598.27,0,Cape Town,Store
ORD-100681,2025-05-11,CUST-1294,Lerato Khumalo,Jacket,Clothing,2,1168.74,25,Gqeberha,Mobile App
ORD-100682,2025-09-07,CUST-1163,Tshepo Khumalo,Tablet,Electronics,1,5091.5,0,Pretoria,Store
ORD-100683,2025-11-11,CUST-1046,Tshepo Nkosi,Kettle,Appliances,2,661.77,0,Durban,Store
ORD-100684,2025-08-23,CUST-1384,Lebo Dlamini,Kettle,Appliances,2,623.94,0,Johannesburg,Store
ORD-100685,2025-07-07,CUST-1026,Naledi Mthembu,Tablet,Electronics,3,4518.69,0,,Mobile App
ORD-100686,2025-08-27,CUST-1258,Anele Dlamini,Coffee Maker,Appliances,2,1343.54,10,Johannesburg,Online
ORD-100687,2025-01-26,CUST-1120,Thabo Mahlangu,Desk,Furniture,1,3650.87,0,Gqeberha,Mobile App
ORD-100688,2025-08-10,CUST-1097,Lebo Khumalo,T-Shirt,Clothing,3,354.97,5,Johannesburg,Store
ORD-100689,2025-01-16,CUST-1019,Zanele Ndlovu,Desk,Furniture,2,3800.29,10,Bloemfontein,Online
ORD-100690,2025-12-17,CUST-1406,Lerato Mthembu,Sneakers,Clothing,1,1120.55,15,Cape Town,Store
ORD-100691,2025-11-21,CUST-1194,Ayanda Nkosi,Kettle,Appliances,2,618.13,10,Johannesburg,Mobile App
ORD-100692,2025-07-05,CUST-1155,Lebo Mthembu,Sneakers,Clothing,4,1083.07,10,Johannesburg,Store
ORD-100693,2025-05-17,CUST-1334,Lerato Mthembu,Microwave,Appliances,3,2083.49,0,Pretoria,Mobile App
ORD-100694,2025-09-25,CUST-1018,Anele Mthembu,Kettle,Appliances,2,687.03,15,Gqeberha,Online
ORD-100695,2025-08-21,CUST-1255,Ayanda Mokoena,Smartphone,Electronics,3,7275.75,0,Johannesburg,Online
ORD-100696,2025-09-15,CUST-1223,Lerato Nkosi,Headphones,Electronics,1,982.8,0,Cape Town,Store
ORD-100697,2025-07-08,CUST-1250,Karabo Ndlovu,Jacket,Clothing,2,1172.08,0,Pretoria,Store
ORD-100698,2025-03-28,CUST-1056,Tshepo Mthembu,T-Shirt,Clothing,2,373.0,10,Cape Town,Store
ORD-100699,2025-01-27,CUST-1429,Lerato Khumalo,Laptop,Electronics,1,11601.61,5,Gqeberha,Mobile App
ORD-100700,2025-04-14,CUST-1108,Thabo Mokoena,Smartphone,Electronics,1,6787.35,10,Gqeberha,Store
ORD-100701,2025-07-13,CUST-1306,Zanele Mahlangu,Bookshelf,Furniture,4,1913.58,0,Pretoria,Online
ORD-100702,2025-06-04,CUST-1337,Sipho Khumalo,Jeans,Clothing,1,663.87,5,Johannesburg,Online
ORD-100703,2025-07-04,CUST-1155,Lebo Mthembu,Tablet,Electronics,3,4469.73,5,Pretoria,Store
ORD-100704,2025-04-12,CUST-1059,Anele Mokoena,Tablet,Electronics,2,5062.67,0,Pretoria,Online
ORD-100705,2025-12-09,CUST-1134,Sipho Mthembu,Smartphone,Electronics,2,7431.11,5,Pretoria,Store
ORD-100706,2025-05-14,CUST-1364,Anele Mahlangu,T-Shirt,Clothing,1,323.97,10,Johannesburg,Store
ORD-100707,2025-11-05,CUST-1408,Lerato Mahlangu,Laptop,Electronics,1,12004.02,10,Durban,Store
ORD-100708,2025-05-23,CUST-1422,Ayanda Mokoena,T-Shirt,Clothing,1,341.56,0,Cape Town,Store
ORD-100709,2025-06-11,CUST-1102,Zanele Khumalo,Bookshelf,Furniture,2,2027.23,10,Pretoria,Online
ORD-100710,2025-08-09,CUST-1273,Sipho Mahlangu,Desk,Furniture,5,3853.35,0,Johannesburg,Online
ORD-100711,2025-04-07,CUST-1068,Sipho Ndlovu,Jacket,Clothing,4,1164.14,0,Gqeberha,Online
ORD-100712,2025-03-22,CUST-1320,Anele Mokoena,Bookshelf,Furniture,1,1995.73,0,Pretoria,Mobile App
ORD-100713,2025-05-19,CUST-1188,Thabo Molefe,Jacket,Clothing,1,1344.17,5,Johannesburg,Mobile App
ORD-100714,2025-10-21,CUST-1322,Tshepo Ndlovu,Sneakers,Clothing,1,1084.62,0,Bloemfontein,Mobile App
ORD-100715,2025-02-22,CUST-1309,Karabo Mthembu,Microwave,Appliances,5,2361.26,10,Cape Town,Mobile App
ORD-100716,2025-06-09,CUST-1447,Sipho Molefe,Sneakers,Clothing,1,1109.97,0,Bloemfontein,Mobile App
ORD-100717,2025-09-03,CUST-1220,Lerato Molefe,Bookshelf,Furniture,1,1802.43,15,Durban,Mobile App
ORD-100718,2025-09-15,CUST-1154,Lerato Mahlangu,Bookshelf,Furniture,2,2051.87,0,Cape Town,Store
ORD-100719,2025-06-08,CUST-1238,Naledi Molefe,Headphones,Electronics,2,903.78,10,Durban,Online
ORD-100720,2025-01-30,CUST-1074,Naledi Molefe,T-Shirt,Clothing,1,375.73,15,Johannesburg,Mobile App
ORD-100721,2025-01-06,CUST-1051,Lebo Nkosi,Tablet,Electronics,3,4990.99,5,Cape Town,Mobile App
ORD-100722,2025-06-21,CUST-1234,Sipho Mokoena,Microwave,Appliances,1,2201.2,0,Johannesburg,Mobile App
ORD-100723,2025-10-23,CUST-1372,Lebo Mahlangu,Coffee Maker,Appliances,1,1277.17,10,Pretoria,Online
ORD-100724,2025-01-11,CUST-1240,Tshepo Ndlovu,Smartphone,Electronics,2,7214.22,25,Bloemfontein,Online
ORD-100725,2025-11-20,CUST-1352,Karabo Ndlovu,Sneakers,Clothing,1,1088.12,25,Bloemfontein,Mobile App
ORD-100726,2025-09-04,CUST-1081,Karabo Mthembu,Smartphone,Electronics,5,6685.53,0,Gqeberha,Mobile App
ORD-100727,2025-01-03,CUST-1203,Lebo Molefe,Jacket,Clothing,3,1167.65,15,Cape Town,Mobile App
ORD-100728,2025-05-06,CUST-1276,Karabo Mahlangu,Smartphone,Electronics,3,6856.59,0,Durban,Mobile App
ORD-100729,2025-03-22,CUST-1157,Tshepo Molefe,Bookshelf,Furniture,1,1927.93,0,Durban,Store
ORD-100730,2025-12-13,CUST-1007,Karabo Khumalo,Jeans,Clothing,3,673.96,10,Cape Town,Online
ORD-100731,2025-07-22,CUST-1034,Lebo Dlamini,Jacket,Clothing,5,1220.68,5,Pretoria,Online
ORD-100732,2025-04-29,CUST-1418,Ayanda Mthembu,Desk,Furniture,1,3390.29,10,Gqeberha,Mobile App
ORD-100733,2025-04-12,CUST-1273,Sipho Mahlangu,Microwave,Appliances,6,2098.81,15,Gqeberha,Online
ORD-100734,2025-07-25,CUST-1120,Thabo Mahlangu,Sneakers,Clothing,2,1071.92,0,Bloemfontein,Store
ORD-100735,2025-01-02,CUST-1117,Anele Ndlovu,Headphones,Electronics,3,952.08,10,Durban,Store
ORD-100736,2025-04-04,CUST-1018,Anele Mthembu,Jacket,Clothing,1,1267.7,5,Durban,store
ORD-100737,2025-03-02,CUST-1426,Zanele Nkosi,Jacket,Clothing,2,1228.79,0,Bloemfontein,Online
ORD-100738,2025-08-15,CUST-1049,Lerato Mokoena,Office Chair,Furniture,2,2894.05,5,Pretoria,Online
ORD-100739,2025-09-02,CUST-1342,Zanele Mahlangu,Sneakers,Clothing,5,1161.53,25,Cape Town,Store
ORD-100740,2025-06-20,CUST-1109,Thabo Nkosi,Microwave,Appliances,4,2247.15,5,Johannesburg,Store
ORD-100741,2025-02-21,CUST-1152,Lebo Khumalo,Coffee Maker,Appliances,2,1442.57,0,Durban,Store
ORD-100742,2025-05-16,CUST-1124,Lebo Nkosi,Sneakers,Clothing,4,1087.15,10,Cape Town,Mobile App
ORD-100743,2025-11-04,CUST-1372,Lebo Mahlangu,Jeans,Clothing,4,711.75,25,Johannesburg,Store
ORD-100744,2025-03-16,CUST-1015,Karabo Ndlovu,Monitor,Electronics,2,3078.22,20,Pretoria,Online
ORD-100745,2025-03-01,CUST-1159,Naledi Ndlovu,Sneakers,Clothing,1,1153.05,10,Gqeberha,Online
ORD-100746,2025-02-10,CUST-1126,Ayanda Nkosi,Office Chair,Furniture,1,2578.57,5,Durban,Online
ORD-100747,2025-10-26,CUST-1123,Tshepo Mokoena,Bookshelf,Furniture,1,2045.43,10,Bloemfontein,Store
ORD-100748,2025-02-13,CUST-1087,Thabo Dlamini,Monitor,Electronics,1,3194.38,15,Pretoria,Mobile App
ORD-100749,2025-08-01,CUST-1411,Lebo Dlamini,Monitor,Electronics,6,3124.06,20,Johannesburg,Mobile App
ORD-100750,2025-12-31,CUST-1171,Sipho Mokoena,Tablet,Electronics,1,4970.35,15,Pretoria,Store
ORD-100751,2025-08-23,CUST-1189,Tshepo Nkosi,Kettle,Appliances,3,678.56,5,Bloemfontein,Mobile App
ORD-100752,2025-05-31,CUST-1174,Naledi Molefe,Tablet,Electronics,2,4570.07,0,Pretoria,Online
ORD-100753,2025-03-17,CUST-1442,Lebo Mokoena,Smartphone,Electronics,2,7570.32,10,Bloemfontein,Store
ORD-100754,2025-01-01,CUST-1153,Ayanda Mthembu,Kettle,Appliances,1,654.62,0,Johannesburg,Online
ORD-100755,2025-02-26,CUST-1154,Lerato Mahlangu,T-Shirt,Clothing,2,369.14,0,Durban,Mobile App
ORD-100756,2025-12-14,CUST-1148,Anele Dlamini,Desk,Furniture,2,3861.14,5,Bloemfontein,Store
ORD-100757,2025-02-22,CUST-1148,Anele Dlamini,Sneakers,Clothing,2,1183.88,10,Gqeberha,Store
ORD-100758,2025-01-08,CUST-1041,Lerato Nkosi,Office Chair,Furniture,1,2854.4,20,Durban,Mobile App
ORD-100759,2025-10-25,CUST-1272,Zanele Nkosi,Smartphone,Electronics,4,7188.22,15,Johannesburg,Store
ORD-100760,2025-06-02,CUST-1012,Naledi Mahlangu,Jacket,Clothing,1,1194.66,20,Bloemfontein,Store
ORD-100761,2025-05-11,CUST-1102,Zanele Khumalo,Tablet,Electronics,2,4955.13,15,Cape Town,Online
ORD-100762,2025-09-19,CUST-1091,Zanele Molefe,t-shirt,Clothing,2,361.22,10,Pretoria,Online
ORD-100763,2025-07-10,CUST-1132,Zanele Ndlovu,Kettle,Appliances,1,626.27,0,Pretoria,Mobile App
ORD-100764,2025-11-30,CUST-1341,Lebo Khumalo,Kettle,Appliances,3,620.35,10,Cape Town,Mobile App
ORD-100765,2025-06-20,CUST-1270,Sipho Mahlangu,Office Chair,Furniture,1,3019.82,0,Johannesburg,Store
ORD-100766,2025-09-18,CUST-1446,Ayanda Molefe,Sneakers,Clothing,4,1082.65,0,Durban,Online
ORD-100767,2025-11-17,CUST-1159,Naledi Ndlovu,Jeans,Clothing,4,731.16,0,Durban,Online
ORD-100768,2025-06-19,CUST-1418,Ayanda Mthembu,Bookshelf,Furniture,1,2031.65,15,Durban,Mobile App
ORD-100769,2025-04-14,CUST-1021,Lebo Mahlangu,Tablet,Electronics,1,4510.01,15,Pretoria,Mobile App
ORD-100770,2025-12-22,CUST-1227,Sipho Ndlovu,Office Chair,Furniture,1,2784.76,25,Cape Town,Store
ORD-100771,2025-03-24,CUST-1360,Ayanda Mahlangu,Jeans,Clothing,5,664.11,25,Johannesburg,Mobile App
ORD-100772,2025-01-15,CUST-1240,Tshepo Ndlovu,Kettle,Appliances,2,615.33,20,Pretoria,Mobile App
ORD-100773,2025-07-31,CUST-1420,Zanele Mahlangu,Laptop,Electronics,1,12407.95,0,Johannesburg,Store
ORD-100774,2025-12-27,CUST-1142,Tshepo Nkosi,Jacket,Clothing,2,1334.36,20,Pretoria,Mobile App
ORD-100775,2025-02-01,CUST-1015,Karabo Ndlovu,Coffee Maker,Appliances,1,1358.82,15,Cape Town,Store
ORD-100776,2025-11-07,CUST-1349,Karabo Ndlovu,Kettle,Appliances,2,646.06,20,Bloemfontein,Store
ORD-100777,2025-10-31,CUST-1031,Karabo Mokoena,Desk,Furniture,2,3857.0,0,Johannesburg,Online
ORD-100778,2025-12-06,CUST-1345,Anele Mahlangu,Smartphone,Electronics,1,7095.57,0,Durban,Mobile App
ORD-100779,2025-06-03,CUST-1331,Zanele Dlamini,Monitor,Electronics,3,3130.54,20,Durban,Mobile App
ORD-100780,2025-04-03,CUST-1380,Ayanda Ndlovu,Coffee Maker,Appliances,1,1294.5,0,Johannesburg,Online
ORD-100781,2025-07-06,CUST-1216,Naledi Mthembu,Microwave,Appliances,2,2245.32,5,Johannesburg,Store
ORD-100782,2025-02-21,CUST-1403,Zanele Ndlovu,Jeans,Clothing,2,748.5,5,Pretoria,Store
ORD-100783,2025-11-04,CUST-1077,Karabo Ndlovu,Smartphone,Electronics,5,6780.2,0,Durban,Online
ORD-100784,2025-08-31,CUST-1196,Naledi Dlamini,Smartphone,Electronics,2,7076.98,0,Pretoria,Store
ORD-100785,2025-06-26,CUST-1055,Tshepo Nkosi,Bookshelf,Furniture,4,1831.45,25,Gqeberha,Store
ORD-100786,2025-07-08,CUST-1346,Karabo Khumalo,T-Shirt,Clothing,2,372.85,20,Gqeberha,Store
ORD-100787,2025-09-17,CUST-1322,Tshepo Ndlovu,Laptop,Electronics,5,12803.14,20,Gqeberha,Online
ORD-100788,2025-07-10,CUST-1363,Zanele Mthembu,Jacket,Clothing,1,1310.27,0,Johannesburg,Online
ORD-100789,2025-11-03,CUST-1344,Zanele Mokoena,T-Shirt,Clothing,3,354.47,0,Cape Town,Online
ORD-100790,2025-12-04,CUST-1139,Ayanda Mahlangu,Laptop,Electronics,1,11634.8,5,Durban,Online
ORD-100791,2025-12-13,CUST-1031,Karabo Mokoena,Smartphone,Electronics,5,6868.26,5,Cape Town,Mobile App
ORD-100792,2025-08-15,CUST-1419,Karabo Khumalo,Desk,Furniture,5,3465.31,0,Johannesburg,Mobile App
ORD-100793,2025-09-29,CUST-1222,Naledi Nkosi,Jacket,Clothing,2,1248.47,15,Gqeberha,Online
ORD-100794,2025-04-24,CUST-1043,Ayanda Mahlangu,Coffee Maker,Appliances,3,1326.53,25,Gqeberha,Online
ORD-100795,2025-01-14,CUST-1418,Ayanda Mthembu,Desk,Furniture,2,3792.2,5,Cape Town,Online
ORD-100796,2025-05-27,CUST-1448,Thabo Khumalo,Monitor,Electronics,1,3391.25,5,Durban,Online
ORD-100797,2025-11-15,CUST-1201,Thabo Molefe,Kettle,Appliances,3,629.16,5,Pretoria,Online
ORD-100798,2025-02-18,CUST-1347,Lerato Ndlovu,Desk,Furniture,3,3706.71,0,Pretoria,Store
ORD-100799,2025-07-19,CUST-1017,Anele Mokoena,Monitor,Electronics,2,3424.94,0,Cape Town,Store
ORD-100800,2025-03-12,CUST-1042,Sipho Mahlangu,Desk,Furniture,1,3335.47,5,Johannesburg,Mobile App
ORD-100801,2025-06-06,CUST-1125,Tshepo Mahlangu,Laptop,Electronics,4,12659.0,5,Pretoria,Mobile App
ORD-100802,2025-02-22,CUST-1296,Tshepo Nkosi,Monitor,Electronics,1,3162.18,10,Pretoria,Mobile App
ORD-100803,2025-09-26,CUST-1061,Zanele Nkosi,Bookshelf,Furniture,2,1800.0,20,Durban,Mobile App
ORD-100804,2025-10-23,CUST-1016,Zanele Khumalo,Microwave,Appliances,1,2085.12,0,Bloemfontein,Mobile App
ORD-100805,2025-10-04,CUST-1301,Naledi Nkosi,Sneakers,Clothing,1,1049.39,0,Gqeberha,Mobile App
ORD-100806,2025-09-15,CUST-1347,Lerato Ndlovu,Sneakers,Clothing,1,1163.58,0,Pretoria,Mobile App
ORD-100807,2025-03-27,CUST-1333,Sipho Nkosi,T-Shirt,Clothing,1,348.64,0,Pretoria,Store
ORD-100808,2025-07-13,CUST-1360,Ayanda Mahlangu,Smartphone,Electronics,2,7584.53,10,Bloemfontein,Store
ORD-100809,2025-02-08,CUST-1362,Thabo Molefe,Office Chair,Furniture,2,2854.33,15,Cape Town,Online
ORD-100810,2025-05-17,CUST-1272,Zanele Nkosi,Kettle,Appliances,3,644.4,20,Gqeberha,Store
ORD-100811,2025-07-04,CUST-1234,Sipho Mokoena,Laptop,Electronics,3,12830.64,10,Bloemfontein,Online
ORD-100812,2025-09-02,CUST-1386,Zanele Nkosi,Microwave,Appliances,1,2166.82,5,Durban,Mobile App
ORD-100813,2025-02-05,CUST-1157,Tshepo Molefe,Jacket,Clothing,1,1259.29,0,Durban,Mobile App
ORD-100814,2025-10-24,CUST-1045,Zanele Ndlovu,Monitor,Electronics,2,3063.05,5,Johannesburg,Store
ORD-100815,2025-06-17,CUST-1339,Thabo Nkosi,Sneakers,Clothing,2,1100.07,0,Cape Town,Store
ORD-100816,2025-11-18,CUST-1125,Tshepo Mahlangu,Coffee Maker,Appliances,2,1389.85,20,Johannesburg,Online
ORD-100817,2025-07-12,CUST-1441,Thabo Khumalo,Laptop,Electronics,1,12538.8,5,Bloemfontein,Online
ORD-100818,2025-07-19,CUST-1187,Thabo Mahlangu,Smartphone,Electronics,3,7348.84,0,Bloemfontein,Mobile App
ORD-100819,2025-09-10,CUST-1384,Lebo Dlamini,Jeans,Clothing,1,646.24,0,Pretoria,Store
ORD-100820,2025-10-27,CUST-1020,Thabo Nkosi,Kettle,Appliances,2,649.24,0,Pretoria,Mobile App
ORD-100821,2025-02-27,CUST-1297,Zanele Ndlovu,Laptop,Electronics,2,11649.44,20,Johannesburg,Store
ORD-100822,2025-07-06,CUST-1202,Lerato Dlamini,Jeans,Clothing,2,731.97,0,Durban,Store
ORD-100823,2025-01-11,CUST-1209,Naledi Khumalo,Tablet,Electronics,2,4991.88,0,Gqeberha,Store
ORD-100824,2025-06-23,CUST-1120,Thabo Mahlangu,Jeans,Clothing,3,747.05,0,Pretoria,Online
ORD-100825,2025-10-24,CUST-1438,Lebo Mthembu,Jeans,Clothing,1,654.21,15,Bloemfontein,Store
ORD-100826,2025-11-12,CUST-1177,Lerato Mthembu,Smartphone,Electronics,2,7166.39,5,Johannesburg,Store
ORD-100827,2025-04-14,CUST-1383,Tshepo Khumalo,Jacket,Clothing,1,1195.81,10,Gqeberha,Online
ORD-100828,2025-05-22,CUST-1192,Zanele Nkosi,Microwave,Appliances,3,2287.69,5,Johannesburg,Online
ORD-100829,2025-07-21,CUST-1022,Karabo Mokoena,Coffee Maker,Appliances,1,1399.1,0,Cape Town,Store
ORD-100830,2025-05-25,CUST-1396,Tshepo Dlamini,Laptop,Electronics,2,11666.65,20,Bloemfontein,Mobile App
ORD-100831,2025-03-06,CUST-1084,Zanele Molefe,Headphones,Electronics,3,1007.69,0,Gqeberha,Mobile App
ORD-100832,2025-04-22,CUST-1122,Anele Mahlangu,Headphones,Electronics,1,875.35,0,Johannesburg,Store
ORD-100833,2025-05-28,CUST-1388,Ayanda Dlamini,Desk,Furniture,1,3838.08,10,Bloemfontein,Store
ORD-100834,2025-07-09,CUST-1403,Zanele Ndlovu,Tablet,Electronics,3,4638.97,0,Johannesburg,Online
ORD-100835,2025-12-03,CUST-1413,Anele Molefe,Coffee Maker,Appliances,3,1389.95,0,Pretoria,Mobile App
ORD-100836,2025-07-18,CUST-1192,Zanele Nkosi,Sneakers,Clothing,5,1172.61,15,Gqeberha,Mobile App
ORD-100837,2025-05-22,CUST-1341,Lebo Khumalo,Coffee Maker,Appliances,1,1315.28,5,Pretoria,Store
ORD-100838,2025-08-30,CUST-1148,Anele Dlamini,Tablet,Electronics,2,4493.97,0,Pretoria,Online
ORD-100839,2025-10-10,CUST-1334,Lerato Mthembu,Laptop,Electronics,3,11642.94,0,Pretoria,Mobile App
ORD-100840,2025-06-07,CUST-1227,Sipho Ndlovu,Microwave,Appliances,2,2077.66,15,Pretoria,Store
ORD-100841,2025-06-28,CUST-1024,Tshepo Mokoena,Monitor,Electronics,3,3165.73,0,Pretoria,Online
ORD-100842,2025-03-21,CUST-1188,Thabo Molefe,Jeans,Clothing,1,704.23,0,Cape Town,Online
ORD-100843,2025-11-12,CUST-1211,Thabo Mthembu,Microwave,Appliances,4,2157.81,10,Cape Town,Store
ORD-100844,2025-11-13,CUST-1116,Thabo Mokoena,Laptop,Electronics,2,13106.61,10,Pretoria,Mobile App
ORD-100845,2025-03-05,CUST-1169,Tshepo Dlamini,Laptop,Electronics,2,13199.52,25,Johannesburg,Store
ORD-100846,2025-05-07,CUST-1227,Sipho Ndlovu,Laptop,Electronics,2,11781.81,5,Durban,Store
ORD-100847,2025-04-10,CUST-1023,Zanele Nkosi,Tablet,Electronics,1,5155.63,0,Johannesburg,Online
ORD-100848,2025-12-03,CUST-1069,Lebo Mokoena,Laptop,Electronics,1,11849.51,10,Durban,Mobile App
ORD-100849,2025-01-24,CUST-1346,Karabo Khumalo,Coffee Maker,Appliances,3,1447.18,10,Johannesburg,Online
ORD-100850,2025-03-17,CUST-1159,Naledi Ndlovu,Jeans,Clothing,2,730.18,0,Cape Town,Store
ORD-100851,2025-04-25,CUST-1274,Naledi Nkosi,Kettle,Appliances,2,649.19,10,Bloemfontein,Store
ORD-100852,2025-07-24,CUST-1255,Ayanda Mokoena,Coffee Maker,Appliances,1,1451.17,0,Pretoria,Online
ORD-100853,2025-04-01,CUST-1249,Naledi Nkosi,Kettle,Appliances,3,678.4,20,Bloemfontein,Online
ORD-100854,2025-07-15,CUST-1187,Thabo Mahlangu,Headphones,Electronics,3,969.55,15,Gqeberha,Store
ORD-100855,2025-09-30,CUST-1218,Tshepo Dlamini,Monitor,Electronics,1,3329.9,5,Pretoria,Mobile App
ORD-100856,2025-10-30,CUST-1371,Karabo Khumalo,Coffee Maker,Appliances,5,1404.83,25,Johannesburg,Mobile App
ORD-100857,2025-02-06,CUST-1435,Zanele Mokoena,Headphones,Electronics,3,912.58,25,Johannesburg,Mobile App
ORD-100858,2025-02-20,CUST-1116,Thabo Mokoena,Laptop,Electronics,2,12436.82,0,Johannesburg,Store
ORD-100859,2025-02-04,CUST-1302,Sipho Ndlovu,Jacket,Clothing,5,1250.38,5,Cape Town,Store
ORD-100860,2025-11-29,CUST-1437,Karabo Molefe,Coffee Maker,Appliances,1,1370.23,10,Johannesburg,Store
ORD-100861,2025-08-27,CUST-1004,Thabo Molefe,Kettle,Appliances,4,622.95,0,Johannesburg,Mobile App
ORD-100862,2025-07-13,CUST-1354,Lerato Khumalo,Microwave,Appliances,3,2350.6,5,Gqeberha,Store
ORD-100863,2025-10-16,CUST-1224,Zanele Ndlovu,Smartphone,Electronics,2,7732.39,0,Bloemfontein,Store
ORD-100864,2025-08-02,CUST-1436,Sipho Dlamini,Sneakers,Clothing,1,1080.18,25,Durban,Mobile App
ORD-100865,2025-03-27,CUST-1261,Ayanda Khumalo,Coffee Maker,Appliances,1,1378.71,5,Gqeberha,Mobile App
ORD-100866,2025-07-06,CUST-1378,Thabo Khumalo,Jacket,Clothing,3,1232.55,15,Durban,Store
ORD-100867,2025-09-14,CUST-1075,Lebo Khumalo,Coffee Maker,Appliances,1,1259.99,5,Johannesburg,Mobile App
ORD-100868,2025-01-14,CUST-1064,Tshepo Mahlangu,Coffee Maker,Appliances,1,1291.24,0,Gqeberha,Store
ORD-100869,2025-08-10,CUST-1417,Sipho Molefe,Desk,Furniture,2,3378.02,20,Durban,Store
ORD-100870,2025-07-01,CUST-1237,Zanele Nkosi,Laptop,Electronics,3,12281.75,0,Pretoria,Mobile App
ORD-100871,2025-01-26,CUST-1252,Zanele Khumalo,Desk,Furniture,1,3616.35,0,Cape Town,Online
ORD-100872,2025-04-07,CUST-1077,Karabo Ndlovu,Headphones,Electronics,3,875.63,5,Pretoria,Online
ORD-100873,2025-06-13,CUST-1103,Thabo Mthembu,Smartphone,Electronics,4,7458.45,10,Cape Town,Mobile App
ORD-100874,2025-05-06,CUST-1369,Tshepo Mahlangu,Smartphone,Electronics,3,7017.22,0,Johannesburg,Store
ORD-100875,2025-04-16,CUST-1137,Anele Mahlangu,Jacket,Clothing,3,1198.0,0,Gqeberha,Mobile App
ORD-100876,2025-08-25,CUST-1263,Lebo Nkosi,Bookshelf,Furniture,3,2041.42,0,Gqeberha,Mobile App
ORD-100877,2025-05-28,CUST-1143,Zanele Khumalo,T-Shirt,Clothing,1,326.98,0,Cape Town,Store
ORD-100878,2025-07-01,CUST-1119,Lebo Ndlovu,Sneakers,Clothing,1,1186.33,0,Johannesburg,Online
ORD-100879,2025-10-19,CUST-1075,Lebo Khumalo,T-Shirt,Clothing,4,359.55,10,Bloemfontein,Mobile App
ORD-100880,2025-02-04,CUST-1419,Karabo Khumalo,Jeans,Clothing,2,730.6,0,Durban,Store
ORD-100881,2025-05-12,CUST-1424,Naledi Mokoena,Smartphone,Electronics,3,7207.72,0,Cape Town,Mobile App
ORD-100882,2025-01-27,CUST-1052,Lebo Molefe,Coffee Maker,Appliances,5,1327.26,10,Durban,Mobile App
ORD-100883,2025-12-05,CUST-1159,Naledi Ndlovu,Desk,Furniture,1,3560.29,15,Bloemfontein,Mobile App
ORD-100884,2025-03-09,CUST-1254,Zanele Mokoena,Tablet,Electronics,1,5119.27,0,Cape Town,Store
ORD-100885,2025-10-27,CUST-1173,Ayanda Mokoena,Coffee Maker,Appliances,2,1308.93,0,Durban,Online
ORD-100886,2025-03-11,CUST-1325,Thabo Nkosi,Sneakers,Clothing,1,1154.43,0,Johannesburg,Store
ORD-100887,2025-04-29,CUST-1118,Karabo Mokoena,Laptop,Electronics,2,12026.09,25,Durban,Mobile App
ORD-100888,2025-08-11,CUST-1027,Thabo Mokoena,Tablet,Electronics,3,5122.79,0,Pretoria,Mobile App
ORD-100889,2025-10-31,CUST-1152,Lebo Khumalo,Laptop,Electronics,2,12703.04,0,Gqeberha,Mobile App
ORD-100890,2025-03-06,CUST-1270,Sipho Mahlangu,Monitor,Electronics,1,3391.9,5,Pretoria,Online
ORD-100891,2025-03-19,CUST-1082,Lerato Khumalo,Smartphone,Electronics,3,7754.23,0,Durban,Store
ORD-100892,2025-11-18,CUST-1368,Lerato Mahlangu,Jacket,Clothing,1,1334.01,0,Durban,Mobile App
ORD-100893,2025-04-28,CUST-1006,Ayanda Khumalo,Bookshelf,Furniture,4,1944.86,0,Gqeberha,Online
ORD-100894,2025-03-18,CUST-1031,Karabo Mokoena,Kettle,Appliances,1,600.81,10,Bloemfontein,Online
ORD-100895,2025-09-29,CUST-1229,Sipho Mokoena,Sneakers,Clothing,4,1132.7,10,Gqeberha,Mobile App
ORD-100896,2025-02-03,CUST-1231,Karabo Mokoena,Jeans,Clothing,2,644.26,10,Bloemfontein,Online
ORD-100897,2025-11-13,CUST-1133,Tshepo Khumalo,Bookshelf,Furniture,3,1952.61,15,Johannesburg,Online
ORD-100898,2025-11-16,CUST-1117,Anele Ndlovu,Laptop,Electronics,2,11783.41,0,Cape Town,Online
ORD-100899,2025-11-09,CUST-1032,Naledi Molefe,Smartphone,Electronics,1,7358.84,20,Bloemfontein,Store
ORD-100900,2025-04-18,CUST-1299,Thabo Mahlangu,Jeans,Clothing,2,740.16,15,Durban,Online
ORD-100901,2025-02-11,CUST-1171,Sipho Mokoena,Laptop,Electronics,4,11773.44,15,Durban,Mobile App
ORD-100902,2025-06-05,CUST-1054,Karabo Mahlangu,Laptop,Electronics,4,13476.37,15,Gqeberha,Store
ORD-100903,2025-05-03,CUST-1180,Anele Dlamini,Headphones,Electronics,1,1005.53,5,Pretoria,Mobile App
ORD-100904,2025-12-17,CUST-1422,Ayanda Mokoena,Microwave,Appliances,3,2344.88,0,Cape Town,Store
ORD-100905,2025-08-19,CUST-1118,Karabo Mokoena,Desk,Furniture,4,3370.35,5,Pretoria,Online
ORD-100906,2025-12-11,CUST-1403,Zanele Ndlovu,Jacket,Clothing,3,1302.64,0,Cape Town,Mobile App
ORD-100907,2025-10-02,CUST-1117,Anele Ndlovu,Desk,Furniture,2,3575.24,5,Johannesburg,Online
ORD-100908,2025-09-18,CUST-1084,Zanele Molefe,Tablet,Electronics,1,4467.23,0,Bloemfontein,Store
ORD-100909,2025-02-10,CUST-1118,Karabo Mokoena,Office Chair,Furniture,4,2987.54,0,Durban,Store
ORD-100910,2025-01-26,CUST-1146,Thabo Mthembu,Smartphone,Electronics,2,7373.51,20,Bloemfontein,Store
ORD-100911,2025-01-17,CUST-1055,Tshepo Nkosi,Sneakers,Clothing,1,1168.6,10,Pretoria,Mobile App
ORD-100912,2025-08-05,CUST-1265,Lerato Molefe,Tablet,Electronics,3,4569.1,10,Bloemfontein,Mobile App
ORD-100913,2025-03-15,CUST-1151,Lerato Dlamini,Office Chair,Furniture,1,2955.68,0,Johannesburg,Mobile App
ORD-100914,2025-12-28,CUST-1324,Thabo Khumalo,Kettle,Appliances,3,659.35,10,Johannesburg,Online
ORD-100915,2025-02-18,CUST-1221,Karabo Khumalo,T-Shirt,Clothing,1,353.26,20,Johannesburg,Store
ORD-100916,2025-12-12,CUST-1200,Anele Mthembu,Desk,Furniture,3,3468.95,10,Gqeberha,Mobile App
ORD-100917,2025-09-01,CUST-1212,Sipho Molefe,T-Shirt,Clothing,5,334.84,10,Bloemfontein,Mobile App
ORD-100918,2025-02-08,CUST-1071,Thabo Mthembu,Sneakers,Clothing,5,1086.83,5,Bloemfontein,Online
ORD-100919,2025-01-22,CUST-1321,Karabo Mokoena,Headphones,Electronics,4,956.58,0,Pretoria,Store
ORD-100920,2025-05-25,CUST-1047,Anele Mokoena,Jeans,Clothing,4,741.37,10,Pretoria,Store
ORD-100921,2025-05-04,CUST-1325,Thabo Nkosi,Microwave,Appliances,2,2057.13,25,Gqeberha,Mobile App
ORD-100922,2025-04-26,CUST-1450,Karabo Khumalo,T-Shirt,Clothing,5,353.66,5,Durban,Online
ORD-100923,2025-07-12,CUST-1344,Zanele Mokoena,Desk,Furniture,4,3829.74,5,Durban,Online
ORD-100924,2025-02-17,CUST-1205,Naledi Ndlovu,Tablet,Electronics,2,4490.87,5,Bloemfontein,Store
ORD-100925,2025-02-17,CUST-1142,Tshepo Nkosi,Headphones,Electronics,2,968.98,5,Pretoria,Store
ORD-100926,2025-09-11,CUST-1393,Zanele Dlamini,Kettle,Appliances,1,694.62,25,Bloemfontein,Online
ORD-100927,2025-12-28,CUST-1116,Thabo Mokoena,T-Shirt,Clothing,2,377.45,10,Pretoria,Online
ORD-100928,2025-04-10,CUST-1218,Tshepo Dlamini,Monitor,Electronics,3,3004.69,5,Johannesburg,Online
ORD-100929,2025-12-07,CUST-1347,Lerato Ndlovu,Desk,Furniture,2,3357.84,5,Bloemfontein,Store
ORD-100930,2025-05-06,CUST-1416,Anele Mokoena,T-Shirt,Clothing,2,370.46,5,Bloemfontein,Mobile App
ORD-100931,2025-05-03,CUST-1415,Lebo Mokoena,T-Shirt,Clothing,2,363.71,0,Bloemfontein,Online
ORD-100932,2025-02-02,CUST-1040,Sipho Mthembu,Jacket,Clothing,1,1323.14,5,Bloemfontein,Store
ORD-100933,2025-06-04,CUST-1405,Karabo Ndlovu,Headphones,Electronics,5,985.21,15,Pretoria,Mobile App
ORD-100934,2025-07-01,CUST-1052,Lebo Molefe,Jeans,Clothing,1,663.88,10,Bloemfontein,Store
ORD-100935,2025-08-31,CUST-1264,Thabo Dlamini,Desk,Furniture,1,3845.48,0,Durban,Online
ORD-100936,2025-02-27,CUST-1419,Karabo Khumalo,Kettle,Appliances,1,672.36,15,Pretoria,Mobile App
ORD-100937,2025-03-10,CUST-1295,Naledi Mthembu,Tablet,Electronics,4,4692.96,15,Johannesburg,Store
ORD-100938,2025-06-07,CUST-1427,Thabo Nkosi,Tablet,Electronics,4,4763.57,0,Johannesburg,Mobile App
ORD-100939,2025-01-26,CUST-1155,Lebo Mthembu,Desk,Furniture,1,3565.03,10,Bloemfontein,Store
ORD-100940,2025-02-22,CUST-1142,Tshepo Nkosi,Bookshelf,Furniture,1,1815.58,10,Bloemfontein,Mobile App
ORD-100941,2025-08-18,CUST-1147,Thabo Dlamini,Jacket,Clothing,2,1328.47,15,Gqeberha,Store
ORD-100942,2025-12-15,CUST-1160,Anele Ndlovu,Desk,Furniture,1,3865.28,0,Pretoria,Mobile App
ORD-100943,2025-07-29,CUST-1308,Anele Nkosi,Microwave,Appliances,3,2361.61,0,Gqeberha,Online
ORD-100944,2025-02-22,CUST-1204,Lebo Dlamini,Bookshelf,Furniture,1,1816.54,5,Cape Town,Mobile App
ORD-100945,2025-12-28,CUST-1332,Lerato Nkosi,Smartphone,Electronics,2,7107.7,0,Gqeberha,Store
ORD-100946,2025-07-10,CUST-1188,Thabo Molefe,Smartphone,Electronics,2,7492.99,5,Cape Town,Store
ORD-100947,2025-09-19,CUST-1139,Ayanda Mahlangu,Kettle,Appliances,3,633.78,15,Bloemfontein,Store
ORD-100948,2025-03-13,CUST-1086,Tshepo Nkosi,Tablet,Electronics,2,4729.64,0,Pretoria,Online
ORD-100949,2025-07-31,CUST-1248,Zanele Khumalo,Kettle,Appliances,1,621.87,5,Johannesburg,Store
ORD-100950,2025-01-28,CUST-1405,Karabo Ndlovu,Monitor,Electronics,1,3344.3,25,Johannesburg,Store
ORD-100951,2025-08-17,CUST-1387,Lerato Mthembu,Smartphone,Electronics,1,7065.62,5,Bloemfontein,Store
ORD-100952,2025-03-15,CUST-1114,Tshepo Mahlangu,Monitor,Electronics,1,3024.51,5,Cape Town,Store
ORD-100953,2025-11-28,CUST-1215,Lebo Khumalo,Jeans,Clothing,5,667.31,10,Bloemfontein,Store
ORD-100954,2025-01-20,CUST-1318,Naledi Mthembu,Desk,Furniture,1,3376.72,0,Pretoria,Store
ORD-100955,2025-08-27,CUST-1276,Karabo Mahlangu,Sneakers,Clothing,1,1116.93,0,Pretoria,Mobile App
ORD-100956,2025-02-20,CUST-1031,Karabo Mokoena,Jeans,Clothing,1,725.15,10,Durban,Mobile App
ORD-100957,2025-09-08,CUST-1266,Lebo Dlamini,Desk,Furniture,3,3703.61,5,Bloemfontein,Store
ORD-100958,2025-06-30,CUST-1018,Anele Mthembu,Jeans,Clothing,4,669.95,0,Cape Town,Online
ORD-100959,2025-12-20,CUST-1053,Naledi Ndlovu,Kettle,Appliances,3,626.87,0,Johannesburg,Online
ORD-100960,2025-08-26,CUST-1295,Naledi Mthembu,Desk,Furniture,3,3524.67,20,Bloemfontein,Mobile App
ORD-100961,2025-05-16,CUST-1047,Anele Mokoena,Tablet,Electronics,3,4947.48,0,Gqeberha,Online
ORD-100962,2025-02-01,CUST-1153,Ayanda Mthembu,Desk,Furniture,2,3604.93,15,Johannesburg,Online
ORD-100963,2025-08-06,CUST-1265,Lerato Molefe,Coffee Maker,Appliances,4,1350.64,5,Gqeberha,Store
ORD-100964,2025-06-10,CUST-1295,Naledi Mthembu,Headphones,Electronics,3,919.8,10,Cape Town,Online
ORD-100965,2025-01-20,CUST-1201,Thabo Molefe,Kettle,Appliances,1,699.88,0,Johannesburg,Store
ORD-100966,2025-08-01,CUST-1043,Ayanda Mahlangu,T-Shirt,Clothing,2,353.48,0,Cape Town,Online
ORD-100967,2025-03-18,CUST-1360,Ayanda Mahlangu,Jeans,Clothing,1,664.37,10,Johannesburg,Store
ORD-100968,2025-03-27,CUST-1428,Thabo Nkosi,Monitor,Electronics,1,3438.58,10,Pretoria,Online
ORD-100969,2025-01-04,CUST-1400,Lebo Mokoena,Microwave,Appliances,3,2130.76,0,Cape Town,Mobile App
ORD-100970,2025-05-16,CUST-1337,Sipho Khumalo,Laptop,Electronics,1,12462.22,5,Durban,Online
ORD-100971,2025-03-21,CUST-1181,Naledi Nkosi,Monitor,Electronics,3,3268.79,5,Bloemfontein,Store
ORD-100972,2025-01-27,CUST-1395,Tshepo Nkosi,Desk,Furniture,5,3863.49,0,Cape Town,Online
ORD-100973,2025-06-08,CUST-1220,Lerato Molefe,Bookshelf,Furniture,2,1988.33,10,Cape Town,Online
ORD-100974,2025-03-22,CUST-1062,Lerato Molefe,Bookshelf,Furniture,1,1993.23,0,Bloemfontein,Mobile App
ORD-100975,2025-02-18,CUST-1383,Tshepo Khumalo,Tablet,Electronics,2,5068.2,5,Cape Town,Mobile App
ORD-100976,2025-06-20,CUST-1145,Thabo Mthembu,Headphones,Electronics,3,983.16,0,Bloemfontein,Online
ORD-100977,2025-01-24,CUST-1423,Karabo Ndlovu,Smartphone,Electronics,1,6683.79,5,Pretoria,Store
ORD-100978,2025-12-28,CUST-1166,Naledi Mokoena,T-Shirt,Clothing,1,349.72,0,Gqeberha,Online
ORD-100979,2025-06-21,CUST-1392,Sipho Khumalo,Office Chair,Furniture,2,2908.51,5,Cape Town,Mobile App
ORD-100980,2025-12-30,CUST-1242,Ayanda Mahlangu,T-Shirt,Clothing,4,376.43,5,Durban,Store
ORD-100981,2025-11-18,CUST-1211,Thabo Mthembu,T-Shirt,Clothing,1,366.0,20,Johannesburg,Mobile App
ORD-100982,2025-12-24,CUST-1134,Sipho Mthembu,Jacket,Clothing,1,1347.75,5,Pretoria,Mobile App
ORD-100983,2025-07-18,CUST-1377,Tshepo Mahlangu,T-Shirt,Clothing,6,337.88,15,Gqeberha,Online
ORD-100984,2025-06-04,CUST-1028,Naledi Mahlangu,Jeans,Clothing,1,752.43,0,Bloemfontein,Mobile App
ORD-100985,2025-09-20,CUST-1211,Thabo Mthembu,T-Shirt,Clothing,1,367.51,5,Johannesburg,Mobile App
ORD-100986,2025-01-30,CUST-1166,Naledi Mokoena,Jeans,Clothing,2,726.41,0,Durban,Mobile App
ORD-100987,2025-11-03,CUST-1245,Lebo Ndlovu,Jeans,Clothing,1,748.1,5,Gqeberha,Mobile App
ORD-100988,2025-04-29,CUST-1115,Zanele Nkosi,Monitor,Electronics,1,3138.16,10,Durban,Online
ORD-100989,2025-01-03,CUST-1300,Lebo Mthembu,Headphones,Electronics,2,879.88,15,Gqeberha,Store
ORD-100990,2025-03-28,CUST-1174,Naledi Molefe,Sneakers,Clothing,2,1158.96,10,Johannesburg,Mobile App
ORD-100991,2025-03-30,CUST-1085,Lerato Mokoena,Office Chair,Furniture,2,2757.17,10,Bloemfontein,Online
ORD-100992,2025-01-06,CUST-1089,Ayanda Mahlangu,T-Shirt,Clothing,2,350.37,0,Johannesburg,Mobile App
ORD-100993,2025-09-02,CUST-1314,Anele Khumalo,Tablet,Electronics,2,4904.83,0,Durban,Online
ORD-100994,2025-02-04,CUST-1118,Karabo Mokoena,Desk,Furniture,2,3520.65,15,Johannesburg,Store
ORD-100995,2025-11-06,CUST-1139,Ayanda Mahlangu,Bookshelf,Furniture,3,1911.63,0,Cape Town,Mobile App
ORD-100996,2025-06-15,CUST-1283,Zanele Mokoena,Jeans,Clothing,3,748.4,0,Bloemfontein,Online
ORD-100997,2025-09-20,CUST-1149,Lerato Mokoena,Bookshelf,Furniture,3,1816.22,20,Johannesburg,Store
ORD-100998,2025-05-04,CUST-1175,Lebo Molefe,Office Chair,Furniture,4,2708.79,25,Johannesburg,Store
ORD-100999,2025-02-18,CUST-1111,Lerato Khumalo,Kettle,Appliances,3,602.24,10,Durban,Online
ORD-101000,2025-03-07,CUST-1156,Anele Mokoena,Bookshelf,Furniture,1,2002.86,5,Bloemfontein,Online
ORD-101001,2025-08-24,CUST-1312,Ayanda Dlamini,Coffee Maker,Appliances,6,1420.0,15,Pretoria,Online
ORD-101002,2025-09-19,CUST-1241,Zanele Dlamini,Sneakers,Clothing,4,1066.42,0,Bloemfontein,Online
ORD-101003,2025-04-08,CUST-1449,Zanele Dlamini,T-Shirt,Clothing,1,322.74,5,Bloemfontein,Store
ORD-101004,2025-05-11,CUST-1348,Karabo Mokoena,Microwave,Appliances,1,2318.05,5,Bloemfontein,Mobile App
ORD-101005,2025-12-11,CUST-1008,Karabo Mokoena,Smartphone,Electronics,3,6694.95,20,Cape Town,Online
ORD-101006,2025-11-07,CUST-1171,Sipho Mokoena,Microwave,Appliances,2,2079.9,20,Pretoria,Mobile App
ORD-101007,2025-05-31,CUST-1131,Naledi Mokoena,Coffee Maker,Appliances,3,1286.25,10,Pretoria,Online
ORD-101008,2025-03-29,CUST-1265,Lerato Molefe,Bookshelf,Furniture,2,2018.24,0,Johannesburg,Mobile App
ORD-101009,2025-04-20,CUST-1120,Thabo Mahlangu,Sneakers,Clothing,1,1129.97,5,Cape Town,Online
ORD-101010,2025-07-16,CUST-1435,Zanele Mokoena,Bookshelf,Furniture,1,1863.87,0,Pretoria,Online
ORD-101011,2025-07-26,CUST-1135,Karabo Nkosi,Monitor,Electronics,4,3287.98,20,Bloemfontein,Mobile App
ORD-101012,2025-03-09,CUST-1235,Lebo Khumalo,Sneakers,Clothing,1,1037.02,0,Pretoria,Mobile App
ORD-101013,2025-01-25,CUST-1056,Tshepo Mthembu,Headphones,Electronics,3,944.35,0,Cape Town,Mobile App
ORD-101014,2025-06-30,CUST-1410,Ayanda Mahlangu,Monitor,Electronics,1,2970.44,10,Gqeberha,Store
ORD-101015,2025-10-19,CUST-1411,Lebo Dlamini,Bookshelf,Furniture,2,1752.49,5,Cape Town,Mobile App
ORD-101016,2025-02-25,CUST-1358,Thabo Nkosi,Coffee Maker,Appliances,2,1259.16,15,Johannesburg,Store
ORD-101017,2025-05-30,CUST-1159,Naledi Ndlovu,Office Chair,Furniture,1,2926.22,0,Gqeberha,Mobile App
ORD-101018,2025-02-28,CUST-1027,Thabo Mokoena,Bookshelf,Furniture,2,1942.65,15,Pretoria,Mobile App
ORD-101019,2025-03-30,CUST-1320,Anele Mokoena,Laptop,Electronics,3,12802.46,0,Pretoria,Store
ORD-101020,2025-08-12,CUST-1194,Ayanda Nkosi,Smartphone,Electronics,1,7026.8,0,Bloemfontein,Online
ORD-101021,2025-04-15,CUST-1446,Ayanda Molefe,Laptop,Electronics,1,12383.65,5,Bloemfontein,Online
ORD-101022,2025-04-07,CUST-1315,Ayanda Khumalo,Smartphone,Electronics,3,7164.14,0,Gqeberha,Store
ORD-101023,2025-12-30,CUST-1243,Sipho Mokoena,Microwave,Appliances,3,2086.91,10,Bloemfontein,Mobile App
ORD-101024,2025-03-04,CUST-1445,Karabo Ndlovu,Coffee Maker,Appliances,2,1394.11,0,Johannesburg,Store
ORD-101025,2025-03-11,CUST-1361,Lebo Mthembu,Coffee Maker,Appliances,3,1442.0,0,Johannesburg,Online
ORD-101026,2025-12-06,CUST-1207,Naledi Nkosi,Laptop,Electronics,2,12024.06,15,Gqeberha,Online
ORD-101027,2025-07-20,CUST-1009,Naledi Nkosi,Smartphone,Electronics,1,R7251.19,0,Gqeberha,Online
ORD-101028,2025-01-16,CUST-1042,Sipho Mahlangu,Monitor,Electronics,2,R3388.87,10,Johannesburg,Online
ORD-101029,2025-06-05,CUST-1200,Anele Mthembu,T-Shirt,Clothing,3,349.49,15,Cape Town,Store
ORD-101030,2025-07-26,CUST-1253,Ayanda Dlamini,Office Chair,Furniture,3,2713.83,0,Cape Town,Mobile App
ORD-101031,2025-04-03,CUST-1014,Anele Molefe,Bookshelf,Furniture,1,1958.39,15,Pretoria,Mobile App
ORD-101032,2025-07-20,CUST-1057,Lebo Mthembu,Tablet,Electronics,2,4881.35,0,Durban,Store
ORD-101033,2025-08-25,CUST-1317,Anele Dlamini,Jacket,Clothing,2,1239.78,5,Pretoria,Mobile App
ORD-101034,2025-04-02,CUST-1339,Thabo Nkosi,Monitor,Electronics,1,3137.04,0,Gqeberha,Store
ORD-101035,2025-10-24,CUST-1014,Anele Molefe,Laptop,Electronics,3,11827.34,15,Cape Town,Mobile App
ORD-101036,2025-06-15,CUST-1229,Sipho Mokoena,Sneakers,Clothing,2,1025.54,10,Cape Town,Mobile App
ORD-101037,2025-12-18,CUST-1037,Sipho Mahlangu,Microwave,Appliances,1,2074.6,5,Durban,Store
ORD-101038,2025-02-02,CUST-1326,Zanele Ndlovu,Laptop,Electronics,2,11975.56,25,Durban,Online
ORD-101039,2025-04-29,CUST-1376,Ayanda Mthembu,Desk,Furniture,1,3497.73,0,Cape Town,Mobile App
ORD-101040,2025-09-21,CUST-1392,Sipho Khumalo,Coffee Maker,Appliances,5,1280.18,20,Durban,Online
ORD-101041,2025-11-23,CUST-1270,Sipho Mahlangu,Jacket,Clothing,2,1170.24,15,Durban,Online
ORD-101042,2025-03-22,CUST-1284,Ayanda Khumalo,Coffee Maker,Appliances,1,1445.31,20,Pretoria,Store
ORD-101043,2025-12-24,CUST-1417,Sipho Molefe,Desk,Furniture,2,3759.75,20,Johannesburg,Store
ORD-101044,2025-03-12,CUST-1276,Karabo Mahlangu,Office Chair,Furniture,1,2777.42,25,Durban,Mobile App
ORD-101045,2025-06-01,CUST-1201,Thabo Molefe,Jacket,Clothing,1,1155.36,0,Bloemfontein,Mobile App
ORD-101046,2025-04-25,CUST-1340,Lerato Khumalo,Tablet,Electronics,2,4788.64,15,Johannesburg,Store
ORD-101047,2025-06-04,CUST-1266,Lebo Dlamini,Headphones,Electronics,1,1011.84,15,Johannesburg,Store
ORD-101048,2025-11-26,CUST-1380,Ayanda Ndlovu,Jeans,Clothing,1,753.5,10,Gqeberha,Mobile App
ORD-101049,2025-09-25,CUST-1237,Zanele Nkosi,Jacket,Clothing,1,1203.58,0,Pretoria,Store
ORD-101050,2025-10-18,CUST-1392,Sipho Khumalo,Smartphone,Electronics,3,7559.62,25,Johannesburg,Online
ORD-101051,2025-04-03,CUST-1021,Lebo Mahlangu,Bookshelf,Furniture,1,1970.51,0,Pretoria,Online
ORD-101052,2025-12-12,CUST-1017,Anele Mokoena,Office Chair,Furniture,2,2668.11,5,Pretoria,Store
ORD-101053,2025-06-08,CUST-1045,Zanele Ndlovu,Bookshelf,Furniture,3,1974.75,5,Gqeberha,Mobile App
ORD-101054,2025-08-26,CUST-1251,Lebo Nkosi,Kettle,Appliances,3,661.33,0,Cape Town,Online
ORD-101055,2025-09-12,CUST-1320,Anele Mokoena,Smartphone,Electronics,1,7102.52,15,Gqeberha,Online
ORD-101056,2025-08-30,CUST-1098,Thabo Dlamini,Kettle,Appliances,4,626.81,0,Cape Town,Online
ORD-101057,2025-08-08,CUST-1071,Thabo Mthembu,Desk,Furniture,3,3656.94,10,Johannesburg,Online
ORD-101058,2025-06-25,CUST-1388,Ayanda Dlamini,Sneakers,Clothing,1,1019.49,20,Durban,Mobile App
ORD-101059,2025-08-25,CUST-1338,Lebo Mokoena,Desk,Furniture,2,3324.56,0,Johannesburg,Mobile App
ORD-101060,2025-11-27,CUST-1292,Karabo Ndlovu,Monitor,Electronics,3,3123.35,10,Bloemfontein,Online
ORD-101061,2025-05-23,CUST-1220,Lerato Molefe,Sneakers,Clothing,1,1167.69,0,Gqeberha,Store
ORD-101062,2025-07-06,CUST-1190,Naledi Dlamini,Jacket,Clothing,3,1313.48,20,Pretoria,Store
ORD-101063,2025-03-07,CUST-1010,Ayanda Khumalo,Tablet,Electronics,2,4688.01,25,Pretoria,Store
ORD-101064,2025-05-10,CUST-1085,Lerato Mokoena,Jacket,Clothing,1,1231.2,0,Cape Town,Store
ORD-101065,2025-10-09,CUST-1404,Lebo Ndlovu,Sneakers,Clothing,5,1060.9,10,Johannesburg,Online
ORD-101066,2025-08-22,CUST-1153,Ayanda Mthembu,Office Chair,Furniture,1,2612.82,5,Bloemfontein,Mobile App
ORD-101067,2025-03-19,CUST-1318,Naledi Mthembu,Microwave,Appliances,1,2146.8,10,Cape Town,Mobile App
ORD-101068,2025-07-19,CUST-1317,Anele Dlamini,Jeans,Clothing,1,673.09,10,Pretoria,Store
ORD-101069,2025-10-24,CUST-1140,Tshepo Mokoena,Office Chair,Furniture,2,2712.88,5,Johannesburg,Mobile App
ORD-101070,2025-02-15,CUST-1092,Ayanda Molefe,Laptop,Electronics,4,13116.73,10,Durban,Store
ORD-101071,2025-01-23,CUST-1312,Ayanda Dlamini,Jacket,Clothing,3,R1223.39,0,Johannesburg,Mobile App
ORD-101072,2025-05-24,CUST-1043,Ayanda Mahlangu,Headphones,Electronics,4,903.1,5,Gqeberha,Store
ORD-101073,2025-08-28,CUST-1223,Lerato Nkosi,Sneakers,Clothing,3,1141.12,20,,Online
ORD-101074,2025-04-25,CUST-1400,Lebo Mokoena,Bookshelf,Furniture,2,1947.33,0,Cape Town,Mobile App
ORD-101075,2025-10-27,CUST-1321,Karabo Mokoena,Bookshelf,Furniture,2,1783.69,10,Johannesburg,Online
ORD-101076,2025-11-06,CUST-1344,Zanele Mokoena,Tablet,Electronics,1,4728.04,0,Durban,Mobile App
ORD-101077,2025-07-14,CUST-1038,Sipho Khumalo,Jacket,Clothing,5,1263.5,20,Pretoria,Store
ORD-101078,2025-05-19,CUST-1090,Thabo Nkosi,Tablet,Electronics,2,4660.82,10,Durban,Online
ORD-101079,2025-01-16,CUST-1124,Lebo Nkosi,Desk,Furniture,2,3323.65,5,Bloemfontein,Online
ORD-101080,2025-10-27,CUST-1132,Zanele Ndlovu,Coffee Maker,Appliances,2,1267.21,0,Cape Town,Online
ORD-101081,2025-11-23,CUST-1088,Thabo Mahlangu,Microwave,Appliances,3,2236.16,5,Durban,Store
ORD-101082,2025-06-11,CUST-1438,Lebo Mthembu,Kettle,Appliances,1,602.66,25,Durban,Store
ORD-101083,2025-07-08,CUST-1075,Lebo Khumalo,Kettle,Appliances,3,613.17,5,Cape Town,Store
ORD-101084,2025-10-03,CUST-1319,Sipho Khumalo,T-Shirt,Clothing,3,377.42,5,Durban,Store
ORD-101085,2025-09-11,CUST-1265,Lerato Molefe,Headphones,Electronics,3,879.2,15,Durban,Store
ORD-101086,2025-02-19,CUST-1275,Lebo Mahlangu,Coffee Maker,Appliances,1,1386.91,5,Cape Town,Online
ORD-101087,2025-09-03,CUST-1097,Lebo Khumalo,Coffee Maker,Appliances,1,1450.32,5,Pretoria,Store
ORD-101088,2025-12-04,CUST-1139,Ayanda Mahlangu,Kettle,Appliances,2,600.19,0,Durban,Store
ORD-101089,2025-10-02,CUST-1273,Sipho Mahlangu,Jeans,Clothing,4,719.73,0,Gqeberha,Store
ORD-101090,2025-06-25,CUST-1135,Karabo Nkosi,Tablet,Electronics,5,5128.84,15,Durban,Mobile App
ORD-101091,2025-07-10,CUST-1313,Ayanda Molefe,Bookshelf,Furniture,2,1790.24,20,Johannesburg,Online
ORD-101092,2025-04-05,CUST-1018,Anele Mthembu,Desk,Furniture,1,3491.89,20,Johannesburg,Store
ORD-101093,2025-08-30,CUST-1033,Lerato Ndlovu,Coffee Maker,Appliances,1,1371.94,20,Pretoria,Online
ORD-101094,2025-03-30,CUST-1328,Tshepo Khumalo,Office Chair,Furniture,2,3002.09,5,Cape Town,Online
ORD-101095,2025-05-05,CUST-1278,Naledi Mahlangu,Monitor,Electronics,1,3355.75,0,,Mobile App
ORD-101096,2025-04-07,CUST-1020,Thabo Nkosi,Smartphone,Electronics,2,6737.4,10,Durban,Online
ORD-101097,2025-05-03,CUST-1405,Karabo Ndlovu,Coffee Maker,Appliances,4,1288.48,25,Cape Town,Mobile App
ORD-101098,2025-05-14,CUST-1003,Thabo Ndlovu,Sneakers,Clothing,3,1073.79,15,Bloemfontein,Mobile App
ORD-101099,2025-01-31,CUST-1430,Thabo Mahlangu,laptop,Electronics,1,12456.04,5,Bloemfontein,Store
ORD-101100,2025-09-19,CUST-1329,Naledi Mokoena,Desk,Furniture,1,3832.37,10,Pretoria,Store
ORD-101101,2025-06-10,CUST-1445,Karabo Ndlovu,Bookshelf,Furniture,2,1974.43,15,Durban,Store
ORD-101102,2025-12-13,CUST-1427,Thabo Nkosi,Bookshelf,Furniture,4,1778.97,20,Bloemfontein,Online
ORD-101103,2025-03-08,CUST-1141,Zanele Khumalo,Microwave,Appliances,2,2097.3,15,Pretoria,Mobile App
ORD-101104,2025-09-02,CUST-1341,Lebo Khumalo,Tablet,Electronics,1,4702.96,5,Bloemfontein,Store
ORD-101105,2025-03-07,CUST-1095,Karabo Mahlangu,Monitor,Electronics,1,2996.16,0,Cape Town,Store
ORD-101106,2025-07-19,CUST-1213,Lebo Molefe,Tablet,Electronics,1,5033.05,5,Durban,Store
ORD-101107,2025-06-29,CUST-1109,Thabo Nkosi,Headphones,Electronics,2,1023.66,0,Johannesburg,Online
ORD-101108,2025-06-13,CUST-1219,Naledi Mokoena,Microwave,Appliances,2,2029.52,25,Cape Town,Store
ORD-101109,2025-08-27,CUST-1393,Zanele Dlamini,Kettle,Appliances,2,625.71,5,Durban,Mobile App
ORD-101110,2025-10-30,CUST-1197,Lebo Mokoena,Laptop,Electronics,2,13086.42,5,Johannesburg,Online
ORD-101111,2025-04-26,CUST-1042,Sipho Mahlangu,Jeans,Clothing,1,746.74,0,Cape Town,Online
ORD-101112,2025-11-07,CUST-1147,Thabo Dlamini,Headphones,Electronics,2,978.64,10,Durban,Store
ORD-101113,2025-03-09,CUST-1354,Lerato Khumalo,Tablet,Electronics,1,4928.59,5,Cape Town,Online
ORD-101114,2025-04-17,CUST-1235,Lebo Khumalo,Monitor,Electronics,4,3423.79,0,Pretoria,Mobile App
ORD-101115,2025-04-24,CUST-1253,Ayanda Dlamini,Tablet,Electronics,1,4814.9,20,Durban,Store
ORD-101116,2025-12-14,CUST-1195,Ayanda Dlamini,Bookshelf,Furniture,2,1940.98,5,Johannesburg,Store
ORD-101117,2025-02-13,CUST-1132,Zanele Ndlovu,Kettle,Appliances,1,654.53,5,Pretoria,Store
ORD-101118,2025-05-25,CUST-1270,Sipho Mahlangu,T-Shirt,Clothing,3,370.08,0,Bloemfontein,Store
ORD-101119,2025-06-04,CUST-1285,Thabo Khumalo,Jacket,Clothing,1,1189.17,10,Bloemfontein,Mobile App
ORD-101120,2025-10-20,CUST-1405,Karabo Ndlovu,Bookshelf,Furniture,4,1813.65,10,Gqeberha,Online
ORD-101121,2025-06-27,CUST-1279,Ayanda Nkosi,Laptop,Electronics,1,13494.12,20,Johannesburg,Online
ORD-101122,2025-12-19,CUST-1448,Thabo Khumalo,Smartphone,Electronics,3,6739.31,0,Gqeberha,Store
ORD-101123,2025-09-28,CUST-1372,Lebo Mahlangu,Monitor,Electronics,2,3367.52,25,Johannesburg,Online
ORD-101124,2025-09-14,CUST-1036,Ayanda Mokoena,Headphones,Electronics,1,948.5,10,Bloemfontein,Online
ORD-101125,2025-10-02,CUST-1177,Lerato Mthembu,Coffee Maker,Appliances,1,1334.6,0,Cape Town,Store
ORD-101126,2025-02-28,CUST-1174,Naledi Molefe,Coffee Maker,Appliances,1,1271.62,0,Pretoria,Mobile App
ORD-101127,2025-06-13,CUST-1002,Thabo Mthembu,Coffee Maker,Appliances,3,1379.14,0,Gqeberha,Mobile App
ORD-101128,2025-08-02,CUST-1082,Lerato Khumalo,Jeans,Clothing,5,745.47,20,Gqeberha,Mobile App
ORD-101129,2025-03-18,CUST-1343,Lerato Dlamini,T-Shirt,Clothing,1,363.89,0,Durban,Online
ORD-101130,2025-02-13,CUST-1159,Naledi Ndlovu,Jeans,Clothing,1,736.84,5,Gqeberha,Store
ORD-101131,2025-02-19,CUST-1067,Anele Ndlovu,Desk,Furniture,1,3468.47,10,Pretoria,Store
ORD-101132,2025-10-16,CUST-1130,Zanele Mthembu,Jacket,Clothing,1,1210.24,20,Johannesburg,Store
ORD-101133,2025-08-28,CUST-1124,Lebo Nkosi,Sneakers,Clothing,2,1149.51,10,Johannesburg,Store
ORD-101134,2025-04-13,CUST-1079,Sipho Nkosi,Sneakers,Clothing,1,1059.14,15,Cape Town,Online
ORD-101135,2025-09-27,CUST-1046,Tshepo Nkosi,Jeans,Clothing,1,739.84,0,Durban,Store
ORD-101136,2025-09-11,CUST-1344,Zanele Mokoena,Laptop,Electronics,4,12383.85,20,Durban,Mobile App
ORD-101137,2025-10-26,CUST-1372,Lebo Mahlangu,Jacket,Clothing,3,1319.95,0,Cape Town,Store
ORD-101138,2025-11-29,CUST-1224,Zanele Ndlovu,Office Chair,Furniture,3,2859.3,0,Durban,Online
ORD-101139,2025-11-19,CUST-1277,Naledi Mthembu,Sneakers,Clothing,1,1176.57,25,Johannesburg,Store
ORD-101140,2025-03-08,CUST-1414,Tshepo Dlamini,T-Shirt,Clothing,4,362.3,0,Cape Town,Online
ORD-101141,2025-10-08,CUST-1380,Ayanda Ndlovu,Microwave,Appliances,2,2248.2,0,Cape Town,Store
ORD-101142,2025-05-24,CUST-1015,Karabo Ndlovu,Office Chair,Furniture,2,2777.63,10,Durban,Mobile App
ORD-101143,2025-05-28,CUST-1429,Lerato Khumalo,Microwave,Appliances,1,2304.31,0,Johannesburg,Store
ORD-101144,2025-08-25,CUST-1031,Karabo Mokoena,Coffee Maker,Appliances,4,1430.62,0,Pretoria,Online
ORD-101145,2025-08-08,CUST-1012,Naledi Mahlangu,Monitor,Electronics,2,3232.2,10,Johannesburg,Online
ORD-101146,2025-06-03,CUST-1182,Karabo Ndlovu,Bookshelf,Furniture,4,1835.93,15,Pretoria,Mobile App
ORD-101147,2025-12-31,CUST-1336,Zanele Molefe,Bookshelf,Furniture,2,1751.51,15,Johannesburg,Mobile App
ORD-101148,2025-03-05,CUST-1037,Sipho Mahlangu,Sneakers,Clothing,3,1069.8,0,Johannesburg,Mobile App
ORD-101149,2025-02-05,CUST-1132,Zanele Ndlovu,Jacket,Clothing,3,1168.34,10,Pretoria,Store
ORD-101150,2025-01-11,CUST-1119,Lebo Ndlovu,Coffee Maker,Appliances,4,1438.44,15,Cape Town,Store
ORD-101151,2025-10-25,CUST-1179,Anele Ndlovu,Office Chair,Furniture,1,2738.23,0,Johannesburg,Mobile App
ORD-101152,2025-05-29,CUST-1444,Thabo Mthembu,Bookshelf,Furniture,1,1964.67,0,Johannesburg,Online
ORD-101153,2025-06-09,CUST-1150,Naledi Ndlovu,Desk,Furniture,3,3695.44,0,Johannesburg,Store
ORD-101154,2025-08-25,CUST-1095,Karabo Mahlangu,Microwave,Appliances,2,2288.68,5,Cape Town,Online
ORD-101155,2025-06-08,CUST-1056,Tshepo Mthembu,Monitor,Electronics,2,3149.45,0,Gqeberha,Mobile App
ORD-101156,2025-07-29,CUST-1090,Thabo Nkosi,T-Shirt,Clothing,3,354.11,15,Durban,Store
ORD-101157,2025-01-22,CUST-1060,Sipho Dlamini,Smartphone,Electronics,2,7760.85,25,Pretoria,Online
ORD-101158,2025-02-27,CUST-1259,Zanele Molefe,Coffee Maker,Appliances,3,1327.95,0,Gqeberha,Mobile App
ORD-101159,2025-12-07,CUST-1190,Naledi Dlamini,Office Chair,Furniture,1,2895.47,10,Johannesburg,Mobile App
ORD-101160,2025-06-14,CUST-1225,Anele Molefe,Office Chair,Furniture,4,2869.13,0,Pretoria,Online
ORD-101161,2025-03-03,CUST-1375,Thabo Molefe,T-Shirt,Clothing,1,344.27,0,Gqeberha,Online
ORD-101162,2025-05-15,CUST-1262,Anele Ndlovu,Bookshelf,Furniture,2,2028.81,15,Gqeberha,Online
ORD-101163,2025-05-03,CUST-1070,Ayanda Nkosi,Coffee Maker,Appliances,4,1359.87,5,Johannesburg,Store
ORD-101164,2025-04-11,CUST-1170,Thabo Mahlangu,Bookshelf,Furniture,1,1788.8,25,Cape Town,Online
ORD-101165,2025-04-18,CUST-1141,Zanele Khumalo,Bookshelf,Furniture,1,1940.6,10,Cape Town,Online
ORD-101166,2025-09-24,CUST-1373,Anele Mokoena,Smartphone,Electronics,1,7736.82,0,Johannesburg,Mobile App
ORD-101167,2025-02-08,CUST-1139,Ayanda Mahlangu,Laptop,Electronics,2,11669.2,5,Pretoria,Mobile App
ORD-101168,2025-04-24,CUST-1063,Ayanda Khumalo,Office Chair,Furniture,2,2723.2,0,Gqeberha,Online
ORD-101169,2025-06-20,CUST-1332,Lerato Nkosi,Kettle,Appliances,1,629.84,20,Gqeberha,Mobile App
ORD-101170,2025-07-17,CUST-1193,Lerato Khumalo,Microwave,Appliances,4,2258.37,10,Johannesburg,Online
ORD-101171,2025-11-18,CUST-1044,Thabo Dlamini,Jeans,Clothing,1,724.55,0,Cape Town,Mobile App
ORD-101172,2025-12-03,CUST-1311,Ayanda Molefe,Jeans,Clothing,2,727.2,5,Bloemfontein,Store
ORD-101173,2025-04-19,CUST-1095,Karabo Mahlangu,Office Chair,Furniture,2,2942.89,10,Johannesburg,Store
ORD-101174,2025-07-16,CUST-1391,Zanele Molefe,Tablet,Electronics,1,4512.31,15,Gqeberha,Mobile App
ORD-101175,2025-01-09,CUST-1375,Thabo Molefe,Laptop,Electronics,1,12147.54,0,Cape Town,Mobile App
ORD-101176,2025-08-14,CUST-1167,Sipho Mthembu,Office Chair,Furniture,5,2878.46,0,Cape Town,Store
ORD-101177,2025-02-25,CUST-1251,Lebo Nkosi,Monitor,Electronics,2,3026.78,0,Gqeberha,Mobile App
ORD-101178,2025-01-27,CUST-1256,Tshepo Mahlangu,Tablet,Electronics,1,5068.05,5,Gqeberha,Mobile App
ORD-101179,2025-09-03,CUST-1295,Naledi Mthembu,Headphones,Electronics,3,969.23,5,Durban,Online
ORD-101180,2025-03-07,CUST-1032,Naledi Molefe,Laptop,Electronics,2,12132.42,0,Cape Town,Mobile App
ORD-101181,2025-06-24,CUST-1147,Thabo Dlamini,Jeans,Clothing,1,690.02,5,Gqeberha,Mobile App
ORD-101182,2025-02-06,CUST-1077,Karabo Ndlovu,Microwave,Appliances,3,2132.93,5,Cape Town,Online
ORD-101183,2025-09-30,CUST-1314,Anele Khumalo,Jacket,Clothing,2,1270.7,0,Gqeberha,Store
ORD-101184,2025-10-07,CUST-1032,Naledi Molefe,Desk,Furniture,2,3673.47,20,Bloemfontein,Online
ORD-101185,2025-07-29,CUST-1233,Naledi Nkosi,Desk,Furniture,4,3779.18,10,Pretoria,Store
ORD-101186,2025-11-02,CUST-1328,Tshepo Khumalo,Monitor,Electronics,1,3334.34,5,Cape Town,Store
ORD-101187,2025-06-09,CUST-1427,Thabo Nkosi,Tablet,Electronics,1,4735.54,5,Gqeberha,Mobile App
ORD-101188,2025-03-10,CUST-1130,Zanele Mthembu,T-Shirt,Clothing,1,354.2,0,Pretoria,Store
ORD-101189,2025-02-25,CUST-1004,Thabo Molefe,T-Shirt,Clothing,3,358.32,20,Bloemfontein,Online
ORD-101190,2025-03-22,CUST-1326,Zanele Ndlovu,Laptop,Electronics,3,13320.52,10,Durban,Store
ORD-101191,2025-03-15,CUST-1001,Sipho Mokoena,Desk,Furniture,4,3441.42,5,Durban,Mobile App
ORD-101192,2025-04-28,CUST-1030,Thabo Ndlovu,Monitor,Electronics,1,3062.39,20,Bloemfontein,Mobile App
ORD-101193,2025-03-20,CUST-1446,Ayanda Molefe,Tablet,Electronics,3,4738.94,15,Durban,Online
ORD-101194,2025-08-04,CUST-1389,Naledi Dlamini,Jacket,Clothing,3,1162.41,15,Pretoria,Online
ORD-101195,2025-02-24,CUST-1319,Sipho Khumalo,Bookshelf,Furniture,1,1776.92,0,Johannesburg,Online
ORD-101196,2025-08-15,CUST-1376,Ayanda Mthembu,Jeans,Clothing,1,680.63,0,Cape Town,Online
ORD-101197,2025-05-02,CUST-1034,Lebo Dlamini,Jacket,Clothing,3,1236.02,10,Gqeberha,Online
ORD-101198,2025-09-08,CUST-1041,Lerato Nkosi,Kettle,Appliances,1,604.53,5,Cape Town,Online
ORD-101199,2025-07-07,CUST-1136,Sipho Molefe,Coffee Maker,Appliances,2,1281.34,10,Johannesburg,Online
ORD-101200,2025-11-27,CUST-1011,Naledi Khumalo,Jeans,Clothing,2,660.58,15,Pretoria,store
ORD-101201,2025-06-10,CUST-1400,Lebo Mokoena,Microwave,Appliances,1,2348.62,0,Durban,Online
ORD-101202,2025-04-18,CUST-1026,Naledi Mthembu,Bookshelf,Furniture,5,1799.19,0,Gqeberha,Store
ORD-101203,2025-08-04,CUST-1245,Lebo Ndlovu,Kettle,Appliances,3,649.05,5,Pretoria,Online
ORD-101204,2025-08-29,CUST-1385,Lebo Ndlovu,Sneakers,Clothing,2,1150.65,0,Pretoria,Mobile App
ORD-101205,2025-06-10,CUST-1331,Zanele Dlamini,Jeans,Clothing,3,753.46,10,Pretoria,Mobile App
ORD-101206,2025-07-24,CUST-1106,Naledi Mahlangu,Microwave,Appliances,2,2229.66,15,Cape Town,Mobile App
ORD-101207,2025-06-21,CUST-1212,Sipho Molefe,Bookshelf,Furniture,3,1872.49,5,Gqeberha,Mobile App
ORD-101208,2025-04-22,CUST-1247,Lebo Mahlangu,Jacket,Clothing,2,1260.56,15,Gqeberha,Online
ORD-101209,2025-04-25,CUST-1346,Karabo Khumalo,Monitor,Electronics,2,2948.86,5,Cape Town,Store
ORD-101210,2025-11-28,CUST-1192,Zanele Nkosi,Kettle,Appliances,1,652.65,15,Cape Town,Mobile App
ORD-101211,2025-09-04,CUST-1129,Zanele Nkosi,Jeans,Clothing,2,664.94,0,Pretoria,Mobile App
ORD-101212,2025-02-04,CUST-1358,Thabo Nkosi,Sneakers,Clothing,2,1014.69,15,Gqeberha,Store
ORD-101213,2025-12-18,CUST-1399,Lebo Dlamini,Desk,Furniture,1,3540.59,15,Johannesburg,Online
ORD-101214,2025-09-17,CUST-1221,Karabo Khumalo,Microwave,Appliances,5,2176.52,0,Bloemfontein,Online
ORD-101215,2025-01-19,CUST-1013,Lebo Ndlovu,Smartphone,Electronics,1,6835.31,10,Pretoria,Mobile App
ORD-101216,2025-09-23,CUST-1226,Lerato Nkosi,Smartphone,Electronics,1,6886.38,20,Durban,Mobile App
ORD-101217,2025-08-04,CUST-1401,Lebo Dlamini,Bookshelf,Furniture,1,1964.25,0,Johannesburg,Online
ORD-101218,2025-12-01,CUST-1446,Ayanda Molefe,Jacket,Clothing,3,1326.21,15,,Mobile App
ORD-101219,2025-06-28,CUST-1181,Naledi Nkosi,Coffee Maker,Appliances,1,1413.95,25,Durban,Mobile App
ORD-101220,2025-07-09,CUST-1068,Sipho Ndlovu,Desk,Furniture,2,3647.55,20,Gqeberha,Mobile App
ORD-101221,2025-04-25,CUST-1258,Anele Dlamini,Jeans,Clothing,3,664.07,5,Gqeberha,Online
ORD-101222,2025-04-28,CUST-1374,Tshepo Dlamini,T-Shirt,Clothing,1,361.43,10,Gqeberha,Online
ORD-101223,2025-08-14,CUST-1426,Zanele Nkosi,Kettle,Appliances,5,661.26,25,Durban,Store
ORD-101224,2025-10-30,CUST-1024,Tshepo Mokoena,Jeans,Clothing,1,681.35,10,Gqeberha,Mobile App
ORD-101225,2025-11-22,CUST-1131,Naledi Mokoena,Desk,Furniture,2,3393.82,0,Johannesburg,Online
ORD-101226,2025-10-09,CUST-1215,Lebo Khumalo,Kettle,Appliances,1,667.46,0,Pretoria,Mobile App
ORD-101227,2025-08-11,CUST-1045,Zanele Ndlovu,Smartphone,Electronics,3,7582.71,15,Cape Town,Online
ORD-101228,2025-07-02,CUST-1399,Lebo Dlamini,Kettle,Appliances,3,689.74,5,Pretoria,Store
ORD-101229,2025-05-04,CUST-1051,Lebo Nkosi,Tablet,Electronics,1,5048.23,0,Cape Town,Online
ORD-101230,2025-10-08,CUST-1300,Lebo Mthembu,Monitor,Electronics,1,3126.73,0,Cape Town,Store
ORD-101231,2025-04-27,CUST-1414,Tshepo Dlamini,Coffee Maker,Appliances,1,1366.62,15,Gqeberha,Online
ORD-101232,2025-04-08,CUST-1309,Karabo Mthembu,Sneakers,Clothing,1,1106.8,5,Johannesburg,Store
ORD-101233,2025-11-13,CUST-1344,Zanele Mokoena,Kettle,Appliances,5,635.61,20,Johannesburg,Store
ORD-101234,2025-08-04,CUST-1119,Lebo Ndlovu,Sneakers,Clothing,2,1063.49,15,Bloemfontein,Mobile App
ORD-101235,2025-05-10,CUST-1373,Anele Mokoena,Jeans,Clothing,2,711.11,25,Johannesburg,Store
ORD-101236,2025-11-12,CUST-1189,Tshepo Nkosi,Office Chair,Furniture,6,2999.07,20,Cape Town,Store
ORD-101237,2025-12-18,CUST-1028,Naledi Mahlangu,Laptop,Electronics,3,12059.65,0,Bloemfontein,Store
ORD-101238,2025-04-27,CUST-1165,Naledi Mahlangu,Smartphone,Electronics,3,7731.79,10,Gqeberha,Online
ORD-101239,2025-07-10,CUST-1158,Lerato Dlamini,Monitor,Electronics,1,3264.81,0,Bloemfontein,Online
ORD-101240,2025-06-26,CUST-1235,Lebo Khumalo,Laptop,Electronics,2,13132.92,25,Bloemfontein,Store
ORD-101241,2025-09-14,CUST-1120,Thabo Mahlangu,Bookshelf,Furniture,1,2032.84,0,Bloemfontein,Mobile App
ORD-101242,2025-12-14,CUST-1209,Naledi Khumalo,Sneakers,Clothing,1,1015.03,10,Johannesburg,Store
ORD-101243,2025-07-20,CUST-1193,Lerato Khumalo,Kettle,Appliances,2,691.98,20,Gqeberha,Online
ORD-101244,2025-10-19,CUST-1148,Anele Dlamini,Bookshelf,Furniture,1,1773.2,0,Johannesburg,Mobile App
ORD-101245,2025-08-06,CUST-1314,Anele Khumalo,Microwave,Appliances,1,2200.88,20,Johannesburg,Online
ORD-101246,2025-11-20,CUST-1138,Anele Mokoena,Kettle,Appliances,2,627.11,0,Pretoria,Online
ORD-101247,2025-05-28,CUST-1345,Anele Mahlangu,Coffee Maker,Appliances,1,1386.26,5,Gqeberha,Store
ORD-101248,2025-05-21,CUST-1113,Thabo Ndlovu,Desk,Furniture,1,3592.62,5,Pretoria,Mobile App
ORD-101249,2025-06-04,CUST-1390,Sipho Mahlangu,Monitor,Electronics,1,3086.55,5,Cape Town,Mobile App
ORD-101250,2025-12-30,CUST-1165,Naledi Mahlangu,Kettle,Appliances,2,636.23,10,Bloemfontein,Store
ORD-101251,2025-08-12,CUST-1019,Zanele Ndlovu,Headphones,Electronics,4,958.5,20,Cape Town,Mobile App
ORD-101252,2025-02-25,CUST-1068,Sipho Ndlovu,Desk,Furniture,3,3856.43,0,Durban,Online
ORD-101253,2025-01-15,CUST-1363,Zanele Mthembu,Smartphone,Electronics,1,6743.51,10,Gqeberha,Store
ORD-101254,2025-07-09,CUST-1393,Zanele Dlamini,Sneakers,Clothing,1,1108.22,20,Gqeberha,Online
ORD-101255,2025-10-22,CUST-1096,Lerato Khumalo,Jeans,Clothing,1,743.74,15,Gqeberha,Mobile App
ORD-101256,2025-06-24,CUST-1271,Ayanda Dlamini,Smartphone,Electronics,1,7192.7,0,Durban,Store
ORD-101257,2025-07-24,CUST-1259,Zanele Molefe,Headphones,Electronics,2,880.19,25,Gqeberha,Store
ORD-101258,2025-10-19,CUST-1061,Zanele Nkosi,T-Shirt,Clothing,5,355.36,0,Durban,Mobile App
ORD-101259,2025-07-08,CUST-1204,Lebo Dlamini,T-Shirt,Clothing,1,350.06,10,Pretoria,Online
ORD-101260,2025-11-28,CUST-1313,Ayanda Molefe,Coffee Maker,Appliances,1,1280.89,10,Cape Town,Online
ORD-101261,2025-08-21,CUST-1436,Sipho Dlamini,Headphones,Electronics,3,1016.66,15,Durban,Mobile App
ORD-101262,2025-09-24,CUST-1382,Lebo Mthembu,Microwave,Appliances,2,2314.32,0,Gqeberha,Mobile App
ORD-101263,2025-10-13,CUST-1045,Zanele Ndlovu,Desk,Furniture,1,3367.09,0,Cape Town,Mobile App
ORD-101264,2025-08-17,CUST-1107,Zanele Mthembu,Coffee Maker,Appliances,1,1394.14,15,Bloemfontein,Online
ORD-101265,2025-01-19,CUST-1197,Lebo Mokoena,Headphones,Electronics,4,948.58,0,Johannesburg,Store
ORD-101266,2025-06-06,CUST-1068,Sipho Ndlovu,Laptop,Electronics,1,13294.67,5,Johannesburg,Online
ORD-101267,2025-02-21,CUST-1257,Tshepo Mthembu,Laptop,Electronics,2,13284.39,15,Bloemfontein,Mobile App
ORD-101268,2025-07-06,CUST-1004,Thabo Molefe,Office Chair,Furniture,3,2989.78,10,Durban,Online
ORD-101269,2025-02-22,CUST-1052,Lebo Molefe,Kettle,Appliances,1,620.98,0,Cape Town,Mobile App
ORD-101270,2025-07-05,CUST-1022,Karabo Mokoena,Laptop,Electronics,3,12143.48,0,Durban,Online
ORD-101271,2025-05-06,CUST-1133,Tshepo Khumalo,Office Chair,Furniture,1,2917.8,25,Pretoria,Online
ORD-101272,2025-01-08,CUST-1344,Zanele Mokoena,Smartphone,Electronics,1,7137.82,5,Cape Town,Mobile App
ORD-101273,2025-02-15,CUST-1080,Tshepo Mokoena,Microwave,Appliances,1,2178.96,0,Durban,Mobile App
ORD-101274,2025-07-03,CUST-1445,Karabo Ndlovu,Jacket,Clothing,5,1231.8,0,Pretoria,Store
ORD-101275,2025-01-29,CUST-1122,Anele Mahlangu,Sneakers,Clothing,1,1030.9,0,Cape Town,Store
ORD-101276,2025-11-09,CUST-1021,Lebo Mahlangu,Jacket,Clothing,1,1217.4,25,Johannesburg,Mobile App
ORD-101277,2025-10-04,CUST-1151,Lerato Dlamini,Jeans,Clothing,4,747.03,0,Johannesburg,Online
ORD-101278,2025-09-16,CUST-1337,Sipho Khumalo,Sneakers,Clothing,1,1029.29,0,Johannesburg,Store
ORD-101279,2025-03-04,CUST-1048,Lerato Nkosi,Laptop,Electronics,4,12469.49,5,Durban,Online
ORD-101280,2025-10-18,CUST-1033,Lerato Ndlovu,Coffee Maker,Appliances,2,1298.14,0,Cape Town,Online
ORD-101281,2025-08-20,CUST-1383,Tshepo Khumalo,Sneakers,Clothing,2,1104.48,0,Pretoria,Online
ORD-101282,2025-05-23,CUST-1267,Ayanda Mokoena,Sneakers,Clothing,3,1142.04,25,Johannesburg,Online
ORD-101283,2025-01-01,CUST-1155,Lebo Mthembu,Office Chair,Furniture,3,2767.22,10,Johannesburg,Store
ORD-101284,2025-07-13,CUST-1341,Lebo Khumalo,Coffee Maker,Appliances,1,1287.65,0,Johannesburg,Mobile App
ORD-101285,2025-10-18,CUST-1380,Ayanda Ndlovu,Office Chair,Furniture,5,2881.58,5,Johannesburg,Mobile App
ORD-101286,2025-01-13,CUST-1162,Lebo Nkosi,Laptop,Electronics,4,12450.9,0,Bloemfontein,Store
ORD-101287,2025-01-20,CUST-1253,Ayanda Dlamini,Microwave,Appliances,4,2107.47,0,Bloemfontein,Store
ORD-101288,2025-05-20,CUST-1005,Lebo Ndlovu,Headphones,Electronics,2,964.16,10,Cape Town,Store
ORD-101289,2025-07-06,CUST-1138,Anele Mokoena,Smartphone,Electronics,2,6791.48,5,Bloemfontein,Online
ORD-101290,2025-06-23,CUST-1268,Tshepo Nkosi,Jeans,Clothing,3,645.6,15,Pretoria,Online
ORD-101291,2025-06-05,CUST-1089,Ayanda Mahlangu,Headphones,Electronics,1,962.28,20,Pretoria,Mobile App
ORD-101292,2025-04-04,CUST-1447,Sipho Molefe,Coffee Maker,Appliances,2,1280.43,0,Gqeberha,Online
ORD-101293,2025-01-22,CUST-1438,Lebo Mthembu,Desk,Furniture,2,3482.68,20,Gqeberha,Online
ORD-101294,2025-01-12,CUST-1116,Thabo Mokoena,Laptop,Electronics,2,12891.04,5,Pretoria,Online
ORD-101295,2025-02-06,CUST-1179,Anele Ndlovu,Kettle,Appliances,1,700.01,0,Pretoria,Mobile App
ORD-101296,2025-09-09,CUST-1086,Tshepo Nkosi,Bookshelf,Furniture,3,1897.16,20,Pretoria,Mobile App
ORD-101297,2025-10-14,CUST-1227,Sipho Ndlovu,Headphones,Electronics,2,969.47,0,Cape Town,Mobile App
ORD-101298,2025-06-08,CUST-1056,Tshepo Mthembu,Jacket,Clothing,2,1205.66,10,Gqeberha,Mobile App
ORD-101299,2025-01-29,CUST-1176,Sipho Mthembu,Bookshelf,Furniture,5,1802.8,15,Gqeberha,Store
ORD-101300,2025-06-01,CUST-1250,Karabo Ndlovu,Laptop,Electronics,3,13370.65,0,Bloemfontein,Store
ORD-101301,2025-12-26,CUST-1276,Karabo Mahlangu,Sneakers,Clothing,1,1048.93,20,Pretoria,Online
ORD-101302,2025-04-02,CUST-1269,Lebo Nkosi,Desk,Furniture,1,3397.8,0,Bloemfontein,Store
ORD-101303,2025-06-29,CUST-1100,Anele Mahlangu,Jacket,Clothing,3,1234.25,15,Johannesburg,Store
ORD-101304,2025-07-16,CUST-1357,Ayanda Dlamini,Microwave,Appliances,2,2310.38,0,Cape Town,Online
ORD-101305,2025-05-01,CUST-1312,Ayanda Dlamini,Jeans,Clothing,3,738.21,0,Bloemfontein,Store
ORD-101306,2025-06-09,CUST-1339,Thabo Nkosi,Jacket,Clothing,1,1301.3,5,Gqeberha,Mobile App
ORD-101307,2025-06-22,CUST-1211,Thabo Mthembu,Headphones,Electronics,1,1011.29,20,Johannesburg,Online
ORD-101308,2025-06-23,CUST-1402,Karabo Mokoena,Headphones,Electronics,2,960.87,0,Pretoria,Mobile App
ORD-101309,2025-09-19,CUST-1176,Sipho Mthembu,Desk,Furniture,4,3726.26,20,Johannesburg,Online
ORD-101310,2025-08-01,CUST-1363,Zanele Mthembu,Coffee Maker,Appliances,5,1374.62,0,Gqeberha,Mobile App
ORD-101311,2025-01-20,CUST-1092,Ayanda Molefe,Bookshelf,Furniture,4,1831.56,5,Durban,Store
ORD-101312,2025-01-03,CUST-1112,Naledi Mahlangu,Office Chair,Furniture,2,2952.5,5,Johannesburg,Store
ORD-101313,2025-05-30,CUST-1238,Naledi Molefe,Sneakers,Clothing,3,1046.18,0,Gqeberha,Store
ORD-101314,2025-11-28,CUST-1251,Lebo Nkosi,Coffee Maker,Appliances,1,1369.01,25,Bloemfontein,Store
ORD-101315,2025-01-14,CUST-1336,Zanele Molefe,Microwave,Appliances,2,2263.23,5,Bloemfontein,Store
ORD-101316,2025-01-26,CUST-1134,Sipho Mthembu,Monitor,Electronics,4,3393.23,10,Pretoria,Mobile App
ORD-101317,2025-09-05,CUST-1393,Zanele Dlamini,Jacket,Clothing,2,1310.95,10,Durban,Store
ORD-101318,2025-06-14,CUST-1149,Lerato Mokoena,T-Shirt,Clothing,5,333.0,5,Pretoria,Mobile App
ORD-101319,2025-03-26,CUST-1241,Zanele Dlamini,Desk,Furniture,1,3351.7,10,Johannesburg,Store
ORD-101320,2025-03-17,CUST-1420,Zanele Mahlangu,Office Chair,Furniture,2,2599.73,20,Gqeberha,Store
ORD-101321,2025-08-31,CUST-1243,Sipho Mokoena,Smartphone,Electronics,2,7414.18,10,Bloemfontein,Store
ORD-101322,2025-07-11,CUST-1307,Sipho Mahlangu,Monitor,Electronics,4,3157.45,10,Johannesburg,Online
ORD-101323,2025-08-21,CUST-1409,Sipho Mahlangu,T-Shirt,Clothing,1,338.9,10,Durban,Store
ORD-101324,2025-04-13,CUST-1439,Ayanda Mahlangu,Microwave,Appliances,3,2327.97,10,Johannesburg,Mobile App
ORD-101325,2025-07-12,CUST-1225,Anele Molefe,Coffee Maker,Appliances,1,1447.97,5,Johannesburg,Online
ORD-101326,2025-11-10,CUST-1188,Thabo Molefe,Tablet,Electronics,3,4643.49,10,Bloemfontein,Store
ORD-101327,2025-04-26,CUST-1089,Ayanda Mahlangu,Jacket,Clothing,2,1278.35,5,Pretoria,Mobile App
ORD-101328,2025-05-25,CUST-1242,Ayanda Mahlangu,Smartphone,Electronics,2,7529.49,15,Johannesburg,Store
ORD-101329,2025-03-01,CUST-1414,Tshepo Dlamini,Jacket,Clothing,4,1261.32,25,Bloemfontein,Mobile App
ORD-101330,2025-08-22,CUST-1220,Lerato Molefe,Office Chair,Furniture,3,2683.53,25,Pretoria,Mobile App
ORD-101331,2025-01-12,CUST-1157,Tshepo Molefe,Desk,Furniture,2,3722.01,15,Cape Town,Online
ORD-101332,2025-04-01,CUST-1049,Lerato Mokoena,Jacket,Clothing,1,1335.3,10,Bloemfontein,Mobile App
ORD-101333,2025-09-18,CUST-1176,Sipho Mthembu,Desk,Furniture,2,3760.99,15,Cape Town,Online
ORD-101334,2025-01-08,CUST-1107,Zanele Mthembu,Coffee Maker,Appliances,5,1272.17,0,Pretoria,Mobile App
ORD-101335,2025-12-28,CUST-1440,Anele Dlamini,T-Shirt,Clothing,2,328.01,5,Durban,Online
ORD-101336,2025-05-28,CUST-1238,Naledi Molefe,Kettle,Appliances,3,639.63,0,Durban,Online
ORD-101337,2025-05-26,CUST-1062,Lerato Molefe,Jeans,Clothing,3,724.81,0,Gqeberha,Store
ORD-101338,2025-07-15,CUST-1031,Karabo Mokoena,Monitor,Electronics,4,2984.03,25,Cape Town,Store
ORD-101339,2025-08-22,CUST-1383,Tshepo Khumalo,Sneakers,Clothing,2,1021.52,20,Cape Town,Online
ORD-101340,2025-06-17,CUST-1420,Zanele Mahlangu,Desk,Furniture,2,3591.63,5,Gqeberha,Store
ORD-101341,2025-11-19,CUST-1344,Zanele Mokoena,T-Shirt,Clothing,2,340.98,0,Johannesburg,Store
ORD-101342,2025-12-18,CUST-1056,Tshepo Mthembu,Tablet,Electronics,1,4713.49,10,Bloemfontein,Store
ORD-101343,2025-03-15,CUST-1045,Zanele Ndlovu,Smartphone,Electronics,1,7026.95,5,Bloemfontein,Mobile App
ORD-101344,2025-09-15,CUST-1090,Thabo Nkosi,T-Shirt,Clothing,2,354.44,15,Pretoria,Online
ORD-101345,2025-04-20,CUST-1339,Thabo Nkosi,Tablet,Electronics,5,4943.05,25,Durban,Mobile App
ORD-101346,2025-12-30,CUST-1345,Anele Mahlangu,Kettle,Appliances,2,604.85,0,Pretoria,Store
ORD-101347,2025-04-03,CUST-1378,Thabo Khumalo,Coffee Maker,Appliances,1,1412.73,0,Durban,Online
ORD-101348,2025-04-18,CUST-1044,Thabo Dlamini,Jacket,Clothing,5,1330.33,0,Durban,Store
ORD-101349,2025-09-18,CUST-1069,Lebo Mokoena,Sneakers,Clothing,1,1141.86,0,Pretoria,Mobile App
ORD-101350,2025-10-16,CUST-1406,Lerato Mthembu,T-Shirt,Clothing,1,377.42,5,Cape Town,Store
ORD-101351,2025-02-16,CUST-1418,Ayanda Mthembu,Laptop,Electronics,5,12908.55,0,Gqeberha,Online
ORD-101352,2025-07-22,CUST-1327,Lerato Mokoena,Office Chair,Furniture,3,2705.94,0,Bloemfontein,Mobile App
ORD-101353,2025-05-07,CUST-1048,Lerato Nkosi,Bookshelf,Furniture,4,1869.07,0,Durban,Mobile App
ORD-101354,2025-08-12,CUST-1031,Karabo Mokoena,Microwave,Appliances,3,2041.81,0,Bloemfontein,Online
ORD-101355,2025-07-23,CUST-1026,Naledi Mthembu,Headphones,Electronics,2,899.85,15,Johannesburg,Store
ORD-101356,2025-12-26,CUST-1312,Ayanda Dlamini,Bookshelf,Furniture,1,1772.48,0,Gqeberha,Store
ORD-101357,2025-12-07,CUST-1381,Anele Mokoena,Office Chair,Furniture,1,3017.84,20,Johannesburg,Mobile App
ORD-101358,2025-08-27,CUST-1285,Thabo Khumalo,Tablet,Electronics,4,5000.13,0,,Online
ORD-101359,2025-09-05,CUST-1118,Karabo Mokoena,Smartphone,Electronics,4,7043.97,0,Gqeberha,Mobile App
ORD-101360,2025-11-25,CUST-1341,Lebo Khumalo,Office Chair,Furniture,1,2585.69,0,Bloemfontein,Store
ORD-101361,2025-03-08,CUST-1027,Thabo Mokoena,Smartphone,Electronics,2,7693.74,15,Gqeberha,Online
ORD-101362,2025-09-22,CUST-1373,Anele Mokoena,Smartphone,Electronics,1,7668.01,0,Gqeberha,Online
ORD-101363,2025-10-09,CUST-1402,Karabo Mokoena,Office Chair,Furniture,1,2660.72,5,Durban,Online
ORD-101364,2025-02-16,CUST-1324,Thabo Khumalo,Headphones,Electronics,4,1015.55,0,Johannesburg,Store
ORD-101365,2025-11-18,CUST-1396,Tshepo Dlamini,T-Shirt,Clothing,2,364.04,25,Johannesburg,Store
ORD-101366,2025-09-13,CUST-1264,Thabo Dlamini,Laptop,Electronics,2,13246.5,0,Johannesburg,Store
ORD-101367,2025-05-07,CUST-1211,Thabo Mthembu,Monitor,Electronics,4,3251.12,5,Gqeberha,Mobile App
ORD-101368,2025-06-26,CUST-1146,Thabo Mthembu,Desk,Furniture,3,3757.62,20,Cape Town,Mobile App
ORD-101369,2025-06-28,CUST-1415,Lebo Mokoena,Kettle,Appliances,2,610.37,0,Durban,Mobile App
ORD-101370,2025-12-02,CUST-1314,Anele Khumalo,Jeans,Clothing,1,673.22,0,Pretoria,Mobile App
ORD-101371,2025-12-20,CUST-1086,Tshepo Nkosi,Microwave,Appliances,1,2159.7,15,Gqeberha,Online
ORD-101372,2025-10-22,CUST-1431,Karabo Mahlangu,Office Chair,Furniture,1,2717.61,0,Durban,Store
ORD-101373,2025-08-27,CUST-1027,Thabo Mokoena,Desk,Furniture,1,3537.47,0,Bloemfontein,Mobile App
ORD-101374,2025-02-08,CUST-1265,Lerato Molefe,Desk,Furniture,1,3704.95,5,Pretoria,Online
ORD-101375,2025-11-30,CUST-1086,Tshepo Nkosi,Microwave,Appliances,1,2213.68,0,Durban,Mobile App
ORD-101376,2025-02-18,CUST-1299,Thabo Mahlangu,Kettle,Appliances,1,690.69,20,Cape Town,Store
ORD-101377,2025-03-02,CUST-1186,Lebo Mokoena,Kettle,Appliances,1,694.14,10,Gqeberha,Online
ORD-101378,2025-01-26,CUST-1197,Lebo Mokoena,Sneakers,Clothing,5,1131.1,10,Johannesburg,Mobile App
ORD-101379,2025-12-12,CUST-1303,Lebo Mahlangu,Bookshelf,Furniture,1,1877.24,0,Johannesburg,Online
ORD-101380,2025-06-30,CUST-1341,Lebo Khumalo,T-Shirt,Clothing,2,360.47,10,Durban,Store
ORD-101381,2025-03-28,CUST-1172,Anele Nkosi,Kettle,Appliances,4,613.79,10,Johannesburg,Online
ORD-101382,2025-01-30,CUST-1449,Zanele Dlamini,Monitor,Electronics,1,3337.81,0,Pretoria,Online
ORD-101383,2025-05-31,CUST-1225,Anele Molefe,Office Chair,Furniture,3,2792.88,20,Johannesburg,Mobile App
ORD-101384,2025-09-22,CUST-1073,Anele Molefe,Microwave,Appliances,3,2291.1,10,Gqeberha,Store
ORD-101385,2025-12-30,CUST-1003,Thabo Ndlovu,Office Chair,Furniture,3,2812.67,15,Johannesburg,Online
ORD-101386,2025-07-21,CUST-1092,Ayanda Molefe,Headphones,Electronics,1,941.86,0,Gqeberha,Online
ORD-101387,2025-08-10,CUST-1311,Ayanda Molefe,T-Shirt,Clothing,3,326.68,0,Cape Town,Online
ORD-101388,2025-11-02,CUST-1243,Sipho Mokoena,Monitor,Electronics,3,3254.58,10,Johannesburg,Online
ORD-101389,2025-11-26,CUST-1153,Ayanda Mthembu,Microwave,Appliances,2,2076.57,15,Pretoria,Mobile App
ORD-101390,2025-04-13,CUST-1217,Anele Molefe,Microwave,Appliances,1,2066.95,5,Johannesburg,Mobile App
ORD-101391,2025-12-29,CUST-1378,Thabo Khumalo,Monitor,Electronics,1,3157.5,0,Durban,Store
ORD-101392,2025-07-09,CUST-1258,Anele Dlamini,Bookshelf,Furniture,4,1755.1,15,Johannesburg,Online
ORD-101393,2025-12-06,CUST-1027,Thabo Mokoena,Kettle,Appliances,1,682.99,0,Bloemfontein,Store
ORD-101394,2025-02-12,CUST-1023,Zanele Nkosi,Sneakers,Clothing,1,1024.55,0,Gqeberha,Store
ORD-101395,2025-02-05,CUST-1217,Anele Molefe,Headphones,Electronics,2,950.97,10,Bloemfontein,Online
ORD-101396,2025-11-19,CUST-1182,Karabo Ndlovu,T-Shirt,Clothing,4,352.59,0,Durban,Store
ORD-101397,2025-09-03,CUST-1383,Tshepo Khumalo,Jeans,Clothing,1,711.52,0,Gqeberha,Mobile App
ORD-101398,2025-03-05,CUST-1263,Lebo Nkosi,Jeans,Clothing,1,690.23,0,Gqeberha,Mobile App
ORD-101399,2025-11-23,CUST-1341,Lebo Khumalo,Laptop,Electronics,2,12449.35,20,Gqeberha,Store
ORD-101400,2025-02-07,CUST-1264,Thabo Dlamini,Monitor,Electronics,3,3279.71,0,Durban,Store
ORD-101401,2025-09-07,CUST-1156,Anele Mokoena,Coffee Maker,Appliances,2,1244.47,10,Pretoria,Mobile App
ORD-101402,2025-03-16,CUST-1296,Tshepo Nkosi,Headphones,Electronics,4,1017.29,25,Bloemfontein,Online
ORD-101403,2025-01-26,CUST-1280,Lerato Ndlovu,Monitor,Electronics,1,3229.99,10,Pretoria,Mobile App
ORD-101404,2025-10-22,CUST-1325,Thabo Nkosi,Monitor,Electronics,1,3415.28,5,Bloemfontein,Store
ORD-101405,2025-11-06,CUST-1086,Tshepo Nkosi,Tablet,Electronics,1,4430.55,5,Gqeberha,Mobile App
ORD-101406,2025-02-08,CUST-1289,Ayanda Molefe,Tablet,Electronics,1,4487.48,5,Johannesburg,Mobile App
ORD-101407,2025-02-03,CUST-1129,Zanele Nkosi,Office Chair,Furniture,2,2839.17,10,Durban,Store
ORD-101408,2025-08-13,CUST-1356,Sipho Khumalo,Microwave,Appliances,3,2090.62,25,Gqeberha,Store
ORD-101409,2025-01-11,CUST-1360,Ayanda Mahlangu,Laptop,Electronics,1,12735.91,15,Gqeberha,Online
ORD-101410,2025-09-30,CUST-1282,Sipho Mthembu,Monitor,Electronics,3,3036.99,5,Bloemfontein,Online
ORD-101411,2025-12-01,CUST-1427,Thabo Nkosi,Laptop,Electronics,1,13216.03,0,Cape Town,Store
ORD-101412,2025-10-02,CUST-1242,Ayanda Mahlangu,T-Shirt,Clothing,2,359.02,20,Pretoria,Store
ORD-101413,2025-03-26,CUST-1012,Naledi Mahlangu,Headphones,Electronics,1,1000.79,0,Pretoria,Store
ORD-101414,2025-03-11,CUST-1273,Sipho Mahlangu,Sneakers,Clothing,2,1028.43,20,Bloemfontein,Online
ORD-101415,2025-09-06,CUST-1350,Sipho Mahlangu,T-Shirt,Clothing,1,322.74,0,Pretoria,Mobile App
ORD-101416,2025-01-23,CUST-1046,Tshepo Nkosi,Sneakers,Clothing,5,1128.74,15,Durban,Mobile App
ORD-101417,2025-07-16,CUST-1048,Lerato Nkosi,Jeans,Clothing,4,724.08,15,Durban,Mobile App
ORD-101418,2025-06-13,CUST-1123,Tshepo Mokoena,Desk,Furniture,3,3880.49,5,Bloemfontein,Store
ORD-101419,2025-09-29,CUST-1380,Ayanda Ndlovu,Coffee Maker,Appliances,4,1296.49,0,Durban,Online
ORD-101420,2025-03-15,CUST-1238,Naledi Molefe,Bookshelf,Furniture,2,1927.28,20,Durban,Mobile App
ORD-101421,2025-10-06,CUST-1440,Anele Dlamini,Kettle,Appliances,2,656.4,5,Durban,Online
ORD-101422,2025-09-13,CUST-1393,Zanele Dlamini,Kettle,Appliances,?,672.85,0,Johannesburg,Store
ORD-101423,2025-03-29,CUST-1250,Karabo Ndlovu,T-Shirt,Clothing,4,338.05,5,Cape Town,Mobile App
ORD-101424,2025-05-11,CUST-1306,Zanele Mahlangu,Jacket,Clothing,1,1265.3,5,Johannesburg,Online
ORD-101425,2025-01-25,CUST-1149,Lerato Mokoena,Headphones,Electronics,1,923.95,10,Bloemfontein,Store
ORD-101426,2025-06-14,CUST-1041,Lerato Nkosi,Coffee Maker,Appliances,3,1333.35,0,Gqeberha,Online
ORD-101427,2025-04-06,CUST-1180,Anele Dlamini,Jacket,Clothing,1,1272.09,5,Johannesburg,Mobile App
ORD-101428,2025-02-11,CUST-1267,Ayanda Mokoena,Microwave,Appliances,3,2024.04,20,Bloemfontein,Store
ORD-101429,2025-07-24,CUST-1082,Lerato Khumalo,Monitor,Electronics,1,3239.51,0,Johannesburg,Online
ORD-101430,2025-07-27,CUST-1100,Anele Mahlangu,Sneakers,Clothing,2,1071.62,5,Bloemfontein,Online
ORD-101431,2025-02-01,CUST-1007,Karabo Khumalo,Bookshelf,Furniture,4,1883.38,10,Johannesburg,Mobile App
ORD-101432,2025-03-09,CUST-1331,Zanele Dlamini,Tablet,Electronics,2,4776.21,20,Bloemfontein,Mobile App
ORD-101433,2025-01-31,CUST-1405,Karabo Ndlovu,Tablet,Electronics,1,4704.89,10,Pretoria,Mobile App
ORD-101434,2025-09-05,CUST-1373,Anele Mokoena,T-Shirt,Clothing,2,352.74,15,Bloemfontein,Mobile App
ORD-101435,2025-05-04,CUST-1171,Sipho Mokoena,Monitor,Electronics,1,3398.84,0,Bloemfontein,Store
ORD-101436,2025-01-26,CUST-1268,Tshepo Nkosi,Smartphone,Electronics,1,7193.64,5,Gqeberha,Mobile App
ORD-101437,2025-03-11,CUST-1433,Anele Ndlovu,Desk,Furniture,2,3849.79,25,Gqeberha,Mobile App
ORD-101438,2025-12-23,CUST-1267,Ayanda Mokoena,Jeans,Clothing,1,661.53,20,Cape Town,Online
ORD-101439,2025-04-04,CUST-1134,Sipho Mthembu,Monitor,Electronics,1,3167.9,10,Durban,Mobile App
ORD-101440,2025-09-07,CUST-1153,Ayanda Mthembu,Kettle,Appliances,1,605.58,5,Bloemfontein,Store
ORD-101441,2025-06-20,CUST-1328,Tshepo Khumalo,Sneakers,Clothing,4,1114.34,5,Durban,Online
ORD-101442,2025-03-08,CUST-1201,Thabo Molefe,Bookshelf,Furniture,1,1970.27,0,Cape Town,Online
ORD-101443,2025-04-23,CUST-1377,Tshepo Mahlangu,Kettle,Appliances,1,685.43,20,Durban,Store
ORD-101444,2025-01-06,CUST-1389,Naledi Dlamini,Desk,Furniture,2,3656.82,15,Durban,Store
ORD-101445,2025-09-30,CUST-1017,Anele Mokoena,Tablet,Electronics,1,4643.67,5,Bloemfontein,Store
ORD-101446,2025-05-03,CUST-1326,Zanele Ndlovu,Laptop,Electronics,4,13191.95,0,Gqeberha,Store
ORD-101447,2025-07-02,CUST-1167,Sipho Mthembu,Kettle,Appliances,1,603.78,0,Durban,Mobile App
ORD-101448,2025-02-25,CUST-1234,Sipho Mokoena,Kettle,Appliances,3,616.98,0,Johannesburg,Store
ORD-101449,2025-10-28,CUST-1120,Thabo Mahlangu,Sneakers,Clothing,2,1094.46,15,Johannesburg,Store
ORD-101450,2025-03-21,CUST-1166,Naledi Mokoena,Smartphone,Electronics,3,6659.73,10,Gqeberha,Online
ORD-101451,2025-07-26,CUST-1149,Lerato Mokoena,Monitor,Electronics,2,2969.98,0,Johannesburg,Store
ORD-101452,2025-11-15,CUST-1023,Zanele Nkosi,Laptop,Electronics,3,12742.67,10,Johannesburg,Store
ORD-101453,2025-09-18,CUST-1353,Lerato Khumalo,Laptop,Electronics,2,11629.1,25,Gqeberha,Online
ORD-101454,2025-08-09,CUST-1065,Zanele Mokoena,Headphones,Electronics,2,974.55,0,Bloemfontein,Store
ORD-101455,2025-11-21,CUST-1170,Thabo Mahlangu,T-Shirt,Clothing,3,368.67,5,Cape Town,Online
ORD-101456,2025-03-06,CUST-1087,Thabo Dlamini,Laptop,Electronics,2,11740.68,5,Johannesburg,Store
ORD-101457,2025-12-18,CUST-1073,Anele Molefe,Kettle,Appliances,2,664.25,0,Pretoria,Store
ORD-101458,2025-07-23,CUST-1169,Tshepo Dlamini,Desk,Furniture,1,3368.79,10,Durban,Online
ORD-101459,2025-05-30,CUST-1414,Tshepo Dlamini,Headphones,Electronics,1,977.01,10,Bloemfontein,Online
ORD-101460,2025-04-04,CUST-1425,Naledi Mahlangu,Bookshelf,Furniture,1,1951.52,0,Bloemfontein,Online
ORD-101461,2025-09-29,CUST-1172,Anele Nkosi,Sneakers,Clothing,1,1067.4,0,Pretoria,Online
ORD-101462,2025-12-23,CUST-1228,Lerato Mahlangu,Monitor,Electronics,2,3447.66,20,Durban,Online
ORD-101463,2025-09-09,CUST-1444,Thabo Mthembu,Laptop,Electronics,1,11754.5,0,Johannesburg,Mobile App
ORD-101464,2025-01-12,CUST-1106,Naledi Mahlangu,Laptop,Electronics,2,11776.32,10,Bloemfontein,Online
ORD-101465,2025-06-21,CUST-1426,Zanele Nkosi,Coffee Maker,Appliances,3,1298.76,10,Pretoria,Mobile App
ORD-101466,2025-09-25,CUST-1048,Lerato Nkosi,Smartphone,Electronics,2,7097.7,15,Pretoria,Mobile App
ORD-101467,2025-05-26,CUST-1102,Zanele Khumalo,Jeans,Clothing,3,727.71,15,Durban,Store
ORD-101468,2025-10-10,CUST-1153,Ayanda Mthembu,Office Chair,Furniture,1,2687.58,20,Gqeberha,Mobile App
ORD-101469,2025-09-16,CUST-1017,Anele Mokoena,Sneakers,Clothing,1,1164.41,10,Durban,Mobile App
ORD-101470,2025-01-25,CUST-1368,Lerato Mahlangu,Laptop,Electronics,3,11603.43,5,Gqeberha,Mobile App
ORD-101471,2025-07-23,CUST-1385,Lebo Ndlovu,Microwave,Appliances,3,2271.79,5,Pretoria,Mobile App
ORD-101472,2025-03-04,CUST-1173,Ayanda Mokoena,Jacket,Clothing,3,1202.7,5,Johannesburg,Mobile App
ORD-101473,2025-06-27,CUST-1377,Tshepo Mahlangu,Desk,Furniture,2,3708.92,5,Durban,Mobile App
ORD-101474,2025-05-21,CUST-1348,Karabo Mokoena,Headphones,Electronics,3,979.38,0,Pretoria,Mobile App
ORD-101475,2025-10-22,CUST-1361,Lebo Mthembu,Kettle,Appliances,3,635.4,5,Johannesburg,Online
ORD-101476,2025-11-13,CUST-1362,Thabo Molefe,Monitor,Electronics,3,3130.04,5,Johannesburg,Mobile App
ORD-101477,2025-06-18,CUST-1259,Zanele Molefe,Bookshelf,Furniture,3,1788.02,0,Gqeberha,Store
ORD-101478,2025-07-16,CUST-1050,Naledi Mahlangu,Office Chair,Furniture,1,3018.43,0,Bloemfontein,Mobile App
ORD-101479,2025-08-17,CUST-1416,Anele Mokoena,Headphones,Electronics,1,976.02,15,Pretoria,Mobile App
ORD-101480,2025-08-28,CUST-1274,Naledi Nkosi,Desk,Furniture,1,3379.09,10,Johannesburg,Store
ORD-101481,2025-08-20,CUST-1406,Lerato Mthembu,Tablet,Electronics,2,4824.51,15,Cape Town,Mobile App
ORD-101482,2025-10-13,CUST-1432,Lerato Nkosi,Laptop,Electronics,3,12065.19,10,Gqeberha,Online
ORD-101483,2025-12-25,CUST-1085,Lerato Mokoena,Monitor,Electronics,1,3301.43,20,Gqeberha,Store
ORD-101484,2025-10-30,CUST-1181,Naledi Nkosi,Smartphone,Electronics,2,7594.32,15,Johannesburg,Store
ORD-101485,2025-02-19,CUST-1087,Thabo Dlamini,Desk,Furniture,3,3799.45,0,Pretoria,Store
ORD-101486,2025-06-23,CUST-1023,Zanele Nkosi,Coffee Maker,Appliances,2,1411.06,25,Cape Town,Mobile App
ORD-101487,2025-06-18,CUST-1435,Zanele Mokoena,Tablet,Electronics,3,4620.35,0,Gqeberha,Online
ORD-101488,2025-07-05,CUST-1416,Anele Mokoena,Laptop,Electronics,1,13298.39,10,Cape Town,Online
ORD-101489,2025-07-12,CUST-1420,Zanele Mahlangu,Smartphone,Electronics,2,7427.52,15,Bloemfontein,Online
ORD-101490,2025-09-20,CUST-1398,Lerato Dlamini,Bookshelf,Furniture,2,1977.57,0,Durban,online
ORD-101491,2025-06-03,CUST-1292,Karabo Ndlovu,Monitor,Electronics,1,3248.16,10,Gqeberha,Store
ORD-101492,2025-04-07,CUST-1235,Lebo Khumalo,Bookshelf,Furniture,1,1809.87,5,Durban,Store
ORD-101493,2025-06-17,CUST-1447,Sipho Molefe,Laptop,Electronics,1,13258.5,0,Cape Town,Mobile App
ORD-101494,2025-11-08,CUST-1249,Naledi Nkosi,Monitor,Electronics,1,3452.24,0,Bloemfontein,Mobile App
ORD-101495,2025-04-24,CUST-1290,Lerato Mokoena,Desk,Furniture,1,3682.63,0,Pretoria,store
ORD-101496,2025-01-08,CUST-1096,Lerato Khumalo,Desk,Furniture,3,3851.96,0,Bloemfontein,Store
ORD-101497,2025-12-23,CUST-1337,Sipho Khumalo,T-Shirt,Clothing,1,344.55,10,Johannesburg,Mobile App
ORD-101498,2025-03-13,CUST-1369,Tshepo Mahlangu,Sneakers,Clothing,2,1177.48,5,Cape Town,Store
ORD-101499,2025-08-09,CUST-1306,Zanele Mahlangu,Bookshelf,Furniture,1,R1789.72,5,Bloemfontein,Store
ORD-101500,2025-10-20,CUST-1225,Anele Molefe,Coffee Maker,Appliances,4,1402.03,10,Bloemfontein,Store
ORD-101501,2025-04-11,CUST-1090,Thabo Nkosi,Bookshelf,Furniture,3,1975.36,0,Johannesburg,Store
ORD-101502,2025-05-05,CUST-1016,Zanele Khumalo,Headphones,Electronics,5,919.81,0,Cape Town,Store
ORD-101503,2025-04-13,CUST-1283,Zanele Mokoena,Headphones,Electronics,5,933.12,15,Johannesburg,Mobile App
ORD-101504,2025-02-24,CUST-1308,Anele Nkosi,Monitor,Electronics,1,2945.58,20,Cape Town,Mobile App
ORD-101505,2025-02-25,CUST-1348,Karabo Mokoena,T-Shirt,Clothing,3,339.17,5,Pretoria,Mobile App
ORD-101506,2025-03-10,CUST-1428,Thabo Nkosi,Headphones,Electronics,1,989.39,0,Johannesburg,Online
ORD-101507,2025-06-17,CUST-1224,Zanele Ndlovu,Microwave,Appliances,5,2368.54,15,Durban,Store
ORD-101508,2025-07-13,CUST-1374,Tshepo Dlamini,Bookshelf,Furniture,2,1906.97,20,Johannesburg,Mobile App
ORD-101509,2025-01-06,CUST-1323,Naledi Ndlovu,Coffee Maker,Appliances,1,1440.38,5,Gqeberha,Mobile App
ORD-101510,2025-11-05,CUST-1125,Tshepo Mahlangu,Jacket,Clothing,4,1345.69,0,Cape Town,Online
ORD-101511,2025-09-04,CUST-1381,Anele Mokoena,Office Chair,Furniture,3,2680.09,0,Gqeberha,Online
ORD-101512,2025-01-26,CUST-1024,Tshepo Mokoena,Headphones,Electronics,5,926.64,10,Johannesburg,Store
ORD-101513,2025-11-04,CUST-1270,Sipho Mahlangu,Sneakers,Clothing,1,1065.75,20,Durban,Store
ORD-101514,2025-01-12,CUST-1424,Naledi Mokoena,Monitor,Electronics,1,2968.77,10,Durban,Store
ORD-101515,2025-07-24,CUST-1297,Zanele Ndlovu,Headphones,Electronics,1,987.7,0,Pretoria,Online
ORD-101516,2025-06-19,CUST-1422,Ayanda Mokoena,Microwave,Appliances,2,2275.62,10,Johannesburg,Mobile App
ORD-101517,2025-07-03,CUST-1026,Naledi Mthembu,Bookshelf,Furniture,3,1920.9,15,Gqeberha,Mobile App
ORD-101518,2025-12-16,CUST-1240,Tshepo Ndlovu,Laptop,Electronics,1,13409.13,5,Cape Town,Online
ORD-101519,2025-12-05,CUST-1352,Karabo Ndlovu,Bookshelf,Furniture,3,1954.44,15,Pretoria,Online
ORD-101520,2025-04-12,CUST-1290,Lerato Mokoena,Desk,Furniture,1,3547.11,5,Gqeberha,Store
ORD-101521,2025-07-31,CUST-1397,Zanele Mokoena,Coffee Maker,Appliances,3,1395.85,0,Pretoria,Mobile App
ORD-101522,2025-12-17,CUST-1209,Naledi Khumalo,Jacket,Clothing,4,1291.08,10,Pretoria,Mobile App
ORD-101523,2025-09-24,CUST-1308,Anele Nkosi,Tablet,Electronics,2,4876.09,5,Cape Town,Online
ORD-101524,2025-11-21,CUST-1189,Tshepo Nkosi,Tablet,Electronics,1,4432.46,25,Johannesburg,Store
ORD-101525,2025-06-08,CUST-1393,Zanele Dlamini,Jeans,Clothing,1,724.14,5,Johannesburg,Online
ORD-101526,2025-04-14,CUST-1054,Karabo Mahlangu,Laptop,Electronics,1,12358.59,5,Johannesburg,Online
ORD-101527,2025-07-06,CUST-1115,Zanele Nkosi,Monitor,Electronics,3,3234.35,5,Pretoria,Store
ORD-101528,2025-10-26,CUST-1044,Thabo Dlamini,Tablet,Electronics,2,4570.73,10,Bloemfontein,Online
ORD-101529,2025-12-06,CUST-1316,Lerato Mahlangu,Laptop,Electronics,1,12143.05,5,Durban,Store
ORD-101530,2025-09-08,CUST-1105,Karabo Mahlangu,Microwave,Appliances,5,2351.08,15,Pretoria,Online
ORD-101531,2025-09-15,CUST-1143,Zanele Khumalo,Smartphone,Electronics,3,7214.12,5,Bloemfontein,Store
ORD-101532,2025-07-06,CUST-1377,Tshepo Mahlangu,Laptop,Electronics,3,12798.46,5,Pretoria,Online
ORD-101533,2025-04-27,CUST-1163,Tshepo Khumalo,Microwave,Appliances,2,2059.02,10,Pretoria,Mobile App
ORD-101534,2025-06-04,CUST-1066,Anele Mthembu,Tablet,Electronics,5,5147.72,0,Bloemfontein,Store
ORD-101535,2025-07-01,CUST-1010,Ayanda Khumalo,Coffee Maker,Appliances,1,1367.4,10,Bloemfontein,Online
ORD-101536,2025-10-25,CUST-1103,Thabo Mthembu,Laptop,Electronics,1,11594.43,5,Pretoria,Online
ORD-101537,2025-07-22,CUST-1412,Lerato Dlamini,Tablet,Electronics,4,4983.36,5,Gqeberha,Online
ORD-101538,2025-10-17,CUST-1247,Lebo Mahlangu,Smartphone,Electronics,4,6836.48,15,Pretoria,Online
ORD-101539,2025-01-10,CUST-1448,Thabo Khumalo,Jacket,Clothing,2,1154.58,15,Pretoria,Store
ORD-101540,2025-10-04,CUST-1097,Lebo Khumalo,Jeans,Clothing,1,704.67,20,Johannesburg,Store
ORD-101541,2025-07-05,CUST-1159,Naledi Ndlovu,Bookshelf,Furniture,1,1887.2,5,Durban,Store
ORD-101542,2025-12-31,CUST-1074,Naledi Molefe,Headphones,Electronics,3,988.48,0,Johannesburg,Online
ORD-101543,2025-06-22,CUST-1180,Anele Dlamini,Smartphone,Electronics,3,6897.85,15,Gqeberha,Mobile App
ORD-101544,2025-06-24,CUST-1254,Zanele Mokoena,T-Shirt,Clothing,1,360.6,10,Durban,Store
ORD-101545,2025-02-16,CUST-1364,Anele Mahlangu,Headphones,Electronics,1,915.86,10,Cape Town,Online
ORD-101546,2025-10-22,CUST-1166,Naledi Mokoena,T-Shirt,Clothing,2,324.1,10,Gqeberha,Mobile App
ORD-101547,2025-09-14,CUST-1348,Karabo Mokoena,Jacket,Clothing,3,1268.68,15,Cape Town,Online
ORD-101548,2025-11-11,CUST-1282,Sipho Mthembu,Coffee Maker,Appliances,2,1276.25,0,Bloemfontein,Online
ORD-101549,2025-02-03,CUST-1132,Zanele Ndlovu,Bookshelf,Furniture,2,1827.97,10,Johannesburg,Store
ORD-101550,2025-03-19,CUST-1411,Lebo Dlamini,Laptop,Electronics,5,12298.89,0,Cape Town,Mobile App
ORD-101551,2025-11-17,CUST-1196,Naledi Dlamini,Monitor,Electronics,1,3312.34,5,Pretoria,Mobile App
ORD-101552,2025-01-16,CUST-1068,Sipho Ndlovu,Coffee Maker,Appliances,2,1428.37,10,Bloemfontein,Mobile App
ORD-101553,2025-07-05,CUST-1434,Tshepo Mokoena,Bookshelf,Furniture,2,2045.92,5,Gqeberha,Online
ORD-101554,2025-05-28,CUST-1412,Lerato Dlamini,Jeans,Clothing,2,667.48,5,Pretoria,Online
ORD-101555,2025-12-09,CUST-1023,Zanele Nkosi,Desk,Furniture,4,3673.78,20,Cape Town,Mobile App
ORD-101556,2025-11-09,CUST-1407,Lebo Khumalo,Tablet,Electronics,2,4483.46,15,Pretoria,Mobile App
ORD-101557,2025-11-24,CUST-1427,Thabo Nkosi,Microwave,Appliances,2,2299.64,5,Pretoria,Store
ORD-101558,2025-04-16,CUST-1374,Tshepo Dlamini,Sneakers,Clothing,1,1088.67,25,Durban,Online
ORD-101559,2025-08-03,CUST-1115,Zanele Nkosi,Kettle,Appliances,3,650.58,5,Bloemfontein,Online
ORD-101560,2025-09-13,CUST-1285,Thabo Khumalo,Coffee Maker,Appliances,2,1372.68,15,Pretoria,Online
ORD-101561,2025-12-20,CUST-1243,Sipho Mokoena,Monitor,Electronics,1,3070.62,0,Gqeberha,Store
ORD-101562,2025-01-03,CUST-1280,Lerato Ndlovu,Headphones,Electronics,2,962.27,0,Johannesburg,Store
ORD-101563,2025-12-23,CUST-1278,Naledi Mahlangu,Headphones,Electronics,2,1020.47,0,Durban,Online
ORD-101564,2025-05-10,CUST-1288,Naledi Khumalo,Microwave,Appliances,5,2345.33,0,Johannesburg,Online
ORD-101565,2025-02-16,CUST-1232,Zanele Dlamini,T-Shirt,Clothing,3,334.14,5,Johannesburg,Mobile App
ORD-101566,2025-08-13,CUST-1311,Ayanda Molefe,Desk,Furniture,3,3731.38,0,Bloemfontein,Store
ORD-101567,2025-10-13,CUST-1237,Zanele Nkosi,Kettle,Appliances,1,673.51,10,Cape Town,Store
ORD-101568,2025-02-17,CUST-1008,Karabo Mokoena,Jeans,Clothing,2,731.83,0,Pretoria,Online
ORD-101569,2025-01-15,CUST-1016,Zanele Khumalo,Microwave,Appliances,5,2303.45,0,Bloemfontein,Mobile App
ORD-101570,2025-11-24,CUST-1432,Lerato Nkosi,Kettle,Appliances,3,687.2,25,Pretoria,Mobile App
ORD-101571,2025-12-07,CUST-1410,Ayanda Mahlangu,Smartphone,Electronics,3,7374.39,10,Cape Town,Store
ORD-101572,2025-02-27,CUST-1264,Thabo Dlamini,Office Chair,Furniture,3,2753.06,20,Durban,Mobile App
ORD-101573,2025-11-26,CUST-1079,Sipho Nkosi,Sneakers,Clothing,1,1125.95,5,Cape Town,Store
ORD-101574,2025-11-29,CUST-1352,Karabo Ndlovu,Coffee Maker,Appliances,2,1411.52,0,Cape Town,Online
ORD-101575,2025-12-31,CUST-1065,Zanele Mokoena,Tablet,Electronics,1,5040.48,10,Gqeberha,Mobile App
ORD-101576,2025-03-20,CUST-1170,Thabo Mahlangu,Monitor,Electronics,1,3061.01,10,Pretoria,Online
ORD-101577,2025-07-31,CUST-1149,Lerato Mokoena,T-Shirt,Clothing,1,361.97,0,Pretoria,Online
ORD-101578,2025-12-29,CUST-1006,Ayanda Khumalo,Sneakers,Clothing,2,1187.3,20,Johannesburg,Online
ORD-101579,2025-11-26,CUST-1364,Anele Mahlangu,Smartphone,Electronics,1,6888.72,10,Gqeberha,Online
ORD-101580,2025-08-09,CUST-1230,Ayanda Mahlangu,Jeans,Clothing,4,731.66,15,Cape Town,Store
ORD-101581,2025-03-13,CUST-1143,Zanele Khumalo,Monitor,Electronics,2,3378.4,5,Gqeberha,Mobile App
ORD-101582,2025-01-31,CUST-1229,Sipho Mokoena,Headphones,Electronics,3,966.74,10,Gqeberha,Online
ORD-101583,2025-04-05,CUST-1001,Sipho Mokoena,Bookshelf,Furniture,2,1776.17,0,Bloemfontein,Mobile App
ORD-101584,2025-01-24,CUST-1197,Lebo Mokoena,Desk,Furniture,2,3453.19,25,Durban,Mobile App
ORD-101585,2025-03-13,CUST-1234,Sipho Mokoena,Jeans,Clothing,1,742.37,5,Gqeberha,Store
ORD-101586,2025-01-28,CUST-1153,Ayanda Mthembu,Monitor,Electronics,4,3253.25,0,Durban,Mobile App
ORD-101587,2025-10-06,CUST-1374,Tshepo Dlamini,Coffee Maker,Appliances,2,1405.3,0,Cape Town,Mobile App
ORD-101588,2025-08-04,CUST-1113,Thabo Ndlovu,Smartphone,Electronics,4,7125.97,10,Gqeberha,Store
ORD-101589,2025-07-09,CUST-1063,Ayanda Khumalo,Coffee Maker,Appliances,1,1326.01,25,Bloemfontein,Mobile App
ORD-101590,2025-10-23,CUST-1238,Naledi Molefe,Laptop,Electronics,3,12776.24,20,Cape Town,Mobile App
ORD-101591,2025-05-30,CUST-1400,Lebo Mokoena,Sneakers,Clothing,3,1018.55,10,Bloemfontein,Mobile App
ORD-101592,2025-05-28,CUST-1169,Tshepo Dlamini,Office Chair,Furniture,5,2763.1,25,Gqeberha,Mobile App
ORD-101593,2025-03-17,CUST-1021,Lebo Mahlangu,Office Chair,Furniture,2,2593.93,15,Bloemfontein,Mobile App
ORD-101594,2025-06-12,CUST-1437,Karabo Molefe,Laptop,Electronics,5,12819.69,0,Gqeberha,Store
ORD-101595,2025-03-05,CUST-1200,Anele Mthembu,Jacket,Clothing,2,1210.71,10,Johannesburg,Online
ORD-101596,2025-08-04,CUST-1078,Zanele Mahlangu,Tablet,Electronics,3,4649.01,0,Durban,Online
ORD-101597,2025-12-31,CUST-1278,Naledi Mahlangu,Jeans,Clothing,2,695.95,0,Cape Town,Store
ORD-101598,2025-07-14,CUST-1144,Lebo Nkosi,Jacket,Clothing,2,1232.39,5,Johannesburg,Mobile App
ORD-101599,2025-04-20,CUST-1423,Karabo Ndlovu,Coffee Maker,Appliances,?,1332.68,0,Johannesburg,Online
ORD-101600,2025-09-09,CUST-1133,Tshepo Khumalo,Jacket,Clothing,3,1320.41,25,Cape Town,Store
ORD-101601,2025-10-27,CUST-1248,Zanele Khumalo,Monitor,Electronics,1,3279.51,25,Johannesburg,Mobile App
ORD-101602,2025-06-22,CUST-1245,Lebo Ndlovu,Sneakers,Clothing,2,1147.07,5,Gqeberha,Store
ORD-101603,2025-04-02,CUST-1110,Sipho Mahlangu,Coffee Maker,Appliances,2,1359.72,10,Cape Town,Mobile App
ORD-101604,2025-09-18,CUST-1225,Anele Molefe,Monitor,Electronics,3,3365.7,5,Gqeberha,Online
ORD-101605,2025-03-10,CUST-1050,Naledi Mahlangu,Smartphone,Electronics,2,7345.73,0,Pretoria,Mobile App
ORD-101606,2025-12-31,CUST-1290,Lerato Mokoena,Microwave,Appliances,3,2306.76,0,Durban,Online
ORD-101607,2025-04-27,CUST-1342,Zanele Mahlangu,Tablet,Electronics,2,4750.61,0,Johannesburg,Store
ORD-101608,2025-05-08,CUST-1428,Thabo Nkosi,T-Shirt,Clothing,2,336.44,0,Pretoria,Mobile App
ORD-101609,2025-09-23,CUST-1147,Thabo Dlamini,Headphones,Electronics,3,946.39,0,Bloemfontein,Online
ORD-101610,2025-01-05,CUST-1129,Zanele Nkosi,Smartphone,Electronics,3,7012.07,0,Cape Town,Mobile App
ORD-101611,2025-03-16,CUST-1247,Lebo Mahlangu,Sneakers,Clothing,3,1164.45,0,Pretoria,Mobile App
ORD-101612,2025-02-15,CUST-1312,Ayanda Dlamini,Tablet,Electronics,3,5117.85,20,Pretoria,Mobile App
ORD-101613,2025-05-23,CUST-1447,Sipho Molefe,Jacket,Clothing,1,1248.37,0,Durban,Online
ORD-101614,2025-07-22,CUST-1012,Naledi Mahlangu,Jacket,Clothing,3,1310.01,0,Gqeberha,Store
ORD-101615,2025-03-07,CUST-1108,Thabo Mokoena,Laptop,Electronics,1,12261.03,5,Gqeberha,Mobile App
ORD-101616,2025-05-06,CUST-1119,Lebo Ndlovu,Tablet,Electronics,1,4676.11,5,Johannesburg,Mobile App
ORD-101617,2025-10-09,CUST-1115,Zanele Nkosi,Sneakers,Clothing,3,1116.29,5,Cape Town,Online
ORD-101618,2025-12-10,CUST-1209,Naledi Khumalo,Bookshelf,Furniture,2,2009.54,0,Durban,Mobile App
ORD-101619,2025-01-06,CUST-1393,Zanele Dlamini,Smartphone,Electronics,2,7364.15,10,Cape Town,Store
ORD-101620,2025-08-18,CUST-1014,Anele Molefe,Kettle,Appliances,5,620.76,10,Durban,Online
ORD-101621,2025-01-10,CUST-1368,Lerato Mahlangu,Headphones,Electronics,1,878.43,10,Bloemfontein,Online
ORD-101622,2025-07-09,CUST-1278,Naledi Mahlangu,Laptop,Electronics,1,12172.96,10,Bloemfontein,Store
ORD-101623,2025-11-18,CUST-1277,Naledi Mthembu,Microwave,Appliances,1,2070.04,5,Durban,Store
ORD-101624,2025-10-19,CUST-1306,Zanele Mahlangu,Laptop,Electronics,1,12026.64,5,Johannesburg,Online
ORD-101625,2025-03-26,CUST-1052,Lebo Molefe,T-Shirt,Clothing,3,375.08,0,Johannesburg,Mobile App
ORD-101626,2025-04-05,CUST-1337,Sipho Khumalo,Kettle,Appliances,3,682.39,5,Durban,Online
ORD-101627,2025-10-13,CUST-1112,Naledi Mahlangu,T-Shirt,Clothing,2,362.8,0,Bloemfontein,Online
ORD-101628,2025-10-27,CUST-1233,Naledi Nkosi,T-Shirt,Clothing,1,353.88,0,Durban,Mobile App
ORD-101629,2025-04-13,CUST-1305,Karabo Ndlovu,Office Chair,Furniture,2,2746.33,10,Pretoria,Mobile App
ORD-101630,2025-01-02,CUST-1272,Zanele Nkosi,Smartphone,Electronics,1,7440.04,0,Johannesburg,Online
ORD-101631,2025-06-12,CUST-1146,Thabo Mthembu,T-Shirt,Clothing,3,327.32,0,Gqeberha,Mobile App
ORD-101632,2025-08-15,CUST-1179,Anele Ndlovu,Microwave,Appliances,2,2185.24,10,Cape Town,Online
ORD-101633,2025-06-11,CUST-1215,Lebo Khumalo,Smartphone,Electronics,1,6742.8,5,Gqeberha,Mobile App
ORD-101634,2025-12-08,CUST-1019,Zanele Ndlovu,Microwave,Appliances,3,2109.54,15,Durban,Mobile App
ORD-101635,2025-10-24,CUST-1327,Lerato Mokoena,Desk,Furniture,3,3704.35,20,Johannesburg,Online
ORD-101636,2025-10-15,CUST-1045,Zanele Ndlovu,T-Shirt,Clothing,1,343.49,25,Cape Town,Mobile App
ORD-101637,2025-01-08,CUST-1207,Naledi Nkosi,Tablet,Electronics,2,4750.4,5,Durban,Online
ORD-101638,2025-11-08,CUST-1295,Naledi Mthembu,Jeans,Clothing,2,669.74,0,Cape Town,Mobile App
ORD-101639,2025-10-03,CUST-1037,Sipho Mahlangu,Tablet,Electronics,1,4950.66,10,Cape Town,Store
ORD-101640,2025-05-25,CUST-1448,Thabo Khumalo,Monitor,Electronics,1,3069.69,10,Gqeberha,Store
ORD-101641,2025-08-04,CUST-1170,Thabo Mahlangu,Jacket,Clothing,3,1307.77,10,Bloemfontein,Online
ORD-101642,2025-10-28,CUST-1008,Karabo Mokoena,Laptop,Electronics,4,13489.54,0,Cape Town,Mobile App
ORD-101643,2025-11-27,CUST-1297,Zanele Ndlovu,Desk,Furniture,2,3495.15,0,Gqeberha,Mobile App
ORD-101644,2025-07-21,CUST-1251,Lebo Nkosi,T-Shirt,Clothing,2,360.18,0,Bloemfontein,Store
ORD-101645,2025-01-16,CUST-1289,Ayanda Molefe,Smartphone,Electronics,2,6784.95,0,Durban,Mobile App
ORD-101646,2025-08-14,CUST-1338,Lebo Mokoena,Monitor,Electronics,2,3174.58,0,Cape Town,Mobile App
ORD-101647,2025-09-06,CUST-1215,Lebo Khumalo,Office Chair,Furniture,1,2710.19,20,Gqeberha,Online
ORD-101648,2025-01-22,CUST-1373,Anele Mokoena,Jeans,Clothing,2,752.05,0,Pretoria,Store
ORD-101649,2025-10-26,CUST-1167,Sipho Mthembu,Kettle,Appliances,4,604.23,10,Johannesburg,Mobile App
ORD-101650,2025-03-15,CUST-1246,Zanele Molefe,Coffee Maker,Appliances,3,1291.08,25,Pretoria,Mobile App
ORD-101651,2025-11-22,CUST-1072,Karabo Khumalo,Tablet,Electronics,4,5119.83,5,Johannesburg,Online
ORD-101652,2025-07-21,CUST-1279,Ayanda Nkosi,Laptop,Electronics,1,12664.86,5,Gqeberha,Mobile App
ORD-101653,2025-04-28,CUST-1118,Karabo Mokoena,Laptop,Electronics,2,13361.84,10,Johannesburg,Store
ORD-101654,2025-01-22,CUST-1314,Anele Khumalo,T-Shirt,Clothing,2,360.11,0,Cape Town,Store
ORD-101655,2025-01-07,CUST-1361,Lebo Mthembu,Tablet,Electronics,1,4572.1,5,Bloemfontein,Store
ORD-101656,2025-09-28,CUST-1387,Lerato Mthembu,Headphones,Electronics,2,924.64,15,Bloemfontein,Store
ORD-101657,2025-05-18,CUST-1419,Karabo Khumalo,Coffee Maker,Appliances,3,1332.72,15,Durban,Mobile App
ORD-101658,2025-11-03,CUST-1056,Tshepo Mthembu,Microwave,Appliances,3,2107.9,15,Gqeberha,Online
ORD-101659,2025-03-26,CUST-1063,Ayanda Khumalo,Coffee Maker,Appliances,2,1243.59,25,Pretoria,Online
ORD-101660,2025-12-02,CUST-1417,Sipho Molefe,Headphones,Electronics,1,1022.76,5,Gqeberha,Store
ORD-101661,2025-12-10,CUST-1172,Anele Nkosi,Jeans,Clothing,3,665.86,15,Pretoria,Mobile App
ORD-101662,2025-02-07,CUST-1012,Naledi Mahlangu,Jeans,Clothing,1,647.04,10,Durban,Store
ORD-101663,2025-08-25,CUST-1130,Zanele Mthembu,Tablet,Electronics,1,5033.93,10,Durban,Mobile App
ORD-101664,2025-12-09,CUST-1377,Tshepo Mahlangu,T-Shirt,Clothing,2,332.6,15,Pretoria,Mobile App
ORD-101665,2025-04-28,CUST-1160,Anele Ndlovu,Bookshelf,Furniture,2,1937.18,15,Johannesburg,Mobile App
ORD-101666,2025-01-25,CUST-1035,Thabo Ndlovu,Office Chair,Furniture,5,2695.21,20,Durban,Mobile App
ORD-101667,2025-11-16,CUST-1325,Thabo Nkosi,Sneakers,Clothing,2,1110.43,0,Johannesburg,Mobile App
ORD-101668,2025-06-23,CUST-1088,Thabo Mahlangu,Jacket,Clothing,1,1337.91,10,Bloemfontein,Mobile App
ORD-101669,2025-01-10,CUST-1159,Naledi Ndlovu,Bookshelf,Furniture,1,1985.83,0,Johannesburg,Online
ORD-101670,2025-11-03,CUST-1002,Thabo Mthembu,Jacket,Clothing,3,1160.82,10,Durban,Store
ORD-101671,2025-09-05,CUST-1271,Ayanda Dlamini,Sneakers,Clothing,2,1018.07,15,Durban,Mobile App
ORD-101672,2025-01-26,CUST-1201,Thabo Molefe,T-Shirt,Clothing,1,363.26,15,Pretoria,Store
ORD-101673,2025-04-05,CUST-1391,Zanele Molefe,Monitor,Electronics,2,3030.09,5,Bloemfontein,Mobile App
ORD-101674,2025-01-07,CUST-1151,Lerato Dlamini,Sneakers,Clothing,1,1116.88,5,Pretoria,Store
ORD-101675,2025-12-15,CUST-1093,Lerato Ndlovu,Jacket,Clothing,2,1263.52,0,Johannesburg,Online
ORD-101676,2025-01-10,CUST-1075,Lebo Khumalo,Kettle,Appliances,2,675.01,0,Cape Town,Online
ORD-101677,2025-10-18,CUST-1091,Zanele Molefe,Tablet,Electronics,1,4860.2,0,Pretoria,Online
ORD-101678,2025-07-06,CUST-1203,Lebo Molefe,Desk,Furniture,3,3431.64,20,Durban,Online
ORD-101679,2025-08-01,CUST-1040,Sipho Mthembu,Microwave,Appliances,2,2029.04,0,Bloemfontein,Mobile App
ORD-101680,2025-10-24,CUST-1182,Karabo Ndlovu,Bookshelf,Furniture,2,1992.49,25,Pretoria,Online
ORD-101681,2025-11-23,CUST-1385,Lebo Ndlovu,Kettle,Appliances,1,603.93,0,Gqeberha,Mobile App
ORD-101682,2025-02-16,CUST-1346,Karabo Khumalo,Laptop,Electronics,2,11513.61,15,Cape Town,Store
ORD-101683,2025-01-07,CUST-1287,Lebo Dlamini,Laptop,Electronics,1,11714.59,10,Cape Town,Store
ORD-101684,2025-02-15,CUST-1402,Karabo Mokoena,Sneakers,Clothing,2,1187.71,10,Durban,Online
ORD-101685,2025-09-07,CUST-1352,Karabo Ndlovu,Office Chair,Furniture,1,3004.59,10,Pretoria,Mobile App
ORD-101686,2025-07-27,CUST-1294,Lerato Khumalo,Bookshelf,Furniture,5,2047.7,10,Bloemfontein,Mobile App
ORD-101687,2025-01-31,CUST-1389,Naledi Dlamini,Desk,Furniture,?,3805.63,20,Cape Town,Store
ORD-101688,2025-03-27,CUST-1056,Tshepo Mthembu,Desk,Furniture,4,3811.56,10,Johannesburg,Online
ORD-101689,2025-07-16,CUST-1369,Tshepo Mahlangu,Kettle,Appliances,4,675.13,0,Durban,Store
ORD-101690,2025-09-24,CUST-1133,Tshepo Khumalo,Smartphone,Electronics,2,6692.94,0,Gqeberha,Online
ORD-101691,2025-05-06,CUST-1330,Lebo Mokoena,Sneakers,Clothing,1,1050.03,10,Cape Town,Store
ORD-101692,2025-12-13,CUST-1411,Lebo Dlamini,Microwave,Appliances,2,2093.82,5,Pretoria,Online
ORD-101693,2025-12-29,CUST-1224,Zanele Ndlovu,Jeans,Clothing,5,677.16,10,Durban,Store
ORD-101694,2025-10-07,CUST-1040,Sipho Mthembu,Office Chair,Furniture,2,2636.42,10,Johannesburg,Online
ORD-101695,2025-06-15,CUST-1167,Sipho Mthembu,Tablet,Electronics,2,4659.57,5,Pretoria,Store
ORD-101696,2025-11-17,CUST-1184,Tshepo Mahlangu,Jacket,Clothing,2,1157.62,15,Durban,Mobile App
ORD-101697,2025-09-23,CUST-1422,Ayanda Mokoena,Bookshelf,Furniture,4,1839.32,15,Pretoria,Online
ORD-101698,2025-07-09,CUST-1425,Naledi Mahlangu,Tablet,Electronics,1,4842.14,15,Bloemfontein,Mobile App
ORD-101699,2025-06-11,CUST-1256,Tshepo Mahlangu,Office Chair,Furniture,2,2780.65,15,Pretoria,Online
ORD-101700,2025-10-31,CUST-1428,Thabo Nkosi,Kettle,Appliances,1,656.85,20,Cape Town,Store
ORD-101701,2025-07-23,CUST-1197,Lebo Mokoena,Headphones,Electronics,2,938.31,10,Gqeberha,Mobile App
ORD-101702,2025-03-08,CUST-1186,Lebo Mokoena,Tablet,Electronics,5,5180.89,25,Durban,Store
ORD-101703,2025-12-31,CUST-1377,Tshepo Mahlangu,Jacket,Clothing,3,1163.6,0,Gqeberha,Store
ORD-101704,2025-01-25,CUST-1301,Naledi Nkosi,Tablet,Electronics,1,5147.5,10,Durban,Mobile App
ORD-101705,2025-09-11,CUST-1236,Tshepo Dlamini,Microwave,Appliances,2,2099.86,15,Pretoria,Online
ORD-101706,2025-08-28,CUST-1206,Thabo Mahlangu,Coffee Maker,Appliances,3,1274.89,5,Durban,Mobile App
ORD-101707,2025-08-02,CUST-1318,Naledi Mthembu,Kettle,Appliances,2,648.97,0,Pretoria,Store
ORD-101708,2025-01-19,CUST-1340,Lerato Khumalo,Microwave,Appliances,1,2138.33,10,Durban,Online
ORD-101709,2025-06-29,CUST-1221,Karabo Khumalo,Headphones,Electronics,2,1008.16,5,Cape Town,Store
ORD-101710,2025-11-22,CUST-1015,Karabo Ndlovu,Headphones,Electronics,2,911.09,20,Bloemfontein,Mobile App
ORD-101711,2025-03-29,CUST-1046,Tshepo Nkosi,Office Chair,Furniture,5,2860.68,5,Pretoria,Mobile App
ORD-101712,2025-09-10,CUST-1065,Zanele Mokoena,Bookshelf,Furniture,2,1997.87,0,Cape Town,Online
ORD-101713,2025-11-10,CUST-1208,Thabo Nkosi,Microwave,Appliances,1,2024.7,10,Johannesburg,Online
ORD-101714,2025-12-14,CUST-1277,Naledi Mthembu,Sneakers,Clothing,3,1136.4,5,Pretoria,Mobile App
ORD-101715,2025-07-08,CUST-1362,Thabo Molefe,Jeans,Clothing,1,681.08,0,Durban,Mobile App
ORD-101716,2025-04-25,CUST-1105,Karabo Mahlangu,Microwave,Appliances,4,2280.67,10,Pretoria,Mobile App
ORD-101717,2025-09-13,CUST-1354,Lerato Khumalo,Jeans,Clothing,2,696.73,10,Cape Town,Online
ORD-101718,2025-06-27,CUST-1300,Lebo Mthembu,Office Chair,Furniture,1,2918.82,0,Cape Town,Mobile App
ORD-101719,2025-08-17,CUST-1024,Tshepo Mokoena,Desk,Furniture,2,3719.4,10,Cape Town,Mobile App
ORD-101720,2025-09-28,CUST-1159,Naledi Ndlovu,Bookshelf,Furniture,1,1860.84,10,Gqeberha,Mobile App
ORD-101721,2025-09-17,CUST-1137,Anele Mahlangu,Smartphone,Electronics,2,6927.95,15,,Store
ORD-101722,2025-03-30,CUST-1399,Lebo Dlamini,Sneakers,Clothing,2,1054.68,5,Johannesburg,Online
ORD-101723,2025-10-03,CUST-1415,Lebo Mokoena,Jeans,Clothing,3,648.03,0,Gqeberha,Mobile App
ORD-101724,2025-07-17,CUST-1369,Tshepo Mahlangu,Jacket,Clothing,3,1325.05,25,Pretoria,Online
ORD-101725,2025-12-06,CUST-1238,Naledi Molefe,T-Shirt,Clothing,2,346.04,10,Bloemfontein,Online
ORD-101726,2025-08-29,CUST-1222,Naledi Nkosi,Sneakers,Clothing,1,1084.66,0,Bloemfontein,Online
ORD-101727,2025-11-22,CUST-1141,Zanele Khumalo,Kettle,Appliances,2,657.72,15,Cape Town,Mobile App
ORD-101728,2025-12-24,CUST-1348,Karabo Mokoena,T-Shirt,Clothing,2,350.34,0,Pretoria,Mobile App
ORD-101729,2025-12-29,CUST-1039,Ayanda Ndlovu,Desk,Furniture,2,3718.36,15,Pretoria,Online
ORD-101730,2025-09-29,CUST-1123,Tshepo Mokoena,Smartphone,Electronics,4,7023.25,10,Durban,Online
ORD-101731,2025-08-07,CUST-1061,Zanele Nkosi,Sneakers,Clothing,5,1089.57,25,Gqeberha,Mobile App
ORD-101732,2025-02-13,CUST-1223,Lerato Nkosi,Microwave,Appliances,1,2193.29,25,Bloemfontein,Store
ORD-101733,2025-05-21,CUST-1135,Karabo Nkosi,Jacket,Clothing,3,1191.86,0,Pretoria,Online
ORD-101734,2025-06-23,CUST-1089,Ayanda Mahlangu,Coffee Maker,Appliances,3,1444.31,15,Pretoria,Online
ORD-101735,2025-10-12,CUST-1170,Thabo Mahlangu,Coffee Maker,Appliances,1,1399.98,0,Pretoria,Online
ORD-101736,2025-08-03,CUST-1388,Ayanda Dlamini,Sneakers,Clothing,2,1034.58,10,Bloemfontein,Online
ORD-101737,2025-06-10,CUST-1252,Zanele Khumalo,Bookshelf,Furniture,1,2022.03,10,Bloemfontein,Online
ORD-101738,2025-02-23,CUST-1371,Karabo Khumalo,Smartphone,Electronics,1,7461.21,0,Pretoria,Online
ORD-101739,2025-09-19,CUST-1412,Lerato Dlamini,Laptop,Electronics,5,12725.68,0,Durban,Store
ORD-101740,2025-06-07,CUST-1406,Lerato Mthembu,Headphones,Electronics,2,968.54,0,Johannesburg,Online
ORD-101741,2025-01-14,CUST-1158,Lerato Dlamini,Desk,Furniture,1,3405.37,0,Bloemfontein,Mobile App
ORD-101742,2025-04-14,CUST-1395,Tshepo Nkosi,Sneakers,Clothing,2,1112.22,0,Cape Town,Online
ORD-101743,2025-11-18,CUST-1410,Ayanda Mahlangu,Desk,Furniture,5,3550.08,20,Bloemfontein,Online
ORD-101744,2025-02-13,CUST-1432,Lerato Nkosi,Laptop,Electronics,2,12450.75,5,Gqeberha,Store
ORD-101745,2025-05-29,CUST-1158,Lerato Dlamini,Headphones,Electronics,4,894.17,15,Bloemfontein,Store
ORD-101746,2025-07-06,CUST-1103,Thabo Mthembu,Kettle,Appliances,4,664.51,15,Gqeberha,Mobile App
ORD-101747,2025-01-31,CUST-1263,Lebo Nkosi,Kettle,Appliances,1,671.13,15,Cape Town,Store
ORD-101748,2025-03-02,CUST-1420,Zanele Mahlangu,Office Chair,Furniture,3,2920.98,5,Durban,Online
ORD-101749,2025-12-10,CUST-1406,Lerato Mthembu,Coffee Maker,Appliances,2,1386.46,20,Bloemfontein,Online
ORD-101750,2025-08-04,CUST-1258,Anele Dlamini,Jacket,Clothing,3,1164.51,15,Pretoria,Store
ORD-101751,2025-03-18,CUST-1068,Sipho Ndlovu,Microwave,Appliances,1,2091.78,15,Gqeberha,Mobile App
ORD-101752,2025-03-03,CUST-1191,Ayanda Ndlovu,Microwave,Appliances,2,2248.14,20,Pretoria,Online
ORD-101753,2025-06-05,CUST-1322,Tshepo Ndlovu,Jeans,Clothing,1,687.96,10,Johannesburg,Store
ORD-101754,2025-09-22,CUST-1253,Ayanda Dlamini,Office Chair,Furniture,2,2895.64,5,Cape Town,Mobile App
ORD-101755,2025-09-24,CUST-1156,Anele Mokoena,Jeans,Clothing,3,681.01,20,Pretoria,Mobile App
ORD-101756,2025-03-13,CUST-1155,Lebo Mthembu,Monitor,Electronics,3,3125.38,5,Durban,Online
ORD-101757,2025-09-22,CUST-1027,Thabo Mokoena,Office Chair,Furniture,3,2849.28,15,Cape Town,Online
ORD-101758,2025-11-24,CUST-1130,Zanele Mthembu,Jeans,Clothing,1,657.93,0,Pretoria,Online
ORD-101759,2025-03-24,CUST-1302,Sipho Ndlovu,T-Shirt,Clothing,1,368.36,0,Durban,Mobile App
ORD-101760,2025-01-10,CUST-1109,Thabo Nkosi,T-Shirt,Clothing,3,375.86,5,Cape Town,Online
ORD-101761,2025-12-16,CUST-1448,Thabo Khumalo,Office Chair,Furniture,2,2780.26,0,Gqeberha,Mobile App
ORD-101762,2025-07-10,CUST-1038,Sipho Khumalo,Desk,Furniture,3,3495.11,25,Durban,Store
ORD-101763,2025-10-11,CUST-1265,Lerato Molefe,Laptop,Electronics,1,11974.55,0,Bloemfontein,Store
ORD-101764,2025-04-27,CUST-1224,Zanele Ndlovu,Jeans,Clothing,3,717.84,15,Durban,Online
ORD-101765,2025-04-20,CUST-1375,Thabo Molefe,T-Shirt,Clothing,4,323.36,0,Cape Town,Mobile App
ORD-101766,2025-03-24,CUST-1400,Lebo Mokoena,Kettle,Appliances,1,662.13,25,Johannesburg,Online
ORD-101767,2025-03-21,CUST-1245,Lebo Ndlovu,Bookshelf,Furniture,1,1843.65,5,Durban,Mobile App
ORD-101768,2025-06-22,CUST-1284,Ayanda Khumalo,Bookshelf,Furniture,2,1939.58,0,Cape Town,Store
ORD-101769,2025-02-08,CUST-1315,Ayanda Khumalo,Smartphone,Electronics,2,7360.92,0,Gqeberha,Mobile App
ORD-101770,2025-11-04,CUST-1235,Lebo Khumalo,Tablet,Electronics,5,4677.01,10,Cape Town,Online
ORD-101771,2025-07-06,CUST-1084,Zanele Molefe,Office Chair,Furniture,5,2744.78,25,Gqeberha,Mobile App
ORD-101772,2025-12-01,CUST-1193,Lerato Khumalo,Office Chair,Furniture,3,2630.19,25,Gqeberha,Online
ORD-101773,2025-07-03,CUST-1109,Thabo Nkosi,Office Chair,Furniture,1,2678.25,0,Johannesburg,Store
ORD-101774,2025-04-21,CUST-1209,Naledi Khumalo,Office Chair,Furniture,2,2863.43,5,Durban,Store
ORD-101775,2025-07-07,CUST-1277,Naledi Mthembu,Sneakers,Clothing,4,1060.61,0,Bloemfontein,Mobile App
ORD-101776,2025-02-26,CUST-1095,Karabo Mahlangu,Smartphone,Electronics,2,6660.55,5,Bloemfontein,Mobile App
ORD-101777,2025-10-28,CUST-1113,Thabo Ndlovu,Monitor,Electronics,5,3051.66,10,Cape Town,Mobile App
ORD-101778,2025-09-20,CUST-1371,Karabo Khumalo,Tablet,Electronics,2,4733.72,0,Cape Town,Store
ORD-101779,2025-02-23,CUST-1170,Thabo Mahlangu,Monitor,Electronics,1,3005.94,10,Cape Town,Online
ORD-101780,2025-08-01,CUST-1090,Thabo Nkosi,Jacket,Clothing,3,1290.12,20,Durban,Store
ORD-101781,2025-07-16,CUST-1321,Karabo Mokoena,Laptop,Electronics,3,13040.95,0,Gqeberha,Store
ORD-101782,2025-03-15,CUST-1323,Naledi Ndlovu,Office Chair,Furniture,1,2831.06,0,Johannesburg,Mobile App
ORD-101783,2025-02-14,CUST-1372,Lebo Mahlangu,Laptop,Electronics,1,12349.38,0,Durban,Mobile App
ORD-101784,2025-10-05,CUST-1342,Zanele Mahlangu,Kettle,Appliances,3,636.71,0,Gqeberha,Online
ORD-101785,2025-04-07,CUST-1447,Sipho Molefe,Jacket,Clothing,1,1305.88,0,Cape Town,Online
ORD-101786,2025-07-09,CUST-1259,Zanele Molefe,Headphones,Electronics,1,900.17,10,Durban,Online
ORD-101787,2025-04-01,CUST-1130,Zanele Mthembu,Tablet,Electronics,3,4809.3,0,Cape Town,Store
ORD-101788,2025-08-27,CUST-1389,Naledi Dlamini,Smartphone,Electronics,3,6635.95,15,Durban,Online
ORD-101789,2025-01-18,CUST-1120,Thabo Mahlangu,Bookshelf,Furniture,3,1839.97,20,Durban,Online
ORD-101790,2025-05-12,CUST-1131,Naledi Mokoena,Sneakers,Clothing,5,1029.1,20,Bloemfontein,Online
ORD-101791,2025-07-19,CUST-1373,Anele Mokoena,T-Shirt,Clothing,4,369.43,10,Durban,Mobile App
ORD-101792,2025-06-10,CUST-1397,Zanele Mokoena,Microwave,Appliances,2,2128.23,0,Gqeberha,Online
ORD-101793,2025-08-12,CUST-1153,Ayanda Mthembu,Office Chair,Furniture,1,2611.93,0,Pretoria,Store
ORD-101794,2025-03-07,CUST-1329,Naledi Mokoena,Monitor,Electronics,3,3147.81,0,Gqeberha,Mobile App
ORD-101795,2025-06-11,CUST-1416,Anele Mokoena,Bookshelf,Furniture,2,1973.91,25,Pretoria,Store
ORD-101796,2025-10-04,CUST-1360,Ayanda Mahlangu,Headphones,Electronics,3,894.5,25,Durban,Store
ORD-101797,2025-05-02,CUST-1003,Thabo Ndlovu,Kettle,Appliances,2,695.35,5,Bloemfontein,Online
ORD-101798,2025-02-27,CUST-1300,Lebo Mthembu,Tablet,Electronics,2,5067.73,0,Cape Town,Online
ORD-101799,2025-11-06,CUST-1077,Karabo Ndlovu,Bookshelf,Furniture,2,1961.19,5,Johannesburg,Online
ORD-101800,2025-10-12,CUST-1381,Anele Mokoena,Bookshelf,Furniture,2,1930.4,0,Bloemfontein,Online
ORD-101801,2025-09-06,CUST-1031,Karabo Mokoena,Laptop,Electronics,4,12583.4,25,Durban,Store
ORD-101802,2025-10-19,CUST-1447,Sipho Molefe,Bookshelf,Furniture,1,1936.03,0,Bloemfontein,Mobile App
ORD-101803,2025-10-12,CUST-1080,Tshepo Mokoena,Desk,Furniture,4,3351.76,5,Bloemfontein,Mobile App
ORD-101804,2025-09-30,CUST-1190,Naledi Dlamini,Headphones,Electronics,1,897.5,5,Pretoria,Mobile App
ORD-101805,2025-07-05,CUST-1106,Naledi Mahlangu,Smartphone,Electronics,3,6766.89,0,Johannesburg,Store
ORD-101806,2025-01-08,CUST-1367,Lerato Dlamini,Laptop,Electronics,4,12273.54,5,Gqeberha,Mobile App
ORD-101807,2025-08-06,CUST-1178,Zanele Nkosi,Laptop,Electronics,2,12761.62,20,Gqeberha,Online
ORD-101808,2025-04-10,CUST-1336,Zanele Molefe,Bookshelf,Furniture,1,1961.07,0,Gqeberha,Online
ORD-101809,2025-10-10,CUST-1031,Karabo Mokoena,Smartphone,Electronics,3,6953.65,10,Johannesburg,Store
ORD-101810,2025-06-20,CUST-1204,Lebo Dlamini,Kettle,Appliances,3,678.73,5,Bloemfontein,Mobile App
ORD-101811,2025-11-27,CUST-1410,Ayanda Mahlangu,Headphones,Electronics,1,1014.5,0,Pretoria,online
ORD-101812,2025-08-06,CUST-1418,Ayanda Mthembu,Jeans,Clothing,2,650.77,0,Durban,Mobile App
ORD-101813,2025-07-20,CUST-1094,Naledi Mokoena,Jacket,Clothing,3,1207.64,0,Cape Town,Store
ORD-101814,2025-12-02,CUST-1178,Zanele Nkosi,Bookshelf,Furniture,1,2045.5,0,Cape Town,Online
ORD-101815,2025-06-23,CUST-1185,Naledi Khumalo,Microwave,Appliances,2,2155.95,5,Gqeberha,Mobile App
ORD-101816,2025-05-18,CUST-1255,Ayanda Mokoena,Smartphone,Electronics,2,7372.78,15,Cape Town,Mobile App
ORD-101817,2025-05-16,CUST-1242,Ayanda Mahlangu,Headphones,Electronics,2,970.02,15,Gqeberha,Online
ORD-101818,2025-11-16,CUST-1048,Lerato Nkosi,Headphones,Electronics,4,996.38,25,Durban,Mobile App
ORD-101819,2025-10-04,CUST-1344,Zanele Mokoena,Tablet,Electronics,1,5133.02,5,Cape Town,Store
ORD-101820,2025-03-01,CUST-1102,Zanele Khumalo,Monitor,Electronics,4,3201.45,10,Gqeberha,Online
ORD-101821,2025-06-29,CUST-1142,Tshepo Nkosi,Monitor,Electronics,2,3081.6,10,Gqeberha,Mobile App
ORD-101822,2025-05-16,CUST-1379,Ayanda Ndlovu,Sneakers,Clothing,2,1184.0,0,Johannesburg,Store
ORD-101823,2025-08-25,CUST-1311,Ayanda Molefe,Monitor,Electronics,2,3433.0,0,Gqeberha,Store
ORD-101824,2025-01-20,CUST-1179,Anele Ndlovu,Microwave,Appliances,2,2323.2,5,Cape Town,Store
ORD-101825,2025-09-18,CUST-1411,Lebo Dlamini,Sneakers,Clothing,3,1138.2,15,Pretoria,Mobile App
ORD-101826,2025-09-29,CUST-1178,Zanele Nkosi,Microwave,Appliances,3,2247.81,5,Johannesburg,Mobile App
ORD-101827,2025-03-24,CUST-1255,Ayanda Mokoena,Smartphone,Electronics,3,7075.6,0,Pretoria,Mobile App
ORD-101828,2025-02-24,CUST-1111,Lerato Khumalo,Kettle,Appliances,2,617.08,25,Cape Town,Online
ORD-101829,2025-08-18,CUST-1083,Ayanda Mahlangu,Jeans,Clothing,1,724.34,0,Gqeberha,Mobile App
ORD-101830,2025-04-04,CUST-1222,Naledi Nkosi,kettle,Appliances,1,691.84,25,Bloemfontein,Online
ORD-101831,2025-12-10,CUST-1254,Zanele Mokoena,Office Chair,Furniture,3,2601.12,15,Cape Town,Store
ORD-101832,2025-10-10,CUST-1363,Zanele Mthembu,Kettle,Appliances,2,689.04,15,Pretoria,Mobile App
ORD-101833,2025-12-15,CUST-1176,Sipho Mthembu,T-Shirt,Clothing,2,370.04,15,Gqeberha,Store
ORD-101834,2025-07-15,CUST-1403,Zanele Ndlovu,Smartphone,Electronics,2,7618.62,0,Cape Town,Online
ORD-101835,2025-12-09,CUST-1274,Naledi Nkosi,Desk,Furniture,2,3842.59,10,Durban,Store
ORD-101836,2025-01-06,CUST-1032,Naledi Molefe,Tablet,Electronics,3,4715.03,15,Durban,Store
ORD-101837,not available,CUST-1333,Sipho Nkosi,Kettle,Appliances,2,679.54,15,Durban,Online
ORD-101838,2025-01-01,CUST-1259,Zanele Molefe,Monitor,Electronics,5,2996.16,0,Cape Town,Mobile App
ORD-101839,2025-09-05,CUST-1176,Sipho Mthembu,Headphones,Electronics,1,1018.78,0,Cape Town,Store
ORD-101840,2025-07-06,CUST-1211,Thabo Mthembu,T-Shirt,Clothing,2,329.98,0,Pretoria,Store
ORD-101841,2025-04-15,CUST-1136,Sipho Molefe,Desk,Furniture,1,3379.18,5,Gqeberha,Online
ORD-101842,2025-04-22,CUST-1277,Naledi Mthembu,Smartphone,Electronics,3,6660.4,10,Cape Town,Store
ORD-101843,2025-08-23,CUST-1256,Tshepo Mahlangu,Coffee Maker,Appliances,3,1311.41,15,Pretoria,Online
ORD-101844,2025-03-07,CUST-1202,Lerato Dlamini,Coffee Maker,Appliances,3,1308.75,15,Gqeberha,Store
ORD-101845,2025-07-07,CUST-1129,Zanele Nkosi,Sneakers,Clothing,3,1062.88,10,Cape Town,Online
ORD-101846,2025-08-12,CUST-1180,Anele Dlamini,Jeans,Clothing,2,705.02,0,Pretoria,Mobile App
ORD-101847,2025-03-29,CUST-1225,Anele Molefe,Desk,Furniture,1,3790.16,5,Durban,Store
ORD-101848,2025-03-25,CUST-1213,Lebo Molefe,T-Shirt,Clothing,2,361.82,0,Durban,Mobile App
ORD-101849,2025-05-10,CUST-1140,Tshepo Mokoena,Bookshelf,Furniture,1,1952.56,0,Bloemfontein,Store
ORD-101850,2025-08-05,CUST-1262,Anele Ndlovu,Tablet,Electronics,4,4462.03,0,Pretoria,Online
ORD-101851,2025-04-03,CUST-1102,Zanele Khumalo,Smartphone,Electronics,3,6992.43,0,Cape Town,Store
ORD-101852,2025-05-19,CUST-1226,Lerato Nkosi,Headphones,Electronics,3,1018.54,0,Durban,Online
ORD-101853,2025-07-18,CUST-1055,Tshepo Nkosi,Desk,Furniture,4,3623.94,10,Durban,Mobile App
ORD-101854,2025-03-10,CUST-1213,Lebo Molefe,Tablet,Electronics,3,4891.23,0,Bloemfontein,Online
ORD-101855,2025-07-27,CUST-1353,Lerato Khumalo,Smartphone,Electronics,?,7730.14,0,Durban,Store
ORD-101856,2025-02-20,CUST-1369,Tshepo Mahlangu,Coffee Maker,Appliances,1,1252.34,0,Bloemfontein,Store
ORD-101857,2025-02-22,CUST-1313,Ayanda Molefe,Office Chair,Furniture,1,2683.81,10,Cape Town,Mobile App
ORD-101858,2025-03-28,CUST-1336,Zanele Molefe,T-Shirt,Clothing,4,334.32,10,Johannesburg,Mobile App
ORD-101859,2025-04-15,CUST-1030,Thabo Ndlovu,Bookshelf,Furniture,4,1759.0,0,Cape Town,Mobile App
ORD-101860,2025-01-11,CUST-1154,Lerato Mahlangu,Sneakers,Clothing,3,1019.43,0,Bloemfontein,Mobile App
ORD-101861,2025-12-17,CUST-1295,Naledi Mthembu,Sneakers,Clothing,2,1024.97,25,Johannesburg,Mobile App
ORD-101862,2025-04-23,CUST-1361,Lebo Mthembu,Monitor,Electronics,1,3369.64,10,Durban,Store
ORD-101863,2025-10-21,CUST-1263,Lebo Nkosi,Coffee Maker,Appliances,4,1249.77,10,Cape Town,Store
ORD-101864,2025-11-26,CUST-1385,Lebo Ndlovu,Office Chair,Furniture,1,2852.8,10,Durban,Store
ORD-101865,2025-10-20,CUST-1123,Tshepo Mokoena,Coffee Maker,Appliances,2,1378.41,15,Bloemfontein,Mobile App
ORD-101866,2025-10-31,CUST-1070,Ayanda Nkosi,Desk,Furniture,1,3885.41,20,Cape Town,Store
ORD-101867,2025-02-06,CUST-1039,Ayanda Ndlovu,Smartphone,Electronics,1,6729.75,5,Johannesburg,Online
ORD-101868,2025-05-16,CUST-1263,Lebo Nkosi,Sneakers,Clothing,3,1138.78,10,Bloemfontein,Mobile App
ORD-101869,2025-09-30,CUST-1300,Lebo Mthembu,Laptop,Electronics,5,12372.11,0,Durban,Online
ORD-101870,2025-07-30,CUST-1129,Zanele Nkosi,Sneakers,Clothing,3,1074.14,10,Bloemfontein,Store
ORD-101871,2025-01-03,CUST-1353,Lerato Khumalo,Laptop,Electronics,2,13493.19,5,Durban,Mobile App
ORD-101872,2025-07-27,CUST-1333,Sipho Nkosi,Headphones,Electronics,2,891.92,0,Pretoria,Store
ORD-101873,2025-10-21,CUST-1163,Tshepo Khumalo,Jeans,Clothing,4,649.44,25,Pretoria,Store
ORD-101874,2025-10-30,CUST-1108,Thabo Mokoena,Kettle,Appliances,2,667.96,20,Gqeberha,Online
ORD-101875,2025-05-21,CUST-1335,Sipho Mthembu,Desk,Furniture,2,3505.26,0,Pretoria,Mobile App
ORD-101876,2025-03-28,CUST-1303,Lebo Mahlangu,Smartphone,Electronics,4,7576.49,25,Cape Town,Store
ORD-101877,2025-04-23,CUST-1077,Karabo Ndlovu,Headphones,Electronics,1,947.66,0,Johannesburg,Mobile App
ORD-101878,2025-04-19,CUST-1115,Zanele Nkosi,Microwave,Appliances,1,2278.21,5,Johannesburg,Mobile App
ORD-101879,2025-05-07,CUST-1219,Naledi Mokoena,Jacket,Clothing,5,1164.32,20,Durban,Online
ORD-101880,2025-04-21,CUST-1231,Karabo Mokoena,Smartphone,Electronics,2,6659.84,0,Gqeberha,Mobile App
ORD-101881,2025-06-16,CUST-1075,Lebo Khumalo,Office Chair,Furniture,1,2887.02,5,Johannesburg,Online
ORD-101882,2025-01-15,CUST-1427,Thabo Nkosi,Headphones,Electronics,1,1022.08,10,Gqeberha,Mobile App
ORD-101883,2025-04-11,CUST-1175,Lebo Molefe,Tablet,Electronics,5,4588.49,0,Pretoria,Store
ORD-101884,2025-04-25,CUST-1172,Anele Nkosi,Coffee Maker,Appliances,2,1386.31,5,Durban,Online
ORD-101885,2025-02-25,CUST-1028,Naledi Mahlangu,Jeans,Clothing,2,721.14,0,Bloemfontein,Online
ORD-101886,2025-11-17,CUST-1395,Tshepo Nkosi,Tablet,Electronics,1,5108.21,10,Gqeberha,Mobile App
ORD-101887,2025-09-04,CUST-1106,Naledi Mahlangu,Jeans,Clothing,5,745.39,0,Cape Town,Mobile App
ORD-101888,2025-11-29,CUST-1445,Karabo Ndlovu,Desk,Furniture,4,3406.99,0,Gqeberha,Store
ORD-101889,2025-07-24,CUST-1224,Zanele Ndlovu,Laptop,Electronics,2,12917.86,15,Gqeberha,Online
ORD-101890,2025-02-10,CUST-1394,Ayanda Mahlangu,Desk,Furniture,1,3720.98,0,Johannesburg,Store
ORD-101891,2025-11-27,CUST-1081,Karabo Mthembu,Tablet,Electronics,3,4552.5,5,Bloemfontein,Store
ORD-101892,2025-06-17,CUST-1075,Lebo Khumalo,Headphones,Electronics,3,978.31,15,Pretoria,Store
ORD-101893,2025-09-07,CUST-1361,Lebo Mthembu,Microwave,Appliances,3,2249.94,15,Gqeberha,Store
ORD-101894,2025-05-20,CUST-1369,Tshepo Mahlangu,Jacket,Clothing,5,1305.67,0,Gqeberha,Store
ORD-101895,2025-06-30,CUST-1245,Lebo Ndlovu,Tablet,Electronics,2,4857.3,20,Pretoria,Store
ORD-101896,2025-06-28,CUST-1015,Karabo Ndlovu,Coffee Maker,Appliances,2,1357.72,15,Durban,Online
ORD-101897,2025-04-14,CUST-1425,Naledi Mahlangu,T-Shirt,Clothing,2,359.34,0,Johannesburg,Online
ORD-101898,2025-07-22,CUST-1177,Lerato Mthembu,Microwave,Appliances,4,2326.77,15,Durban,Mobile App
ORD-101899,2025-09-25,CUST-1422,Ayanda Mokoena,Sneakers,Clothing,1,1104.92,15,Gqeberha,Mobile App
ORD-101900,2025-01-08,CUST-1392,Sipho Khumalo,Office Chair,Furniture,1,2876.52,10,Johannesburg,Online
ORD-101901,2025-02-17,CUST-1384,Lebo Dlamini,T-Shirt,Clothing,3,363.48,10,Cape Town,Mobile App
ORD-101902,2025-11-04,CUST-1310,Tshepo Ndlovu,Bookshelf,Furniture,2,1760.46,15,Johannesburg,Online
ORD-101903,2025-07-27,CUST-1303,Lebo Mahlangu,Jacket,Clothing,4,1269.55,25,Pretoria,Store
ORD-101904,2025-12-22,CUST-1240,Tshepo Ndlovu,Headphones,Electronics,1,970.91,10,Johannesburg,Store
ORD-101905,2025-08-09,CUST-1012,Naledi Mahlangu,Monitor,Electronics,1,3347.45,15,Cape Town,Online
ORD-101906,2025-08-27,CUST-1175,Lebo Molefe,Headphones,Electronics,2,940.97,15,Pretoria,Mobile App
ORD-101907,2025-11-25,CUST-1329,Naledi Mokoena,Monitor,Electronics,4,3129.73,20,Gqeberha,Store
ORD-101908,2025-08-30,CUST-1366,Ayanda Ndlovu,Tablet,Electronics,4,4432.57,25,Johannesburg,Online
ORD-101909,2025-05-01,CUST-1252,Zanele Khumalo,Laptop,Electronics,2,12427.31,0,Durban,Store
ORD-101910,2025-07-12,CUST-1320,Anele Mokoena,Kettle,Appliances,2,672.32,0,Johannesburg,Store
ORD-101911,2025-03-27,CUST-1010,Ayanda Khumalo,Smartphone,Electronics,1,7638.09,10,Durban,Mobile App
ORD-101912,2025-05-03,CUST-1211,Thabo Mthembu,Microwave,Appliances,3,2108.91,5,Durban,Online
ORD-101913,2025-09-06,CUST-1229,Sipho Mokoena,Laptop,Electronics,5,13208.94,10,Gqeberha,Online
ORD-101914,2025-02-24,CUST-1402,Karabo Mokoena,Sneakers,Clothing,4,1073.09,15,Johannesburg,Online
ORD-101915,2025-09-03,CUST-1140,Tshepo Mokoena,Monitor,Electronics,1,3298.82,20,Gqeberha,Online
ORD-101916,2025-08-02,CUST-1104,Karabo Ndlovu,Bookshelf,Furniture,2,1801.73,5,Bloemfontein,Store
ORD-101917,2025-04-23,CUST-1159,Naledi Ndlovu,Monitor,Electronics,1,3328.21,15,Durban,Online
ORD-101918,2025-01-17,CUST-1077,Karabo Ndlovu,Bookshelf,Furniture,1,1967.5,0,Pretoria,Store
ORD-101919,2025-09-15,CUST-1252,Zanele Khumalo,Desk,Furniture,1,3544.57,10,Bloemfontein,Store
ORD-101920,2025-10-28,CUST-1290,Lerato Mokoena,Bookshelf,Furniture,1,1792.26,0,Johannesburg,Online
ORD-101921,2025-09-24,CUST-1361,Lebo Mthembu,Office Chair,Furniture,1,2969.9,5,Durban,Online
ORD-101922,2025-06-03,CUST-1438,Lebo Mthembu,T-Shirt,Clothing,3,375.66,10,Bloemfontein,Online
ORD-101923,2025-08-27,CUST-1034,Lebo Dlamini,Coffee Maker,Appliances,1,1320.2,15,Bloemfontein,Store
ORD-101924,2025-06-01,CUST-1112,Naledi Mahlangu,Desk,Furniture,3,3794.6,10,Bloemfontein,Online
ORD-101925,2025-05-11,CUST-1136,Sipho Molefe,Office Chair,Furniture,4,2639.21,5,Bloemfontein,Store
ORD-101926,2025-04-30,CUST-1113,Thabo Ndlovu,Smartphone,Electronics,2,6961.24,0,Bloemfontein,Store
ORD-101927,2025-03-18,CUST-1373,Anele Mokoena,Office Chair,Furniture,2,2943.62,0,Gqeberha,Online
ORD-101928,2025-12-20,CUST-1063,Ayanda Khumalo,Smartphone,Electronics,4,7596.86,25,Durban,Online
ORD-101929,2025-09-01,CUST-1014,Anele Molefe,Tablet,Electronics,1,5106.3,20,Pretoria,Mobile App
ORD-101930,2025-03-05,CUST-1388,Ayanda Dlamini,Kettle,Appliances,2,667.42,0,Pretoria,Mobile App
ORD-101931,2025-11-12,CUST-1433,Anele Ndlovu,Smartphone,Electronics,2,7570.93,0,Johannesburg,Online
ORD-101932,2025-02-25,CUST-1102,Zanele Khumalo,Bookshelf,Furniture,3,1749.16,5,Bloemfontein,Online
ORD-101933,2025-08-05,CUST-1150,Naledi Ndlovu,coffee maker,Appliances,3,1339.61,10,Pretoria,Store
ORD-101934,2025-03-02,CUST-1227,Sipho Ndlovu,Kettle,Appliances,3,648.07,5,Pretoria,Mobile App
ORD-101935,2025-05-12,CUST-1237,Zanele Nkosi,Tablet,Electronics,3,4761.29,0,Durban,Online
ORD-101936,2025-08-29,CUST-1446,Ayanda Molefe,Tablet,Electronics,2,4589.7,5,Durban,Mobile App
ORD-101937,2025-12-31,CUST-1182,Karabo Ndlovu,Office Chair,Furniture,3,2730.95,0,Durban,Online
ORD-101938,2025-12-29,CUST-1006,Ayanda Khumalo,T-Shirt,Clothing,4,330.56,0,Bloemfontein,Mobile App
ORD-101939,2025-11-23,CUST-1191,Ayanda Ndlovu,Kettle,Appliances,2,621.97,0,Pretoria,Store
ORD-101940,2025-03-27,CUST-1251,Lebo Nkosi,Headphones,Electronics,5,880.39,10,Gqeberha,Online
ORD-101941,2025-02-04,CUST-1233,Naledi Nkosi,Tablet,Electronics,4,4966.47,5,Bloemfontein,Store
ORD-101942,2025-11-27,CUST-1231,Karabo Mokoena,Headphones,Electronics,2,977.38,0,Johannesburg,Online
ORD-101943,2025-12-03,CUST-1416,Anele Mokoena,Microwave,Appliances,1,2370.68,10,Durban,Store
ORD-101944,2025-04-12,CUST-1364,Anele Mahlangu,Laptop,Electronics,1,13439.1,5,Bloemfontein,Online
ORD-101945,2025-01-07,CUST-1114,Tshepo Mahlangu,Office Chair,Furniture,4,2757.48,15,Gqeberha,Store
ORD-101946,2025-08-25,CUST-1160,Anele Ndlovu,Smartphone,Electronics,2,7493.85,25,Durban,Mobile App
ORD-101947,2025-01-28,CUST-1301,Naledi Nkosi,Tablet,Electronics,2,4789.67,0,Johannesburg,Online
ORD-101948,2025-01-15,CUST-1185,Naledi Khumalo,Microwave,Appliances,2,2085.67,20,Durban,Online
ORD-101949,2025-12-09,CUST-1193,Lerato Khumalo,Laptop,Electronics,4,13194.03,10,Bloemfontein,Online
ORD-101950,2025-06-30,CUST-1076,Anele Molefe,Monitor,Electronics,3,3004.38,10,Johannesburg,Store
ORD-101951,2025-02-10,CUST-1115,Zanele Nkosi,Microwave,Appliances,3,2051.21,5,Bloemfontein,Mobile App
ORD-101952,2025-08-27,CUST-1334,Lerato Mthembu,Jeans,Clothing,2,679.28,0,Gqeberha,Mobile App
ORD-101953,2025-05-15,CUST-1380,Ayanda Ndlovu,Smartphone,Electronics,1,7410.5,0,Johannesburg,Store
ORD-101954,2025-07-15,CUST-1354,Lerato Khumalo,Desk,Furniture,3,3585.89,25,Pretoria,Mobile App
ORD-101955,2025-11-25,CUST-1139,Ayanda Mahlangu,Kettle,Appliances,1,669.37,10,Bloemfontein,Online
ORD-101956,2025-03-28,CUST-1062,Lerato Molefe,Desk,Furniture,2,3834.88,5,Bloemfontein,Store
ORD-101957,2025-08-24,CUST-1072,Karabo Khumalo,Bookshelf,Furniture,5,1855.4,10,Bloemfontein,Store
ORD-101958,2025-10-30,CUST-1178,Zanele Nkosi,Bookshelf,Furniture,2,1956.33,0,Johannesburg,Store
ORD-101959,2025-06-04,CUST-1233,Naledi Nkosi,Jeans,Clothing,2,685.87,0,Durban,Online
ORD-101960,2025-12-21,CUST-1402,Karabo Mokoena,Tablet,Electronics,3,4735.98,10,Durban,Online
ORD-101961,2025-06-13,CUST-1405,Karabo Ndlovu,Coffee Maker,Appliances,3,1426.81,5,Durban,Store
ORD-101962,2025-06-17,CUST-1002,Thabo Mthembu,Kettle,Appliances,2,697.93,15,Cape Town,Mobile App
ORD-101963,2025-11-19,CUST-1319,Sipho Khumalo,Tablet,Electronics,2,4996.72,10,Bloemfontein,Mobile App
ORD-101964,2025-08-21,CUST-1135,Karabo Nkosi,Coffee Maker,Appliances,1,1293.61,10,Johannesburg,Store
ORD-101965,2025-11-14,CUST-1090,Thabo Nkosi,Coffee Maker,Appliances,2,1250.8,15,Pretoria,Online
ORD-101966,2025-10-16,CUST-1250,Karabo Ndlovu,Sneakers,Clothing,1,1076.52,0,Bloemfontein,Mobile App
ORD-101967,2025-09-18,CUST-1016,Zanele Khumalo,Office Chair,Furniture,2,2948.6,10,Cape Town,Online
ORD-101968,2025-03-30,CUST-1151,Lerato Dlamini,Bookshelf,Furniture,4,1975.72,15,Johannesburg,Online
ORD-101969,2025-05-26,CUST-1249,Naledi Nkosi,Coffee Maker,Appliances,1,1243.31,0,Pretoria,Online
ORD-101970,2025-11-12,CUST-1123,Tshepo Mokoena,Tablet,Electronics,2,4865.71,0,Gqeberha,Store
ORD-101971,2025-08-13,CUST-1268,Tshepo Nkosi,Coffee Maker,Appliances,1,1300.41,0,Pretoria,Online
ORD-101972,2025-04-13,CUST-1208,Thabo Nkosi,Microwave,Appliances,1,2223.94,0,Cape Town,Mobile App
ORD-101973,2025-04-30,CUST-1360,Ayanda Mahlangu,Jacket,Clothing,1,1163.71,5,Bloemfontein,Mobile App
ORD-101974,2025-10-11,CUST-1082,Lerato Khumalo,Office Chair,Furniture,1,2860.28,0,Gqeberha,Store
ORD-101975,2025-03-07,CUST-1026,Naledi Mthembu,T-Shirt,Clothing,5,324.71,10,Bloemfontein,Mobile App
ORD-101976,2025-02-10,CUST-1239,Zanele Mokoena,Laptop,Electronics,5,12454.88,0,Cape Town,Store
ORD-101977,2025-10-07,CUST-1116,Thabo Mokoena,Microwave,Appliances,3,2327.24,0,Gqeberha,Mobile App
ORD-101978,2025-04-16,CUST-1319,Sipho Khumalo,Office Chair,Furniture,2,2901.81,0,Johannesburg,Mobile App
ORD-101979,2025-10-07,CUST-1042,Sipho Mahlangu,Laptop,Electronics,3,11748.66,0,Johannesburg,Mobile App
ORD-101980,2025-07-14,CUST-1259,Zanele Molefe,Sneakers,Clothing,4,1069.73,25,Durban,Mobile App
ORD-101981,2025-12-31,CUST-1446,Ayanda Molefe,Jeans,Clothing,2,685.47,0,Durban,Online
ORD-101982,2025-07-11,CUST-1042,Sipho Mahlangu,Jeans,Clothing,1,690.41,0,Johannesburg,Mobile App
ORD-101983,2025-11-13,CUST-1136,Sipho Molefe,Laptop,Electronics,3,12501.86,0,Durban,Mobile App
ORD-101984,2025-11-07,CUST-1380,Ayanda Ndlovu,Sneakers,Clothing,5,1018.21,5,Durban,Online
ORD-101985,2025-03-19,CUST-1241,Zanele Dlamini,Jeans,Clothing,1,707.12,10,Durban,Store
ORD-101986,2025-12-30,CUST-1079,Sipho Nkosi,Sneakers,Clothing,2,1131.71,15,Bloemfontein,Mobile App
ORD-101987,2025-09-30,CUST-1096,Lerato Khumalo,Coffee Maker,Appliances,1,1384.53,5,Johannesburg,Store
ORD-101988,2025-02-09,CUST-1345,Anele Mahlangu,Headphones,Electronics,2,956.44,10,Gqeberha,Mobile App
ORD-101989,2025-01-03,CUST-1388,Ayanda Dlamini,Headphones,Electronics,3,976.29,5,Gqeberha,Mobile App
ORD-101990,2025-04-10,CUST-1163,Tshepo Khumalo,Microwave,Appliances,1,2130.13,20,Durban,Mobile App
ORD-101991,2025-01-06,CUST-1214,Lebo Mahlangu,Bookshelf,Furniture,4,1790.39,10,Gqeberha,Mobile App
ORD-101992,2025-05-11,CUST-1353,Lerato Khumalo,Desk,Furniture,3,3819.78,0,Gqeberha,Mobile App
ORD-101993,2025-12-30,CUST-1080,Tshepo Mokoena,Monitor,Electronics,1,3003.69,10,Durban,Mobile App
ORD-101994,2025-06-24,CUST-1093,Lerato Ndlovu,Jeans,Clothing,3,656.31,15,Bloemfontein,Store
ORD-101995,2025-01-09,CUST-1349,Karabo Ndlovu,Sneakers,Clothing,3,1132.12,5,Johannesburg,Store
ORD-101996,2025-06-30,CUST-1084,Zanele Molefe,Laptop,Electronics,2,12179.82,25,Gqeberha,Mobile App
ORD-101997,2025-03-21,CUST-1347,Lerato Ndlovu,T-Shirt,Clothing,2,359.01,20,Johannesburg,Store
ORD-101998,2025-11-09,CUST-1224,Zanele Ndlovu,Kettle,Appliances,3,652.96,0,Cape Town,Mobile App
ORD-101999,2025-02-03,CUST-1446,Ayanda Molefe,Monitor,Electronics,2,3150.35,15,Johannesburg,Online
ORD-102000,2025-10-09,CUST-1015,Karabo Ndlovu,Monitor,Electronics,1,3219.18,10,Bloemfontein,Mobile App
ORD-102001,2025-06-12,CUST-1426,Zanele Nkosi,Microwave,Appliances,1,2129.3,10,Cape Town,Online
ORD-102002,2025-01-07,CUST-1102,Zanele Khumalo,Laptop,Electronics,1,13323.68,5,Johannesburg,Mobile App
ORD-102003,2025-09-03,CUST-1016,Zanele Khumalo,Office Chair,Furniture,4,2853.06,20,Bloemfontein,Mobile App
ORD-102004,2025-06-16,CUST-1326,Zanele Ndlovu,Desk,Furniture,1,3870.03,10,Cape Town,Store
ORD-102005,2025-10-09,CUST-1240,Tshepo Ndlovu,Sneakers,Clothing,2,1054.98,10,Pretoria,Store
ORD-102006,2025-08-14,CUST-1377,Tshepo Mahlangu,Smartphone,Electronics,2,7677.61,0,Durban,Mobile App
ORD-102007,2025-10-15,CUST-1049,Lerato Mokoena,Desk,Furniture,3,3327.11,5,Gqeberha,Mobile App
ORD-102008,2025-06-18,CUST-1037,Sipho Mahlangu,Tablet,Electronics,2,4994.82,20,Johannesburg,Store
ORD-102009,2025-01-03,CUST-1256,Tshepo Mahlangu,Sneakers,Clothing,4,1185.8,15,Gqeberha,Mobile App
ORD-102010,2025-02-17,CUST-1397,Zanele Mokoena,Jeans,Clothing,4,736.45,0,Pretoria,Mobile App
ORD-102011,2025-06-17,CUST-1183,Anele Mokoena,Bookshelf,Furniture,1,1760.03,20,Pretoria,Mobile App
ORD-102012,2025-05-26,CUST-1359,Karabo Mthembu,Office Chair,Furniture,3,2749.08,15,Cape Town,Mobile App
ORD-102013,2025-10-17,CUST-1408,Lerato Mahlangu,Tablet,Electronics,1,5090.99,10,Gqeberha,Mobile App
ORD-102014,2025-05-31,CUST-1392,Sipho Khumalo,Microwave,Appliances,3,2298.28,0,Durban,Mobile App
ORD-102015,2025-11-10,CUST-1229,Sipho Mokoena,Jeans,Clothing,2,677.21,10,Cape Town,Store
ORD-102016,2025-03-10,CUST-1315,Ayanda Khumalo,Monitor,Electronics,1,3002.91,0,Gqeberha,mobile app
ORD-102017,2025-05-21,CUST-1237,Zanele Nkosi,Desk,Furniture,1,3684.1,0,Johannesburg,Store
ORD-102018,2025-10-04,CUST-1304,Karabo Nkosi,Jacket,Clothing,2,1199.22,10,Bloemfontein,Store
ORD-102019,2025-02-15,CUST-1256,Tshepo Mahlangu,Jacket,Clothing,3,1240.91,20,Durban,Mobile App
ORD-102020,2025-04-28,CUST-1237,Zanele Nkosi,Desk,Furniture,3,3809.13,5,Johannesburg,Store
ORD-102021,2025-10-02,CUST-1197,Lebo Mokoena,Monitor,Electronics,2,3357.93,20,Gqeberha,Online
ORD-102022,2025-08-03,CUST-1294,Lerato Khumalo,Jeans,Clothing,2,655.36,20,Gqeberha,Store
ORD-102023,2025-10-11,CUST-1338,Lebo Mokoena,Jeans,Clothing,2,725.4,0,Gqeberha,Online
ORD-102024,2025-07-08,CUST-1414,Tshepo Dlamini,T-Shirt,Clothing,2,333.25,0,Johannesburg,Store
ORD-102025,2025-11-10,CUST-1276,Karabo Mahlangu,Smartphone,Electronics,1,6696.36,10,Pretoria,Store
ORD-102026,2025-11-17,CUST-1046,Tshepo Nkosi,Bookshelf,Furniture,2,1894.55,15,Gqeberha,Mobile App
ORD-102027,2025-12-22,CUST-1265,Lerato Molefe,Jeans,Clothing,4,679.36,5,Cape Town,Online
ORD-102028,2025-02-14,CUST-1143,Zanele Khumalo,Kettle,Appliances,2,598.78,10,Durban,Online
ORD-102029,2025-08-04,CUST-1013,Lebo Ndlovu,Bookshelf,Furniture,3,1976.26,10,Durban,Store
ORD-102030,2025-02-11,CUST-1033,Lerato Ndlovu,Office Chair,Furniture,2,2665.03,15,Durban,Mobile App
ORD-102031,2025-03-25,CUST-1267,Ayanda Mokoena,T-Shirt,Clothing,2,366.1,15,Johannesburg,Online
ORD-102032,2025-04-20,CUST-1426,Zanele Nkosi,Tablet,Electronics,2,4622.56,0,Cape Town,Mobile App
ORD-102033,2025-08-24,CUST-1228,Lerato Mahlangu,Smartphone,Electronics,1,7421.68,0,Johannesburg,Mobile App
ORD-102034,2025-06-07,CUST-1201,Thabo Molefe,Jacket,Clothing,1,1165.25,0,Durban,Mobile App
ORD-102035,2025-11-12,CUST-1040,Sipho Mthembu,Kettle,Appliances,5,605.95,20,Pretoria,Store
ORD-102036,2025-04-19,CUST-1304,Karabo Nkosi,Coffee Maker,Appliances,4,1404.14,20,Pretoria,Mobile App
ORD-102037,2025-08-14,CUST-1025,Anele Ndlovu,T-Shirt,Clothing,3,322.12,15,Cape Town,Online
ORD-102038,2025-10-06,CUST-1379,Ayanda Ndlovu,Laptop,Electronics,1,13057.15,0,Johannesburg,Online
ORD-102039,2025-12-24,CUST-1368,Lerato Mahlangu,Kettle,Appliances,1,631.94,10,Cape Town,Online
ORD-102040,2025-03-31,CUST-1446,Ayanda Molefe,Desk,Furniture,1,3376.2,0,Johannesburg,Mobile App
ORD-102041,2025-09-25,CUST-1128,Zanele Mahlangu,Monitor,Electronics,?,2975.41,5,Johannesburg,Store
ORD-102042,2025-01-31,CUST-1073,Anele Molefe,Microwave,Appliances,3,2267.82,0,Gqeberha,Online
ORD-102043,2025-07-18,CUST-1135,Karabo Nkosi,Sneakers,Clothing,2,1123.48,15,Gqeberha,Store
ORD-102044,2025-06-01,CUST-1360,Ayanda Mahlangu,Sneakers,Clothing,5,1158.7,0,Gqeberha,Mobile App
ORD-102045,2025-12-16,CUST-1099,Lerato Mahlangu,Monitor,Electronics,1,3350.48,10,Pretoria,Store
ORD-102046,2025-10-10,CUST-1400,Lebo Mokoena,Kettle,Appliances,3,683.55,25,Cape Town,Store
ORD-102047,2025-12-05,CUST-1070,Ayanda Nkosi,Desk,Furniture,1,3530.12,10,Durban,Online
ORD-102048,2025-11-07,CUST-1022,Karabo Mokoena,Bookshelf,Furniture,1,1768.31,0,Johannesburg,Online
ORD-102049,2025-05-30,CUST-1099,Lerato Mahlangu,Sneakers,Clothing,4,1064.73,20,Bloemfontein,Mobile App
ORD-102050,2025-09-25,CUST-1340,Lerato Khumalo,Jeans,Clothing,4,755.99,10,Johannesburg,Online
ORD-102051,2025-01-12,CUST-1272,Zanele Nkosi,Tablet,Electronics,1,5140.05,5,Pretoria,Mobile App
ORD-102052,2025-07-23,CUST-1160,Anele Ndlovu,Monitor,Electronics,1,3199.29,10,Bloemfontein,Mobile App
ORD-102053,2025-01-18,CUST-1296,Tshepo Nkosi,Office Chair,Furniture,2,2895.73,20,Pretoria,Store
ORD-102054,2025-09-22,CUST-1292,Karabo Ndlovu,Kettle,Appliances,1,619.79,5,Bloemfontein,Online
ORD-102055,2025-12-19,CUST-1250,Karabo Ndlovu,Jacket,Clothing,2,1332.3,10,Pretoria,Online
ORD-102056,2025-09-06,CUST-1232,Zanele Dlamini,Office Chair,Furniture,2,2590.47,5,Gqeberha,Online
ORD-102057,2025-11-03,CUST-1046,Tshepo Nkosi,Sneakers,Clothing,?,1096.58,0,Pretoria,Store
ORD-102058,2025-03-27,CUST-1117,Anele Ndlovu,Sneakers,Clothing,2,1176.7,15,Gqeberha,Store
ORD-102059,2025-12-29,CUST-1238,Naledi Molefe,Office Chair,Furniture,?,2974.3,0,Pretoria,Store
ORD-102060,2025-07-21,CUST-1061,Zanele Nkosi,Desk,Furniture,4,3613.9,5,Cape Town,Online
ORD-102061,2025-09-04,CUST-1215,Lebo Khumalo,Microwave,Appliances,2,2119.4,5,Pretoria,Mobile App
ORD-102062,2025-10-09,CUST-1053,Naledi Ndlovu,T-Shirt,Clothing,2,365.68,0,Gqeberha,Store
ORD-102063,2025-08-22,CUST-1355,Anele Molefe,Tablet,Electronics,1,5114.13,5,Durban,Mobile App
ORD-102064,2025-04-26,CUST-1047,Anele Mokoena,Jacket,Clothing,3,1172.42,10,Pretoria,Store
ORD-102065,2025-08-12,CUST-1042,Sipho Mahlangu,T-Shirt,Clothing,1,366.74,0,Durban,Mobile App
ORD-102066,2025-08-27,CUST-1288,Naledi Khumalo,Bookshelf,Furniture,1,1775.77,0,Durban,Online
ORD-102067,2025-11-09,CUST-1100,Anele Mahlangu,Jacket,Clothing,3,1232.61,20,Cape Town,Online
ORD-102068,2025-06-25,CUST-1159,Naledi Ndlovu,Microwave,Appliances,4,2062.35,25,Johannesburg,Store
ORD-102069,2025-07-03,CUST-1142,Tshepo Nkosi,Monitor,Electronics,1,3203.83,5,Bloemfontein,Online
ORD-102070,2025-07-03,CUST-1098,Thabo Dlamini,Desk,Furniture,1,3649.76,0,Gqeberha,Online
ORD-102071,2025-02-11,CUST-1343,Lerato Dlamini,Tablet,Electronics,5,4710.18,0,Bloemfontein,Mobile App
ORD-102072,2025-02-02,CUST-1312,Ayanda Dlamini,Jeans,Clothing,1,743.69,0,Gqeberha,Online
ORD-102073,2025-01-08,CUST-1108,Thabo Mokoena,Desk,Furniture,1,3807.08,5,Pretoria,Mobile App
ORD-102074,2025-09-01,CUST-1310,Tshepo Ndlovu,Office Chair,Furniture,2,2847.88,20,Johannesburg,Mobile App
ORD-102075,2025-06-02,CUST-1322,Tshepo Ndlovu,Jacket,Clothing,1,R1199.24,15,Johannesburg,Online
ORD-102076,2025-11-12,CUST-1243,Sipho Mokoena,Desk,Furniture,2,3797.82,0,Bloemfontein,Store
ORD-102077,2025-09-14,CUST-1261,Ayanda Khumalo,Desk,Furniture,3,3511.56,25,Bloemfontein,Online
ORD-102078,2025-02-21,CUST-1421,Zanele Mthembu,Desk,Furniture,2,3349.22,5,Bloemfontein,Online
ORD-102079,2025-02-06,CUST-1205,Naledi Ndlovu,Headphones,Electronics,2,901.91,0,Pretoria,Mobile App
ORD-102080,2025-05-14,CUST-1174,Naledi Molefe,Smartphone,Electronics,2,6948.18,5,Gqeberha,Mobile App
ORD-102081,2025-12-03,CUST-1243,Sipho Mokoena,Coffee Maker,Appliances,3,1246.19,0,Gqeberha,Online
ORD-102082,2025-01-18,CUST-1377,Tshepo Mahlangu,Smartphone,Electronics,1,7667.93,20,Bloemfontein,Online
ORD-102083,2025-03-10,CUST-1320,Anele Mokoena,Monitor,Electronics,1,3089.42,5,Pretoria,Mobile App
ORD-102084,2025-01-11,CUST-1034,Lebo Dlamini,Jacket,Clothing,3,1174.28,10,Johannesburg,Online
ORD-102085,2025-05-31,CUST-1207,Naledi Nkosi,Smartphone,Electronics,1,7736.81,5,Cape Town,Store
ORD-102086,2025-12-28,CUST-1333,Sipho Nkosi,Jeans,Clothing,1,717.68,20,Cape Town,Online
ORD-102087,2025-09-07,CUST-1101,Lebo Khumalo,Jacket,Clothing,1,1194.04,10,Johannesburg,Store
ORD-102088,2025-06-30,CUST-1445,Karabo Ndlovu,Jeans,Clothing,3,719.62,5,Bloemfontein,Online
ORD-102089,2025-02-22,CUST-1364,Anele Mahlangu,Monitor,Electronics,1,3396.93,0,Johannesburg,Mobile App
ORD-102090,2025-05-10,CUST-1381,Anele Mokoena,Laptop,Electronics,3,12603.12,20,Gqeberha,Store
ORD-102091,2025-07-11,CUST-1037,Sipho Mahlangu,Microwave,Appliances,3,2242.08,10,Pretoria,Mobile App
ORD-102092,2025-04-11,CUST-1261,Ayanda Khumalo,Monitor,Electronics,2,3013.09,0,Durban,Mobile App
ORD-102093,2025-09-15,CUST-1238,Naledi Molefe,Coffee Maker,Appliances,1,1347.71,20,Gqeberha,Mobile App
ORD-102094,2025-12-24,CUST-1283,Zanele Mokoena,Tablet,Electronics,3,5149.86,0,Gqeberha,Online
ORD-102095,2025-03-17,CUST-1383,Tshepo Khumalo,Tablet,Electronics,1,4711.28,0,Cape Town,Store
ORD-102096,2025-04-03,CUST-1159,Naledi Ndlovu,Sneakers,Clothing,4,1106.97,10,Johannesburg,Mobile App
ORD-102097,2025-02-16,CUST-1241,Zanele Dlamini,Kettle,Appliances,3,612.67,0,Pretoria,Store
ORD-102098,2025-09-22,CUST-1306,Zanele Mahlangu,Coffee Maker,Appliances,1,1445.6,5,Pretoria,Mobile App
ORD-102099,2025-06-18,CUST-1339,Thabo Nkosi,Sneakers,Clothing,3,1013.78,0,Cape Town,Mobile App
ORD-102100,2025-04-14,CUST-1347,Lerato Ndlovu,Headphones,Electronics,2,892.58,0,Johannesburg,Store
ORD-102101,2025-03-22,CUST-1152,Lebo Khumalo,Microwave,Appliances,2,2110.72,0,Cape Town,Store
ORD-102102,2025-01-26,CUST-1450,Karabo Khumalo,Jacket,Clothing,2,1157.41,0,Johannesburg,Online
ORD-102103,2025-06-23,CUST-1005,Lebo Ndlovu,Tablet,Electronics,2,4646.84,25,Johannesburg,Mobile App
ORD-102104,2025-09-07,CUST-1222,Naledi Nkosi,Smartphone,Electronics,3,7296.34,10,Cape Town,Mobile App
ORD-102105,2025-03-27,CUST-1274,Naledi Nkosi,Microwave,Appliances,4,2261.96,5,Cape Town,Store
ORD-102106,2025-01-01,CUST-1028,Naledi Mahlangu,Monitor,Electronics,1,2951.18,5,Cape Town,Online
ORD-102107,2025-06-22,CUST-1204,Lebo Dlamini,Sneakers,Clothing,2,1092.75,10,Johannesburg,Mobile App
ORD-102108,2025-09-04,CUST-1269,Lebo Nkosi,Tablet,Electronics,3,4607.05,0,Bloemfontein,Mobile App
ORD-102109,2025-05-06,CUST-1274,Naledi Nkosi,Monitor,Electronics,3,3367.22,0,Johannesburg,Mobile App
ORD-102110,2025-04-02,CUST-1054,Karabo Mahlangu,Monitor,Electronics,2,3094.27,10,Johannesburg,Mobile App
ORD-102111,2025-02-26,CUST-1125,Tshepo Mahlangu,Monitor,Electronics,2,3255.29,5,Bloemfontein,Store
ORD-102112,2025-09-30,CUST-1111,Lerato Khumalo,Jacket,Clothing,3,1305.68,15,Pretoria,Online
ORD-102113,2025-11-11,CUST-1288,Naledi Khumalo,Microwave,Appliances,2,2310.03,20,Cape Town,Store
ORD-102114,2025-10-08,CUST-1148,Anele Dlamini,Microwave,Appliances,1,2305.38,15,Cape Town,Mobile App
ORD-102115,2025-07-09,CUST-1258,Anele Dlamini,Sneakers,Clothing,2,1120.65,0,Pretoria,Online
ORD-102116,2025-09-22,CUST-1329,Naledi Mokoena,Headphones,Electronics,1,919.26,0,Bloemfontein,Mobile App
ORD-102117,2025-05-25,CUST-1359,Karabo Mthembu,Kettle,Appliances,1,663.2,0,Johannesburg,Mobile App
ORD-102118,2025-01-09,CUST-1083,Ayanda Mahlangu,T-Shirt,Clothing,2,343.53,15,Johannesburg,Store
ORD-102119,2025-05-15,CUST-1407,Lebo Khumalo,T-Shirt,Clothing,4,370.31,20,Johannesburg,Mobile App
ORD-102120,2025-09-14,CUST-1075,Lebo Khumalo,Jacket,Clothing,6,1225.5,20,Durban,Online
ORD-102121,2025-08-25,CUST-1010,Ayanda Khumalo,Sneakers,Clothing,2,1166.94,0,Pretoria,Mobile App
ORD-102122,2025-12-28,CUST-1021,Lebo Mahlangu,Kettle,Appliances,1,644.71,20,Johannesburg,Store
ORD-102123,2025-12-31,CUST-1091,Zanele Molefe,T-Shirt,Clothing,3,333.44,10,Durban,Store
ORD-102124,2025-03-30,CUST-1393,Zanele Dlamini,Jeans,Clothing,1,662.28,15,Johannesburg,Online
ORD-102125,2025-01-04,CUST-1094,Naledi Mokoena,Sneakers,Clothing,5,1160.96,10,Cape Town,Store
ORD-102126,2025-04-11,CUST-1313,Ayanda Molefe,Headphones,Electronics,2,997.84,0,Pretoria,Store
ORD-102127,2025-11-16,CUST-1189,Tshepo Nkosi,Monitor,Electronics,1,2980.24,0,Gqeberha,Store
ORD-102128,2025-10-24,CUST-1018,Anele Mthembu,Jeans,Clothing,2,661.73,25,Johannesburg,Mobile App
ORD-102129,2025-02-06,CUST-1200,Anele Mthembu,Laptop,Electronics,1,13322.79,5,Cape Town,Mobile App
ORD-102130,2025-02-28,CUST-1013,Lebo Ndlovu,Monitor,Electronics,3,3342.56,5,Pretoria,Mobile App
ORD-102131,2025-07-25,CUST-1215,Lebo Khumalo,Jacket,Clothing,1,1305.33,5,Durban,Store
ORD-102132,2025-08-30,CUST-1252,Zanele Khumalo,Kettle,Appliances,4,672.28,5,Pretoria,Store
ORD-102133,2025-12-25,CUST-1235,Lebo Khumalo,Bookshelf,Furniture,4,1769.52,25,Gqeberha,Mobile App
ORD-102134,2025-10-03,CUST-1128,Zanele Mahlangu,Office Chair,Furniture,4,2899.3,0,Cape Town,Online
ORD-102135,2025-03-19,CUST-1345,Anele Mahlangu,Desk,Furniture,4,3861.47,0,Bloemfontein,Online
ORD-102136,2025-01-14,CUST-1269,Lebo Nkosi,Jacket,Clothing,1,1297.19,15,Johannesburg,Mobile App
ORD-102137,2025-08-20,CUST-1115,Zanele Nkosi,T-Shirt,Clothing,2,339.31,10,Pretoria,Mobile App
ORD-102138,2025-07-22,CUST-1196,Naledi Dlamini,Laptop,Electronics,3,13152.87,0,Bloemfontein,Mobile App
ORD-102139,2025-12-03,CUST-1049,Lerato Mokoena,T-Shirt,Clothing,1,375.41,0,Johannesburg,Store
ORD-102140,2025-07-30,CUST-1416,Anele Mokoena,Desk,Furniture,1,3597.05,0,Cape Town,Mobile App
ORD-102141,2025-07-02,CUST-1339,Thabo Nkosi,Jacket,Clothing,1,1232.36,0,Gqeberha,Online
ORD-102142,2025-04-21,CUST-1130,Zanele Mthembu,Microwave,Appliances,1,2052.95,0,Bloemfontein,Store
ORD-102143,2025-02-01,CUST-1304,Karabo Nkosi,Kettle,Appliances,4,681.53,0,Johannesburg,Mobile App
ORD-102144,2025-11-16,CUST-1306,Zanele Mahlangu,Jeans,Clothing,3,753.22,15,Pretoria,Online
ORD-102145,2025-10-29,CUST-1275,Lebo Mahlangu,Office Chair,Furniture,4,2832.0,20,Bloemfontein,Store
ORD-102146,2025-03-01,CUST-1025,Anele Ndlovu,Desk,Furniture,5,3413.4,20,Cape Town,Store
ORD-102147,2025-09-14,CUST-1396,Tshepo Dlamini,Tablet,Electronics,1,4694.6,5,Johannesburg,Mobile App
ORD-102148,2025-05-13,CUST-1431,Karabo Mahlangu,Kettle,Appliances,3,624.54,0,Johannesburg,Mobile App
ORD-102149,2025-06-09,CUST-1439,Ayanda Mahlangu,Coffee Maker,Appliances,1,1435.72,25,Pretoria,Mobile App
ORD-102150,2025-11-06,CUST-1442,Lebo Mokoena,Coffee Maker,Appliances,2,1288.37,15,Pretoria,Online
ORD-102151,2025-11-04,CUST-1418,Ayanda Mthembu,Monitor,Electronics,1,3441.21,10,Johannesburg,Online
ORD-102152,2025-03-11,CUST-1333,Sipho Nkosi,Monitor,Electronics,1,3003.95,0,Johannesburg,Mobile App
ORD-102153,2025-04-23,CUST-1026,Naledi Mthembu,Coffee Maker,Appliances,2,1409.81,0,Pretoria,Mobile App
ORD-102154,2025-10-27,CUST-1210,Anele Mokoena,T-Shirt,Clothing,2,330.97,5,Johannesburg,Store
ORD-102155,2025-12-01,CUST-1111,Lerato Khumalo,Jacket,Clothing,1,1318.15,10,Cape Town,Online
ORD-102156,2025-01-29,CUST-1099,Lerato Mahlangu,Bookshelf,Furniture,1,1806.6,0,Bloemfontein,Online
ORD-102157,2025-11-01,CUST-1374,Tshepo Dlamini,Desk,Furniture,3,3670.58,25,Bloemfontein,Online
ORD-102158,2025-06-28,CUST-1366,Ayanda Ndlovu,Jeans,Clothing,1,740.73,10,Durban,Online
ORD-102159,2025-08-04,CUST-1235,Lebo Khumalo,Coffee Maker,Appliances,3,1274.74,10,Pretoria,Mobile App
ORD-102160,2025-01-28,CUST-1332,Lerato Nkosi,Office Chair,Furniture,4,3008.22,0,Gqeberha,Mobile App
ORD-102161,2025-09-06,CUST-1059,Anele Mokoena,Coffee Maker,Appliances,3,1442.53,15,Bloemfontein,Online
ORD-102162,2025-09-05,CUST-1100,Anele Mahlangu,Headphones,Electronics,2,943.97,15,Bloemfontein,Online
ORD-102163,2025-08-30,CUST-1388,Ayanda Dlamini,Desk,Furniture,2,3587.78,0,Bloemfontein,Mobile App
ORD-102164,2025-10-16,CUST-1204,Lebo Dlamini,Microwave,Appliances,2,2321.41,10,Cape Town,Online
ORD-102165,2025-12-12,CUST-1246,Zanele Molefe,kettle,Appliances,4,638.51,10,Johannesburg,Mobile App
ORD-102166,2025-11-07,CUST-1209,Naledi Khumalo,Microwave,Appliances,5,2231.44,15,Cape Town,Online
ORD-102167,2025-09-29,CUST-1091,Zanele Molefe,Monitor,Electronics,2,3143.17,0,Gqeberha,Online
ORD-102168,2025-12-25,CUST-1372,Lebo Mahlangu,Coffee Maker,Appliances,3,1338.68,20,Gqeberha,Store
ORD-102169,2025-09-04,CUST-1342,Zanele Mahlangu,Kettle,Appliances,3,650.71,5,Gqeberha,Store
ORD-102170,2025-09-03,CUST-1308,Anele Nkosi,Kettle,Appliances,1,651.68,0,Cape Town,Online
ORD-102171,2025-07-17,CUST-1159,Naledi Ndlovu,Laptop,Electronics,2,11608.85,0,Johannesburg,Store
ORD-102172,2025-10-08,CUST-1290,Lerato Mokoena,Sneakers,Clothing,2,1167.75,0,Gqeberha,Mobile App
ORD-102173,2025-01-27,CUST-1429,Lerato Khumalo,Kettle,Appliances,3,609.46,0,Bloemfontein,Store
ORD-102174,2025-07-04,CUST-1293,Ayanda Dlamini,Sneakers,Clothing,1,1118.41,5,Johannesburg,Store
ORD-102175,2025-06-05,CUST-1223,Lerato Nkosi,Headphones,Electronics,1,980.03,15,Pretoria,Mobile App
ORD-102176,2025-11-30,CUST-1122,Anele Mahlangu,Sneakers,Clothing,1,1028.98,0,Johannesburg,Store
ORD-102177,2025-01-27,CUST-1236,Tshepo Dlamini,Smartphone,Electronics,2,7214.25,25,Cape Town,Store
ORD-102178,2025-08-23,CUST-1168,Sipho Dlamini,Bookshelf,Furniture,4,1798.76,0,Durban,Store
ORD-102179,2025-03-09,CUST-1276,Karabo Mahlangu,Jeans,Clothing,4,648.97,10,Gqeberha,Mobile App
ORD-102180,2025-11-19,CUST-1021,Lebo Mahlangu,Desk,Furniture,2,3693.98,20,Pretoria,Online
ORD-102181,2025-11-07,CUST-1086,Tshepo Nkosi,Jacket,Clothing,1,1347.8,15,Cape Town,Mobile App
ORD-102182,2025-03-27,CUST-1355,Anele Molefe,Headphones,Electronics,3,956.01,10,Johannesburg,Mobile App
ORD-102183,2025-11-15,CUST-1172,Anele Nkosi,Jeans,Clothing,4,736.97,15,Gqeberha,Online
ORD-102184,2025-07-01,CUST-1195,Ayanda Dlamini,Jeans,Clothing,2,710.2,0,Cape Town,Store
ORD-102185,2025-12-21,CUST-1245,Lebo Ndlovu,Jeans,Clothing,2,717.13,0,Cape Town,Mobile App
ORD-102186,2025-09-24,CUST-1198,Tshepo Khumalo,Monitor,Electronics,1,3195.92,5,Bloemfontein,Online
ORD-102187,2025-01-13,CUST-1342,Zanele Mahlangu,Monitor,Electronics,3,3189.42,0,Gqeberha,Mobile App
ORD-102188,2025-03-15,CUST-1111,Lerato Khumalo,Headphones,Electronics,2,928.51,5,Durban,Online
ORD-102189,2025-05-28,CUST-1342,Zanele Mahlangu,Desk,Furniture,1,3486.67,0,Durban,Mobile App
ORD-102190,2025-03-19,CUST-1095,Karabo Mahlangu,T-Shirt,Clothing,5,326.82,20,Gqeberha,Store
ORD-102191,2025-02-18,CUST-1167,Sipho Mthembu,Office Chair,Furniture,2,2635.64,20,Gqeberha,Store
ORD-102192,2025-12-23,CUST-1265,Lerato Molefe,Desk,Furniture,4,3393.51,15,Gqeberha,Online
ORD-102193,2025-11-14,CUST-1399,Lebo Dlamini,Monitor,Electronics,2,3301.27,15,Bloemfontein,Online
ORD-102194,2025-06-08,CUST-1105,Karabo Mahlangu,Headphones,Electronics,2,R897.53,0,Bloemfontein,Store
ORD-102195,2025-03-20,CUST-1265,Lerato Molefe,Jeans,Clothing,4,648.88,0,Gqeberha,Online
ORD-102196,2025-03-08,CUST-1029,Thabo Molefe,Coffee Maker,Appliances,5,1335.19,10,Durban,Store
ORD-102197,2025-12-01,CUST-1034,Lebo Dlamini,Monitor,Electronics,5,3222.85,10,Durban,Mobile App
ORD-102198,2025-05-01,CUST-1346,Karabo Khumalo,Coffee Maker,Appliances,3,1335.9,5,Gqeberha,Store
ORD-102199,2025-01-05,CUST-1324,Thabo Khumalo,T-Shirt,Clothing,2,373.48,5,Pretoria,Store
ORD-102200,2025-05-26,CUST-1170,Thabo Mahlangu,Tablet,Electronics,1,5015.9,5,Gqeberha,Store
ORD-102201,2025-06-15,CUST-1281,Thabo Mahlangu,Office Chair,Furniture,2,2861.47,0,Durban,Mobile App
ORD-102202,2025-08-16,CUST-1172,Anele Nkosi,Laptop,Electronics,4,11501.41,0,Bloemfontein,Mobile App
ORD-102203,2025-05-04,CUST-1125,Tshepo Mahlangu,Laptop,Electronics,1,12495.38,5,,Store
ORD-102204,2025-12-03,CUST-1195,Ayanda Dlamini,Office Chair,Furniture,3,2777.63,10,Bloemfontein,Online
ORD-102205,2025-08-23,CUST-1141,Zanele Khumalo,Desk,Furniture,5,3350.02,25,Bloemfontein,Mobile App
ORD-102206,2025-12-27,CUST-1367,Lerato Dlamini,Sneakers,Clothing,5,1121.8,10,Durban,Mobile App
ORD-102207,2025-05-14,CUST-1186,Lebo Mokoena,Tablet,Electronics,4,4639.34,15,Johannesburg,Online
ORD-102208,2025-08-26,CUST-1145,Thabo Mthembu,Coffee Maker,Appliances,2,1314.53,15,Durban,Online
ORD-102209,2025-05-14,CUST-1242,Ayanda Mahlangu,Headphones,Electronics,2,949.69,0,Cape Town,Mobile App
ORD-102210,2025-09-13,CUST-1342,Zanele Mahlangu,Tablet,Electronics,5,5088.82,10,Johannesburg,Store
ORD-102211,2025-09-30,CUST-1124,Lebo Nkosi,Jacket,Clothing,1,1219.75,5,Cape Town,Store
ORD-102212,2025-04-28,CUST-1423,Karabo Ndlovu,Sneakers,Clothing,1,1119.76,10,Durban,Mobile App
ORD-102213,2025-12-09,CUST-1209,Naledi Khumalo,Jeans,Clothing,5,703.99,0,Pretoria,Online
ORD-102214,2025-11-09,CUST-1298,Naledi Khumalo,Smartphone,Electronics,3,6711.61,20,Bloemfontein,Mobile App
ORD-102215,2025-11-23,CUST-1431,Karabo Mahlangu,Smartphone,Electronics,3,7483.66,25,Johannesburg,Mobile App
ORD-102216,2025-03-21,CUST-1195,Ayanda Dlamini,Office Chair,Furniture,1,2728.11,0,Gqeberha,Store
ORD-102217,2025-09-20,CUST-1090,Thabo Nkosi,Desk,Furniture,2,3497.44,0,Johannesburg,Mobile App
ORD-102218,2025-02-08,CUST-1337,Sipho Khumalo,Kettle,Appliances,4,627.92,0,Gqeberha,Mobile App
ORD-102219,2025-02-08,CUST-1003,Thabo Ndlovu,Monitor,Electronics,2,3033.63,15,Cape Town,Online
ORD-102220,2025-12-22,CUST-1207,Naledi Nkosi,Tablet,Electronics,2,4535.53,10,Gqeberha,Store
ORD-102221,2025-02-25,CUST-1441,Thabo Khumalo,Kettle,Appliances,2,685.83,0,Cape Town,Mobile App
ORD-102222,2025-11-12,CUST-1187,Thabo Mahlangu,Tablet,Electronics,4,4894.22,15,Cape Town,Store
ORD-102223,2025-06-07,CUST-1308,Anele Nkosi,Laptop,Electronics,4,13073.77,5,Cape Town,Online
ORD-102224,2025-04-21,CUST-1237,Zanele Nkosi,Desk,Furniture,2,3778.21,5,Pretoria,Mobile App
ORD-102225,2025-01-27,CUST-1097,Lebo Khumalo,Desk,Furniture,2,3617.02,5,Johannesburg,Online
ORD-102226,2025-09-04,CUST-1143,Zanele Khumalo,Jeans,Clothing,1,666.65,5,Durban,Store
ORD-102227,2025-09-21,CUST-1236,Tshepo Dlamini,Microwave,Appliances,2,2355.31,5,Gqeberha,Store
ORD-102228,2025-06-20,CUST-1047,Anele Mokoena,Microwave,Appliances,1,2203.55,0,Johannesburg,Store
ORD-102229,2025-10-23,CUST-1187,Thabo Mahlangu,Monitor,Electronics,2,3343.35,5,Durban,Online
ORD-102230,2025-04-28,CUST-1187,Thabo Mahlangu,Kettle,Appliances,2,607.83,20,,Mobile App
ORD-102231,2025-07-21,CUST-1376,Ayanda Mthembu,Jeans,Clothing,1,680.85,5,Pretoria,Online
ORD-102232,2025-04-15,CUST-1056,Tshepo Mthembu,Smartphone,Electronics,2,7147.83,20,Bloemfontein,Online
ORD-102233,2025-08-01,CUST-1380,Ayanda Ndlovu,Kettle,Appliances,1,693.86,10,Bloemfontein,Mobile App
ORD-102234,2025-02-19,CUST-1185,Naledi Khumalo,Tablet,Electronics,1,5177.16,15,Bloemfontein,Mobile App
ORD-102235,2025-06-23,CUST-1294,Lerato Khumalo,T-Shirt,Clothing,3,339.61,0,Durban,Store
ORD-102236,2025-07-20,CUST-1251,Lebo Nkosi,Sneakers,Clothing,2,1134.89,15,Cape Town,Online
ORD-102237,2025-07-23,CUST-1135,Karabo Nkosi,Headphones,Electronics,1,1025.07,0,Bloemfontein,Online
ORD-102238,2025-06-13,CUST-1419,Karabo Khumalo,Monitor,Electronics,5,3216.12,0,Durban,Mobile App
ORD-102239,2025-08-23,CUST-1102,Zanele Khumalo,Bookshelf,Furniture,1,2025.9,0,Bloemfontein,Store
ORD-102240,2025-07-06,CUST-1017,Anele Mokoena,Microwave,Appliances,4,2234.13,0,Bloemfontein,Online
ORD-102241,2025-04-14,CUST-1338,Lebo Mokoena,Headphones,Electronics,3,963.82,25,Johannesburg,Mobile App
ORD-102242,2025-03-20,CUST-1280,Lerato Ndlovu,Jeans,Clothing,4,701.75,25,Bloemfontein,Mobile App
ORD-102243,2025-08-25,CUST-1401,Lebo Dlamini,Desk,Furniture,3,3352.1,15,Bloemfontein,Store
ORD-102244,2025-12-09,CUST-1206,Thabo Mahlangu,Smartphone,Electronics,1,7729.71,0,Cape Town,Online
ORD-102245,2025-10-02,CUST-1008,Karabo Mokoena,Jacket,Clothing,3,1274.37,20,Bloemfontein,Store
ORD-102246,2025-08-22,CUST-1010,Ayanda Khumalo,Coffee Maker,Appliances,3,1444.31,15,Bloemfontein,Online
ORD-102247,2025-12-03,CUST-1195,Ayanda Dlamini,T-Shirt,Clothing,1,338.77,0,Pretoria,Mobile App
ORD-102248,2025-11-25,CUST-1113,Thabo Ndlovu,Tablet,Electronics,3,4927.64,5,Cape Town,Store
ORD-102249,2025-07-04,CUST-1415,Lebo Mokoena,Tablet,Electronics,2,4719.28,10,Johannesburg,Store
ORD-102250,2025-02-09,CUST-1054,Karabo Mahlangu,Desk,Furniture,4,3850.52,0,Pretoria,Mobile App
ORD-102251,2025-08-20,CUST-1397,Zanele Mokoena,Bookshelf,Furniture,3,2030.45,5,Bloemfontein,Mobile App
ORD-102252,2025-08-16,CUST-1098,Thabo Dlamini,T-Shirt,Clothing,2,352.63,15,Bloemfontein,Store
ORD-102253,2025-04-12,CUST-1054,Karabo Mahlangu,Headphones,Electronics,4,973.77,0,Cape Town,Mobile App
ORD-102254,2025-11-07,CUST-1124,Lebo Nkosi,Bookshelf,Furniture,5,1948.36,5,Bloemfontein,Online
ORD-102255,2025-11-14,CUST-1065,Zanele Mokoena,Monitor,Electronics,3,3426.52,10,Durban,Store
ORD-102256,2025-05-01,CUST-1181,Naledi Nkosi,Jacket,Clothing,2,1323.98,15,Pretoria,Store
ORD-102257,2025-06-24,CUST-1149,Lerato Mokoena,Sneakers,Clothing,4,1095.55,25,Pretoria,Mobile App
ORD-102258,2025-03-13,CUST-1239,Zanele Mokoena,Jeans,Clothing,2,730.96,20,Durban,Online
ORD-102259,2025-03-07,CUST-1242,Ayanda Mahlangu,Laptop,Electronics,1,12314.69,10,Bloemfontein,Mobile App
ORD-102260,2025-04-07,CUST-1001,Sipho Mokoena,Kettle,Appliances,4,701.19,10,Johannesburg,Online
ORD-102261,2025-05-14,CUST-1057,Lebo Mthembu,Laptop,Electronics,2,12029.62,10,Bloemfontein,Store
ORD-102262,2025-04-10,CUST-1073,Anele Molefe,Kettle,Appliances,4,621.19,10,Durban,Online
ORD-102263,2025-02-25,CUST-1088,Thabo Mahlangu,Laptop,Electronics,3,12579.09,0,Bloemfontein,Store
ORD-102264,2025-06-13,CUST-1043,Ayanda Mahlangu,Bookshelf,Furniture,1,1874.48,10,Gqeberha,Store
ORD-102265,2025-08-16,CUST-1142,Tshepo Nkosi,Smartphone,Electronics,5,7759.42,15,Johannesburg,Store
ORD-102266,2025-04-29,CUST-1248,Zanele Khumalo,Smartphone,Electronics,2,7543.38,5,Bloemfontein,Online
ORD-102267,2025-07-14,CUST-1140,Tshepo Mokoena,Jacket,Clothing,2,1316.04,20,Bloemfontein,Mobile App
ORD-102268,2025-04-10,CUST-1149,Lerato Mokoena,Jacket,Clothing,2,1203.54,10,Durban,Store
ORD-102269,2025-09-14,CUST-1212,Sipho Molefe,Smartphone,Electronics,1,7409.68,5,Pretoria,Store
ORD-102270,2025-08-25,CUST-1247,Lebo Mahlangu,Kettle,Appliances,3,678.47,0,Durban,Online
ORD-102271,2025-12-17,CUST-1149,Lerato Mokoena,Monitor,Electronics,2,3191.95,0,Pretoria,Mobile App
ORD-102272,2025-01-20,CUST-1100,Anele Mahlangu,Monitor,Electronics,4,3035.48,5,Bloemfontein,Online
ORD-102273,2025-11-08,CUST-1185,Naledi Khumalo,Monitor,Electronics,5,3016.81,5,Durban,Mobile App
ORD-102274,2025-05-05,CUST-1011,Naledi Khumalo,Desk,Furniture,3,3404.11,0,Pretoria,Online
ORD-102275,2025-01-25,CUST-1222,Naledi Nkosi,Tablet,Electronics,1,4949.6,0,Bloemfontein,Mobile App
ORD-102276,2025-09-09,CUST-1424,Naledi Mokoena,Desk,Furniture,3,3615.59,0,Pretoria,Mobile App
ORD-102277,2025-03-04,CUST-1180,Anele Dlamini,Headphones,Electronics,2,879.91,15,Cape Town,Store
ORD-102278,2025-03-06,CUST-1049,Lerato Mokoena,Laptop,Electronics,4,12712.94,15,Durban,Online
ORD-102279,2025-12-24,CUST-1319,Sipho Khumalo,Office Chair,Furniture,2,2978.95,5,Cape Town,Store
ORD-102280,2025-03-22,CUST-1058,Lerato Mokoena,Jacket,Clothing,4,1199.27,0,Durban,Online
ORD-102281,2025-07-19,CUST-1088,Thabo Mahlangu,Sneakers,Clothing,1,1030.85,0,Durban,Mobile App
ORD-102282,2025-03-15,CUST-1066,Anele Mthembu,Office Chair,Furniture,1,2688.14,0,Gqeberha,Mobile App
ORD-102283,2025-02-15,CUST-1398,Lerato Dlamini,Monitor,Electronics,5,3005.5,5,Cape Town,Mobile App
ORD-102284,2025-01-01,CUST-1442,Lebo Mokoena,Sneakers,Clothing,2,1158.67,0,Johannesburg,Online
ORD-102285,2025-01-06,CUST-1257,Tshepo Mthembu,Jacket,Clothing,4,1167.21,0,Bloemfontein,Mobile App
ORD-102286,2025-06-22,CUST-1278,Naledi Mahlangu,Coffee Maker,Appliances,4,1258.86,25,Johannesburg,Online
ORD-102287,2025-06-08,CUST-1291,Lerato Mahlangu,Microwave,Appliances,2,2306.04,5,Pretoria,Mobile App
ORD-102288,2025-01-15,CUST-1275,Lebo Mahlangu,Coffee Maker,Appliances,3,1407.81,15,Johannesburg,Mobile App
ORD-102289,2025-05-08,CUST-1245,Lebo Ndlovu,Kettle,Appliances,2,656.23,0,Pretoria,Mobile App
ORD-102290,2025-04-10,CUST-1445,Karabo Ndlovu,Desk,Furniture,3,3510.25,0,Gqeberha,Mobile App
ORD-102291,2025-07-28,CUST-1330,Lebo Mokoena,Office Chair,Furniture,6,2880.52,25,Cape Town,Store
ORD-102292,2025-12-30,CUST-1040,Sipho Mthembu,Monitor,Electronics,1,3452.06,5,Gqeberha,Store
ORD-102293,2025-09-10,CUST-1177,Lerato Mthembu,Headphones,Electronics,3,968.13,10,Johannesburg,Store
ORD-102294,2025-12-02,CUST-1439,Ayanda Mahlangu,Sneakers,Clothing,2,1057.85,25,Durban,Online
ORD-102295,2025-03-12,CUST-1182,Karabo Ndlovu,Jacket,Clothing,2,1345.76,10,Pretoria,Store
ORD-102296,2025-03-20,CUST-1092,Ayanda Molefe,Coffee Maker,Appliances,3,1388.75,0,Johannesburg,Store
ORD-102297,2025-10-02,CUST-1391,Zanele Molefe,Tablet,Electronics,4,5099.37,10,Gqeberha,Mobile App
ORD-102298,2025-04-24,CUST-1281,Thabo Mahlangu,Bookshelf,Furniture,2,1772.52,0,Durban,Store
ORD-102299,2025-11-06,CUST-1254,Zanele Mokoena,Headphones,Electronics,1,982.21,0,Durban,Online
ORD-102300,2025-06-19,CUST-1190,Naledi Dlamini,Microwave,Appliances,1,2201.21,0,Cape Town,Online
ORD-102301,2025-03-15,CUST-1056,Tshepo Mthembu,Monitor,Electronics,1,2977.15,20,Pretoria,Mobile App
ORD-102302,2025-11-05,CUST-1173,Ayanda Mokoena,Tablet,Electronics,1,5129.75,10,Pretoria,Mobile App
ORD-102303,2025-07-20,CUST-1197,Lebo Mokoena,T-Shirt,Clothing,4,333.26,0,Gqeberha,Mobile App
ORD-102304,2025-10-20,CUST-1420,Zanele Mahlangu,Microwave,Appliances,2,2246.04,0,Johannesburg,Mobile App
ORD-102305,2025-06-15,CUST-1139,Ayanda Mahlangu,Microwave,Appliances,1,2038.99,10,Gqeberha,Online
ORD-102306,2025-02-16,CUST-1068,Sipho Ndlovu,Smartphone,Electronics,4,7404.19,20,Bloemfontein,Mobile App
ORD-102307,2025-09-06,CUST-1193,Lerato Khumalo,Monitor,Electronics,1,3034.0,0,Gqeberha,Online
ORD-102308,2025-02-15,CUST-1449,Zanele Dlamini,Tablet,Electronics,1,4867.72,0,Pretoria,Mobile App
ORD-102309,2025-08-31,CUST-1217,Anele Molefe,Monitor,Electronics,4,3353.43,20,Pretoria,Mobile App
ORD-102310,2025-06-02,CUST-1171,Sipho Mokoena,T-Shirt,Clothing,1,359.8,20,Bloemfontein,Mobile App
ORD-102311,2025-10-16,CUST-1301,Naledi Nkosi,Monitor,Electronics,2,3203.61,20,Pretoria,Online
ORD-102312,2025-11-14,CUST-1292,Karabo Ndlovu,Smartphone,Electronics,2,7441.41,0,Johannesburg,Store
ORD-102313,2025-05-29,CUST-1135,Karabo Nkosi,Bookshelf,Furniture,1,1895.55,0,Bloemfontein,Online
ORD-102314,2025-11-18,CUST-1436,Sipho Dlamini,Laptop,Electronics,1,13068.41,5,Bloemfontein,Mobile App
ORD-102315,2025-02-10,CUST-1267,Ayanda Mokoena,Headphones,Electronics,1,929.36,0,Gqeberha,Mobile App
ORD-102316,2025-02-09,CUST-1026,Naledi Mthembu,Laptop,Electronics,1,12239.48,20,Durban,Online
ORD-102317,2025-12-29,CUST-1184,Tshepo Mahlangu,Smartphone,Electronics,4,6815.84,0,Gqeberha,Store
ORD-102318,2025-07-29,CUST-1416,Anele Mokoena,Desk,Furniture,2,3358.0,10,Pretoria,Mobile App
ORD-102319,2025-06-14,CUST-1178,Zanele Nkosi,Coffee Maker,Appliances,2,1413.74,20,Johannesburg,Store
ORD-102320,2025-02-26,CUST-1256,Tshepo Mahlangu,Sneakers,Clothing,3,1169.23,25,Gqeberha,Mobile App
ORD-102321,2025-04-16,CUST-1276,Karabo Mahlangu,Smartphone,Electronics,5,7139.61,10,Gqeberha,Online
ORD-102322,2025-09-08,CUST-1317,Anele Dlamini,Laptop,Electronics,1,11962.53,25,Johannesburg,Store
ORD-102323,2025-10-27,CUST-1393,Zanele Dlamini,Office Chair,Furniture,4,2757.79,0,Cape Town,Mobile App
ORD-102324,2025-12-01,CUST-1068,Sipho Ndlovu,Jeans,Clothing,1,718.67,5,Gqeberha,Store
ORD-102325,2025-05-29,CUST-1233,Naledi Nkosi,Sneakers,Clothing,5,1039.78,0,Bloemfontein,Online
ORD-102326,2025-06-15,CUST-1241,Zanele Dlamini,Coffee Maker,Appliances,1,R1323.62,25,Bloemfontein,Mobile App
ORD-102327,2025-03-01,CUST-1069,Lebo Mokoena,Office Chair,Furniture,1,2881.64,20,Pretoria,Store
ORD-102328,2025-01-31,CUST-1304,Karabo Nkosi,Tablet,Electronics,2,4932.2,0,Johannesburg,Store
ORD-102329,2025-06-09,CUST-1054,Karabo Mahlangu,Laptop,Electronics,1,11579.26,0,Durban,Online
ORD-102330,2025-07-31,CUST-1206,Thabo Mahlangu,Tablet,Electronics,3,4523.75,5,Pretoria,Online
ORD-102331,2025-02-08,CUST-1149,Lerato Mokoena,Laptop,Electronics,2,12138.95,0,Durban,Mobile App
ORD-102332,2025-05-30,CUST-1070,Ayanda Nkosi,Coffee Maker,Appliances,3,1266.87,20,Bloemfontein,Online
ORD-102333,2025-08-23,CUST-1371,Karabo Khumalo,Monitor,Electronics,1,3007.62,0,Gqeberha,Online
ORD-102334,2025-10-23,CUST-1110,Sipho Mahlangu,Coffee Maker,Appliances,4,1285.68,15,Gqeberha,Online
ORD-102335,2025-12-09,CUST-1115,Zanele Nkosi,T-Shirt,Clothing,1,337.48,10,Bloemfontein,Mobile App
ORD-102336,2025-05-05,CUST-1385,Lebo Ndlovu,T-Shirt,Clothing,5,340.84,5,Cape Town,Online
ORD-102337,2025-05-23,CUST-1395,Tshepo Nkosi,Desk,Furniture,3,3597.53,0,Gqeberha,Online
ORD-102338,2025-11-16,CUST-1016,Zanele Khumalo,Coffee Maker,Appliances,2,1362.88,25,Cape Town,Store
ORD-102339,2025-09-11,CUST-1126,Ayanda Nkosi,Laptop,Electronics,4,13293.68,10,Pretoria,Mobile App
ORD-102340,2025-04-10,CUST-1319,Sipho Khumalo,Smartphone,Electronics,2,7445.45,5,Bloemfontein,Online
ORD-102341,2025-09-08,CUST-1351,Tshepo Nkosi,Desk,Furniture,2,3584.97,5,Bloemfontein,Online
ORD-102342,2025-02-27,CUST-1450,Karabo Khumalo,Office Chair,Furniture,2,2933.63,20,Gqeberha,Online
ORD-102343,2025-06-13,CUST-1250,Karabo Ndlovu,T-Shirt,Clothing,4,359.1,15,Durban,Online
ORD-102344,2025-04-22,CUST-1004,Thabo Molefe,Sneakers,Clothing,2,1096.66,15,Durban,Online
ORD-102345,2025-12-29,CUST-1394,Ayanda Mahlangu,T-Shirt,Clothing,1,342.43,10,Cape Town,Mobile App
ORD-102346,2025-01-13,CUST-1073,Anele Molefe,Headphones,Electronics,?,964.52,20,Pretoria,Online
ORD-102347,2025-11-09,CUST-1055,Tshepo Nkosi,Monitor,Electronics,1,2966.34,0,Bloemfontein,Mobile App
ORD-102348,2025-04-13,CUST-1304,Karabo Nkosi,Sneakers,Clothing,3,1098.65,10,Cape Town,Store
ORD-102349,2025-01-14,CUST-1272,Zanele Nkosi,Headphones,Electronics,1,948.25,5,Bloemfontein,Store
ORD-102350,2025-08-29,CUST-1027,Thabo Mokoena,Bookshelf,Furniture,2,1938.6,10,Durban,Online
ORD-102351,2025-09-05,CUST-1077,Karabo Ndlovu,T-Shirt,Clothing,5,351.86,25,Pretoria,Store
ORD-102352,2025-02-21,CUST-1266,Lebo Dlamini,Sneakers,Clothing,2,1028.86,25,Pretoria,Mobile App
ORD-102353,2025-01-14,CUST-1115,Zanele Nkosi,Jacket,Clothing,2,1197.17,5,Durban,Online
ORD-102354,2025-02-10,CUST-1308,Anele Nkosi,Desk,Furniture,2,3774.62,10,Pretoria,Mobile App
ORD-102355,2025-05-30,CUST-1186,Lebo Mokoena,Monitor,Electronics,5,3067.24,20,Gqeberha,Mobile App
ORD-102356,2025-02-18,CUST-1265,Lerato Molefe,Office Chair,Furniture,2,2578.22,25,Gqeberha,Mobile App
ORD-102357,2025-09-14,CUST-1214,Lebo Mahlangu,Desk,Furniture,3,3579.74,15,Bloemfontein,Mobile App
ORD-102358,2025-01-29,CUST-1165,Naledi Mahlangu,Headphones,Electronics,2,933.74,0,Johannesburg,Store
ORD-102359,2025-10-15,CUST-1155,Lebo Mthembu,Jeans,Clothing,2,738.17,0,Pretoria,Online
ORD-102360,2025-11-16,CUST-1314,Anele Khumalo,Headphones,Electronics,2,902.45,20,Pretoria,Store
ORD-102361,2025-09-19,CUST-1232,Zanele Dlamini,Jeans,Clothing,2,710.79,15,Pretoria,Online
ORD-102362,2025-12-11,CUST-1268,Tshepo Nkosi,Sneakers,Clothing,2,1113.23,15,Pretoria,Store
ORD-102363,2025-12-09,CUST-1260,Tshepo Nkosi,Kettle,Appliances,1,663.52,10,Durban,Mobile App
ORD-102364,2025-01-17,CUST-1094,Naledi Mokoena,Smartphone,Electronics,2,7131.88,5,Johannesburg,Store
ORD-102365,2025-05-05,CUST-1411,Lebo Dlamini,Sneakers,Clothing,2,1093.45,5,Pretoria,Online
ORD-102366,2025-10-05,CUST-1254,Zanele Mokoena,Smartphone,Electronics,2,7537.67,15,Durban,Mobile App
ORD-102367,2025-05-04,CUST-1324,Thabo Khumalo,Office Chair,Furniture,1,2939.54,0,Pretoria,Mobile App
ORD-102368,2025-09-27,CUST-1397,Zanele Mokoena,Tablet,Electronics,1,4775.45,10,Durban,Store
ORD-102369,2025-10-10,CUST-1417,Sipho Molefe,Tablet,Electronics,2,4545.29,15,Bloemfontein,Mobile App
ORD-102370,2025-12-30,CUST-1301,Naledi Nkosi,Tablet,Electronics,2,4861.87,20,Bloemfontein,Online
ORD-102371,2025-05-01,CUST-1355,Anele Molefe,Laptop,Electronics,4,13110.75,0,Gqeberha,Store
ORD-102372,2025-05-07,CUST-1213,Lebo Molefe,Coffee Maker,Appliances,2,1447.13,15,Gqeberha,Mobile App
ORD-102373,2025-01-09,CUST-1333,Sipho Nkosi,Laptop,Electronics,3,13254.53,0,Durban,Store
ORD-102374,2025-04-15,CUST-1145,Thabo Mthembu,Office Chair,Furniture,1,2807.75,0,Cape Town,Mobile App
ORD-102375,2025-04-13,CUST-1321,Karabo Mokoena,Jacket,Clothing,5,1171.0,5,Durban,Online
ORD-102376,2025-06-15,CUST-1039,Ayanda Ndlovu,Kettle,Appliances,1,700.31,0,Cape Town,Mobile App
ORD-102377,2025-06-03,CUST-1412,Lerato Dlamini,Coffee Maker,Appliances,2,1448.42,25,Johannesburg,Online
ORD-102378,2025-11-09,CUST-1111,Lerato Khumalo,Tablet,Electronics,1,4622.82,20,Pretoria,Mobile App
ORD-102379,2025-10-10,CUST-1296,Tshepo Nkosi,Kettle,Appliances,1,607.31,0,Gqeberha,Store
ORD-102380,2025-09-23,CUST-1006,Ayanda Khumalo,Jeans,Clothing,3,682.22,15,Pretoria,Mobile App
ORD-102381,2025-01-02,CUST-1071,Thabo Mthembu,Tablet,Electronics,1,4813.88,5,Cape Town,Online
ORD-102382,2025-06-22,CUST-1444,Thabo Mthembu,Desk,Furniture,1,3614.0,10,Pretoria,Online
ORD-102383,2025-09-24,CUST-1376,Ayanda Mthembu,Microwave,Appliances,2,2281.38,20,Cape Town,Store
ORD-102384,2025-03-31,CUST-1101,Lebo Khumalo,Office Chair,Furniture,5,2845.12,10,Bloemfontein,Store
ORD-102385,2025-06-05,CUST-1059,Anele Mokoena,Tablet,Electronics,3,4641.98,0,Cape Town,Online
ORD-102386,2025-09-23,CUST-1367,Lerato Dlamini,Microwave,Appliances,4,2357.36,0,Johannesburg,Store
ORD-102387,2025-10-18,CUST-1446,Ayanda Molefe,Kettle,Appliances,4,649.58,5,Gqeberha,Store
ORD-102388,2025-11-08,CUST-1076,Anele Molefe,Kettle,Appliances,4,700.74,25,Pretoria,Mobile App
ORD-102389,2025-06-06,CUST-1299,Thabo Mahlangu,Kettle,Appliances,2,607.96,10,Johannesburg,Store
ORD-102390,2025-05-26,CUST-1128,Zanele Mahlangu,Microwave,Appliances,1,2194.59,5,Durban,Mobile App
ORD-102391,2025-05-20,CUST-1335,Sipho Mthembu,Desk,Furniture,1,3886.45,0,Johannesburg,Mobile App
ORD-102392,2025-09-02,CUST-1189,Tshepo Nkosi,Tablet,Electronics,2,5080.27,20,Durban,Store
ORD-102393,2025-06-03,CUST-1057,Lebo Mthembu,Jeans,Clothing,3,685.84,0,Cape Town,Store
ORD-102394,2025-05-27,CUST-1146,Thabo Mthembu,Headphones,Electronics,1,987.91,10,Bloemfontein,Online
ORD-102395,2025-03-03,CUST-1243,Sipho Mokoena,Bookshelf,Furniture,1,1901.03,10,Bloemfontein,Online
ORD-102396,2025-06-24,CUST-1360,Ayanda Mahlangu,Jeans,Clothing,3,668.23,0,Bloemfontein,Mobile App
ORD-102397,2025-03-28,CUST-1010,Ayanda Khumalo,Kettle,Appliances,1,613.05,0,Johannesburg,Mobile App
ORD-102398,2025-07-11,CUST-1431,Karabo Mahlangu,Monitor,Electronics,1,3134.77,5,Johannesburg,Store
ORD-102399,2025-11-21,CUST-1293,Ayanda Dlamini,Headphones,Electronics,1,1012.37,0,Durban,Mobile App
ORD-102400,2025-10-11,CUST-1394,Ayanda Mahlangu,Sneakers,Clothing,3,1157.37,10,Durban,Online
ORD-102401,2025-06-24,CUST-1419,Karabo Khumalo,Laptop,Electronics,1,12223.35,15,Bloemfontein,Mobile App
ORD-102402,2025-12-23,CUST-1070,Ayanda Nkosi,T-Shirt,Clothing,1,365.53,0,Durban,Mobile App
ORD-102403,2025-12-24,CUST-1043,Ayanda Mahlangu,Sneakers,Clothing,1,1142.26,5,Cape Town,Online
ORD-102404,2025-06-12,CUST-1350,Sipho Mahlangu,T-Shirt,Clothing,3,338.19,0,Bloemfontein,Mobile App
ORD-102405,2025-10-06,CUST-1085,Lerato Mokoena,Office Chair,Furniture,1,2824.13,0,Bloemfontein,Mobile App
ORD-102406,2025-05-05,CUST-1067,Anele Ndlovu,Coffee Maker,Appliances,1,1371.43,15,Cape Town,Mobile App
ORD-102407,2025-11-17,CUST-1211,Thabo Mthembu,Office Chair,Furniture,5,2965.21,15,Bloemfontein,Online
ORD-102408,2025-05-17,CUST-1412,Lerato Dlamini,Jacket,Clothing,4,1326.94,15,Durban,Online
ORD-102409,2025-04-05,CUST-1359,Karabo Mthembu,Desk,Furniture,1,3566.0,0,,Mobile App
ORD-102410,2025-02-18,CUST-1234,Sipho Mokoena,Laptop,Electronics,1,12148.04,10,Cape Town,Online
ORD-102411,2025-11-04,CUST-1089,Ayanda Mahlangu,Bookshelf,Furniture,1,1951.27,5,Johannesburg,Mobile App
ORD-102412,2025-04-19,CUST-1152,Lebo Khumalo,Laptop,Electronics,3,11762.11,25,Cape Town,Mobile App
ORD-102413,2025-10-24,CUST-1310,Tshepo Ndlovu,Microwave,Appliances,1,2209.49,10,Johannesburg,Store
ORD-102414,2025-02-01,CUST-1071,Thabo Mthembu,Jeans,Clothing,4,727.98,20,Durban,Store
ORD-102415,2025-07-02,CUST-1236,Tshepo Dlamini,Office Chair,Furniture,3,2933.42,0,Gqeberha,Mobile App
ORD-102416,2025-06-06,CUST-1006,Ayanda Khumalo,Bookshelf,Furniture,2,2047.48,5,Bloemfontein,Mobile App
ORD-102417,2025-06-10,CUST-1147,Thabo Dlamini,Jeans,Clothing,1,651.48,15,Johannesburg,Mobile App
ORD-102418,2025-03-03,CUST-1112,Naledi Mahlangu,Headphones,Electronics,4,972.75,5,Gqeberha,Online
ORD-102419,2025-01-27,CUST-1307,Sipho Mahlangu,Monitor,Electronics,3,3254.01,10,Johannesburg,Mobile App
ORD-102420,2025-05-07,CUST-1412,Lerato Dlamini,Desk,Furniture,3,3425.58,5,Gqeberha,Store
ORD-102421,2025-06-21,CUST-1066,Anele Mthembu,Headphones,Electronics,1,956.46,25,Pretoria,Store
ORD-102422,2025-10-17,CUST-1359,Karabo Mthembu,Sneakers,Clothing,3,1166.18,0,Durban,Online
ORD-102423,2025-06-18,CUST-1296,Tshepo Nkosi,Smartphone,Electronics,3,7512.83,20,Cape Town,Mobile App
ORD-102424,2025-03-31,CUST-1437,Karabo Molefe,Coffee Maker,Appliances,5,1338.77,5,Johannesburg,Store
ORD-102425,2025-04-06,CUST-1411,Lebo Dlamini,Office Chair,Furniture,2,2644.8,5,Gqeberha,Online
ORD-102426,2025-08-12,CUST-1046,Tshepo Nkosi,T-Shirt,Clothing,2,351.77,5,Gqeberha,Online
ORD-102427,2025-06-09,CUST-1335,Sipho Mthembu,Tablet,Electronics,2,5035.37,0,Cape Town,Store
ORD-102428,2025-11-25,CUST-1267,Ayanda Mokoena,Office Chair,Furniture,4,2601.35,25,Pretoria,Store
ORD-102429,2025-06-10,CUST-1051,Lebo Nkosi,Sneakers,Clothing,4,1163.08,20,Gqeberha,Online
ORD-102430,2025-07-26,CUST-1116,Thabo Mokoena,Monitor,Electronics,2,3312.5,25,Johannesburg,Online
ORD-102431,2025-01-24,CUST-1418,Ayanda Mthembu,Smartphone,Electronics,2,7695.97,25,Bloemfontein,Store
ORD-102432,2025-03-12,CUST-1245,Lebo Ndlovu,Bookshelf,Furniture,1,1897.44,10,Bloemfontein,Store
ORD-102433,2025-11-07,CUST-1153,Ayanda Mthembu,Tablet,Electronics,2,4695.12,5,Bloemfontein,Mobile App
ORD-102434,2025-05-06,CUST-1145,Thabo Mthembu,Monitor,Electronics,5,2951.47,20,Gqeberha,Online
ORD-102435,2025-06-03,CUST-1378,Thabo Khumalo,Desk,Furniture,1,3420.76,0,Gqeberha,Store
ORD-102436,2025-08-04,CUST-1128,Zanele Mahlangu,T-Shirt,Clothing,3,371.87,15,Durban,Online
ORD-102437,2025-01-22,CUST-1072,Karabo Khumalo,Jeans,Clothing,4,739.48,5,Durban,Mobile App
ORD-102438,2025-07-04,CUST-1259,Zanele Molefe,Jacket,Clothing,2,1165.33,10,Bloemfontein,Online
ORD-102439,2025-05-07,CUST-1447,Sipho Molefe,Coffee Maker,Appliances,1,1317.61,5,Pretoria,Online
ORD-102440,2025-02-24,CUST-1083,Ayanda Mahlangu,Laptop,Electronics,1,13016.57,5,Pretoria,Store
ORD-102441,2025-06-02,CUST-1115,Zanele Nkosi,Office Chair,Furniture,2,2760.02,0,Gqeberha,Mobile App
ORD-102442,2025-06-13,CUST-1212,Sipho Molefe,Laptop,Electronics,1,12085.79,5,Durban,Mobile App
ORD-102443,2025-03-10,CUST-1090,Thabo Nkosi,Laptop,Electronics,2,12807.93,5,Johannesburg,Store
ORD-102444,2025-07-18,CUST-1293,Ayanda Dlamini,Headphones,Electronics,2,956.06,0,Gqeberha,Online
ORD-102445,2025-09-30,CUST-1115,Zanele Nkosi,T-Shirt,Clothing,2,377.16,0,Bloemfontein,Store
ORD-102446,2025-04-08,CUST-1058,Lerato Mokoena,Microwave,Appliances,2,2339.66,10,Gqeberha,Mobile App
ORD-102447,2025-12-19,CUST-1118,Karabo Mokoena,Sneakers,Clothing,1,1106.3,0,Gqeberha,Mobile App
ORD-102448,2025-08-12,CUST-1419,Karabo Khumalo,Jeans,Clothing,2,708.09,15,Johannesburg,Online
ORD-102449,2025-10-10,CUST-1421,Zanele Mthembu,Sneakers,Clothing,1,1179.63,0,Cape Town,Store
ORD-102450,2025-01-26,CUST-1228,Lerato Mahlangu,Tablet,Electronics,1,5102.64,10,Bloemfontein,Store
ORD-102451,2025-10-08,CUST-1181,Naledi Nkosi,Coffee Maker,Appliances,3,1264.72,0,Bloemfontein,Store
ORD-102452,2025-05-03,CUST-1369,Tshepo Mahlangu,Microwave,Appliances,1,2092.94,5,Bloemfontein,Online
ORD-102453,2025-09-17,CUST-1088,Thabo Mahlangu,Smartphone,Electronics,2,7447.78,10,Gqeberha,Online
ORD-102454,2025-10-21,CUST-1295,Naledi Mthembu,Bookshelf,Furniture,1,2041.71,10,Durban,Store
ORD-102455,2025-04-02,CUST-1307,Sipho Mahlangu,Coffee Maker,Appliances,1,1347.79,5,Gqeberha,Online
ORD-102456,2025-04-05,CUST-1320,Anele Mokoena,Bookshelf,Furniture,1,1774.03,5,Gqeberha,Store
ORD-102457,2025-01-22,CUST-1099,Lerato Mahlangu,Coffee Maker,Appliances,2,1316.47,0,Cape Town,Store
ORD-102458,2025-08-09,CUST-1323,Naledi Ndlovu,Kettle,Appliances,2,655.8,5,Cape Town,Online
ORD-102459,2025-10-10,CUST-1276,Karabo Mahlangu,Bookshelf,Furniture,3,1888.34,5,Durban,Online
ORD-102460,2025-05-30,CUST-1394,Ayanda Mahlangu,Laptop,Electronics,1,11979.45,10,Gqeberha,Mobile App
ORD-102461,2025-02-28,CUST-1079,Sipho Nkosi,Office Chair,Furniture,2,2581.33,5,Cape Town,Online
ORD-102462,2025-04-26,CUST-1277,Naledi Mthembu,Headphones,Electronics,3,954.73,15,Durban,Store
ORD-102463,2025-05-28,CUST-1374,Tshepo Dlamini,Bookshelf,Furniture,1,2033.81,5,Johannesburg,Mobile App
ORD-102464,2025-12-01,CUST-1126,Ayanda Nkosi,T-Shirt,Clothing,1,364.09,0,Bloemfontein,Store
ORD-102465,2025-02-15,CUST-1335,Sipho Mthembu,Desk,Furniture,1,3559.05,0,Johannesburg,Online
ORD-102466,2025-05-06,CUST-1045,Zanele Ndlovu,Tablet,Electronics,1,5047.04,0,Durban,Store
ORD-102467,2025-08-21,CUST-1324,Thabo Khumalo,Monitor,Electronics,4,3108.34,10,Durban,Store
ORD-102468,2025-03-28,CUST-1273,Sipho Mahlangu,Jacket,Clothing,2,1300.83,15,Gqeberha,Store
ORD-102469,2025-11-19,CUST-1087,Thabo Dlamini,Laptop,Electronics,2,11799.17,15,Johannesburg,Mobile App
ORD-102470,2025-11-28,CUST-1030,Thabo Ndlovu,Headphones,Electronics,3,891.15,5,Durban,Mobile App
ORD-102471,2025-05-19,CUST-1336,Zanele Molefe,Microwave,Appliances,1,2179.75,0,Bloemfontein,Mobile App
ORD-102472,2025-09-30,CUST-1109,Thabo Nkosi,Smartphone,Electronics,2,7677.68,20,Gqeberha,Store
ORD-102473,2025-10-03,CUST-1224,Zanele Ndlovu,Desk,Furniture,1,3772.81,0,Cape Town,Online
ORD-102474,2025-09-06,CUST-1028,Naledi Mahlangu,Headphones,Electronics,2,886.58,5,Gqeberha,Store
ORD-102475,2025-03-10,CUST-1434,Tshepo Mokoena,Smartphone,Electronics,1,7326.47,20,Johannesburg,Online
ORD-102476,2025-01-19,CUST-1247,Lebo Mahlangu,Desk,Furniture,1,3608.74,5,Johannesburg,Mobile App
ORD-102477,2025-05-07,CUST-1420,Zanele Mahlangu,Bookshelf,Furniture,1,2008.97,0,Johannesburg,Online
ORD-102478,2025-02-17,CUST-1073,Anele Molefe,Tablet,Electronics,3,4821.56,0,Pretoria,Online
ORD-102479,2025-04-17,CUST-1093,Lerato Ndlovu,Smartphone,Electronics,3,6927.28,10,Durban,Mobile App
ORD-102480,2025-08-21,CUST-1275,Lebo Mahlangu,Tablet,Electronics,3,5182.29,0,Cape Town,Online
ORD-102481,2025-08-03,CUST-1273,Sipho Mahlangu,Jeans,Clothing,1,667.75,10,Cape Town,Store
ORD-102482,2025-03-18,CUST-1356,Sipho Khumalo,Coffee Maker,Appliances,5,1338.3,5,Gqeberha,Online
ORD-102483,2025-01-07,CUST-1418,Ayanda Mthembu,Tablet,Electronics,1,4529.44,0,Johannesburg,Store
ORD-102484,2025-03-24,CUST-1370,Thabo Mthembu,Monitor,Electronics,3,3064.54,0,Johannesburg,Mobile App
ORD-102485,2025-06-16,CUST-1064,Tshepo Mahlangu,Office Chair,Furniture,4,2912.69,15,Cape Town,Store
ORD-102486,2025-10-12,CUST-1140,Tshepo Mokoena,Office Chair,Furniture,2,2769.82,5,Cape Town,Mobile App
ORD-102487,2025-05-14,CUST-1412,Lerato Dlamini,Headphones,Electronics,3,899.23,15,Gqeberha,Mobile App
ORD-102488,2025-04-15,CUST-1248,Zanele Khumalo,Laptop,Electronics,3,11598.15,5,Gqeberha,Mobile App
ORD-102489,2025-07-21,CUST-1391,Zanele Molefe,Bookshelf,Furniture,3,1790.2,0,Cape Town,Mobile App
ORD-102490,2025-01-27,CUST-1254,Zanele Mokoena,Office Chair,Furniture,1,2584.08,5,Pretoria,Mobile App
ORD-102491,2025-03-24,CUST-1023,Zanele Nkosi,Office Chair,Furniture,3,2837.66,5,Cape Town,Online
ORD-102492,2025-01-14,CUST-1213,Lebo Molefe,Headphones,Electronics,1,991.68,5,Gqeberha,Online
ORD-102493,2025-07-11,CUST-1372,Lebo Mahlangu,Microwave,Appliances,3,2214.05,15,Cape Town,Online
ORD-102494,2025-06-11,CUST-1295,Naledi Mthembu,Jeans,Clothing,?,729.03,20,Pretoria,Mobile App
ORD-102495,2025-08-01,CUST-1060,Sipho Dlamini,Desk,Furniture,4,3579.42,15,Pretoria,Mobile App
ORD-102496,2025-08-14,CUST-1095,Karabo Mahlangu,Headphones,Electronics,2,1013.33,10,Bloemfontein,Mobile App
ORD-102497,2025-05-25,CUST-1385,Lebo Ndlovu,Coffee Maker,Appliances,1,1311.55,10,Pretoria,Store
ORD-102498,2025-11-14,CUST-1441,Thabo Khumalo,Microwave,Appliances,2,2104.96,10,Bloemfontein,Store
ORD-102499,2025-12-02,CUST-1339,Thabo Nkosi,Laptop,Electronics,1,11991.78,0,Bloemfontein,Mobile App
ORD-102500,2025-02-10,CUST-1045,Zanele Ndlovu,Microwave,Appliances,3,2238.69,15,Bloemfontein,Store
ORD-102501,2025-12-02,CUST-1279,Ayanda Nkosi,Jacket,Clothing,2,1172.05,20,Johannesburg,Online
ORD-102502,2025-03-13,CUST-1374,Tshepo Dlamini,Smartphone,Electronics,3,7533.14,0,Bloemfontein,Store
ORD-102503,2025-04-01,CUST-1289,Ayanda Molefe,Sneakers,Clothing,1,1175.95,20,Pretoria,Store
ORD-102504,2025-07-13,CUST-1268,Tshepo Nkosi,Smartphone,Electronics,2,6871.31,20,Gqeberha,Mobile App
ORD-102505,2025-01-11,CUST-1211,Thabo Mthembu,Laptop,Electronics,2,12901.97,5,Gqeberha,Online
ORD-102506,2025-05-13,CUST-1111,Lerato Khumalo,Smartphone,Electronics,2,7423.09,20,Cape Town,Online
ORD-102507,2025-03-13,CUST-1127,Sipho Mahlangu,Desk,Furniture,1,3458.6,0,Johannesburg,Online
ORD-102508,2025-06-26,CUST-1336,Zanele Molefe,Jeans,Clothing,1,714.27,0,Durban,Mobile App
ORD-102509,2025-10-25,CUST-1032,Naledi Molefe,Desk,Furniture,2,3444.76,0,Durban,Mobile App
ORD-102510,2025-12-04,CUST-1039,Ayanda Ndlovu,Smartphone,Electronics,1,7501.86,10,Johannesburg,Store
ORD-102511,2025-03-19,CUST-1179,Anele Ndlovu,Tablet,Electronics,2,4468.4,5,Cape Town,Online
ORD-102512,2025-07-18,CUST-1349,Karabo Ndlovu,Coffee Maker,Appliances,4,1277.73,25,Cape Town,Mobile App
ORD-102513,2025-06-23,CUST-1296,Tshepo Nkosi,Kettle,Appliances,2,683.05,0,Pretoria,Online
ORD-102514,2025-06-01,CUST-1266,Lebo Dlamini,Sneakers,Clothing,1,1102.37,0,Cape Town,Online
ORD-102515,2025-08-19,CUST-1241,Zanele Dlamini,smartphone,Electronics,1,6661.0,10,Bloemfontein,Online
ORD-102516,2025-12-28,CUST-1050,Naledi Mahlangu,Coffee Maker,Appliances,1,1269.56,0,Bloemfontein,Online
ORD-102517,2025-05-28,CUST-1150,Naledi Ndlovu,Jacket,Clothing,2,1215.31,15,Johannesburg,Store
ORD-102518,2025-01-24,CUST-1036,Ayanda Mokoena,Bookshelf,Furniture,3,1890.41,5,Bloemfontein,Store
ORD-102519,2025-12-01,CUST-1342,Zanele Mahlangu,Tablet,Electronics,1,4700.16,25,Johannesburg,Store
ORD-102520,2025-12-07,CUST-1338,Lebo Mokoena,Kettle,Appliances,1,641.46,10,Gqeberha,Mobile App
ORD-102521,2025-04-28,CUST-1117,Anele Ndlovu,Desk,Furniture,1,3350.96,0,Cape Town,Store
ORD-102522,2025-07-03,CUST-1132,Zanele Ndlovu,Laptop,Electronics,1,11887.29,0,Durban,Store
ORD-102523,2025-11-11,CUST-1143,Zanele Khumalo,Headphones,Electronics,5,957.06,0,Bloemfontein,Mobile App
ORD-102524,2025-07-03,CUST-1401,Lebo Dlamini,Desk,Furniture,1,3875.17,25,Bloemfontein,Store
ORD-102525,2025-06-25,CUST-1220,Lerato Molefe,Laptop,Electronics,1,12013.96,10,Cape Town,Mobile App
ORD-102526,2025-12-03,CUST-1343,Lerato Dlamini,Monitor,Electronics,1,3057.45,5,Gqeberha,Store
ORD-102527,2025-10-30,CUST-1202,Lerato Dlamini,Bookshelf,Furniture,1,2005.4,0,Johannesburg,Store
ORD-102528,2025-07-05,CUST-1315,Ayanda Khumalo,Kettle,Appliances,1,655.93,20,,Online
ORD-102529,2025-02-28,CUST-1238,Naledi Molefe,Smartphone,Electronics,2,6688.47,0,Durban,Mobile App
ORD-102530,2025-06-10,CUST-1126,Ayanda Nkosi,T-Shirt,Clothing,1,332.02,10,Bloemfontein,Store
ORD-102531,2025-09-04,CUST-1395,Tshepo Nkosi,Microwave,Appliances,1,2201.65,15,Durban,Store
ORD-102532,2025-04-10,CUST-1320,Anele Mokoena,Coffee Maker,Appliances,2,1263.03,0,Cape Town,Online
ORD-102533,2025-07-16,CUST-1347,Lerato Ndlovu,Microwave,Appliances,2,2197.69,5,Pretoria,Store
ORD-102534,2025-08-29,CUST-1427,Thabo Nkosi,Tablet,Electronics,1,5029.01,0,Gqeberha,Online
ORD-102535,2025-02-01,CUST-1112,Naledi Mahlangu,Coffee Maker,Appliances,4,1445.11,5,Bloemfontein,Online
ORD-102536,2025-07-27,CUST-1042,Sipho Mahlangu,Kettle,Appliances,1,632.46,25,Gqeberha,Mobile App
ORD-102537,2025-09-27,CUST-1263,Lebo Nkosi,Monitor,Electronics,5,3374.33,10,Durban,Online
ORD-102538,2025-03-20,CUST-1147,Thabo Dlamini,Bookshelf,Furniture,5,1868.17,20,Cape Town,Mobile App
ORD-102539,2025-07-20,CUST-1197,Lebo Mokoena,Bookshelf,Furniture,2,1774.17,10,Bloemfontein,Online
ORD-102540,2025-09-16,CUST-1106,Naledi Mahlangu,Bookshelf,Furniture,1,1909.59,0,Cape Town,Mobile App
ORD-102541,2025-01-17,CUST-1180,Anele Dlamini,Monitor,Electronics,4,3233.08,15,Cape Town,Store
ORD-102542,2025-08-24,CUST-1177,Lerato Mthembu,Kettle,Appliances,1,698.06,5,Gqeberha,Online
ORD-102543,2025-04-05,CUST-1158,Lerato Dlamini,Kettle,Appliances,1,679.13,0,Pretoria,Online
ORD-102544,2025-05-26,CUST-1335,Sipho Mthembu,Office Chair,Furniture,2,2904.31,5,Pretoria,Store
ORD-102545,2025-08-25,CUST-1267,Ayanda Mokoena,Coffee Maker,Appliances,2,1299.16,10,Durban,Store
ORD-102546,2025-01-02,CUST-1214,Lebo Mahlangu,Office Chair,Furniture,4,2969.98,15,Cape Town,Store
ORD-102547,2025-01-07,CUST-1051,Lebo Nkosi,Sneakers,Clothing,3,1013.16,0,Durban,Online
ORD-102548,2025-06-13,CUST-1257,Tshepo Mthembu,T-Shirt,Clothing,4,357.43,20,Durban,Mobile App
ORD-102549,2025-12-13,CUST-1079,Sipho Nkosi,Bookshelf,Furniture,3,1870.14,5,Bloemfontein,Online
ORD-102550,2025-01-03,CUST-1142,Tshepo Nkosi,Smartphone,Electronics,2,7448.79,0,Durban,Online
ORD-102551,2025-10-15,CUST-1187,Thabo Mahlangu,Jeans,Clothing,2,652.29,0,Cape Town,Store
ORD-102552,2025-01-28,CUST-1064,Tshepo Mahlangu,Monitor,Electronics,6,3220.04,15,Pretoria,Mobile App
ORD-102553,2025-06-28,CUST-1176,Sipho Mthembu,Headphones,Electronics,5,964.02,5,Gqeberha,Online
ORD-102554,2025-06-07,CUST-1121,Sipho Dlamini,Tablet,Electronics,3,5055.12,5,Cape Town,Online
ORD-102555,2025-06-20,CUST-1383,Tshepo Khumalo,Kettle,Appliances,3,697.76,0,Durban,Online
ORD-102556,2025-01-30,CUST-1387,Lerato Mthembu,Smartphone,Electronics,2,7671.76,10,Johannesburg,Mobile App
ORD-102557,2025-10-03,CUST-1003,Thabo Ndlovu,Sneakers,Clothing,1,1164.06,15,Johannesburg,Online
ORD-102558,2025-04-11,CUST-1272,Zanele Nkosi,Coffee Maker,Appliances,4,1425.57,0,Durban,Mobile App
ORD-102559,2025-10-09,CUST-1289,Ayanda Molefe,Laptop,Electronics,1,12168.6,25,Bloemfontein,Store
ORD-102560,2025-08-28,CUST-1171,Sipho Mokoena,T-Shirt,Clothing,1,357.84,0,Cape Town,Mobile App
ORD-102561,2025-07-21,CUST-1212,Sipho Molefe,T-Shirt,Clothing,2,365.68,0,Durban,Store
ORD-102562,2025-04-23,CUST-1356,Sipho Khumalo,Office Chair,Furniture,2,2865.15,10,Cape Town,Online
ORD-102563,2025-08-27,CUST-1171,Sipho Mokoena,Jacket,Clothing,2,1234.79,10,Gqeberha,Mobile App
ORD-102564,2025-12-31,CUST-1030,Thabo Ndlovu,Desk,Furniture,1,3661.4,0,Bloemfontein,Mobile App
ORD-102565,2025-12-03,CUST-1168,Sipho Dlamini,Desk,Furniture,1,3605.65,10,Johannesburg,Store
ORD-102566,2025-12-01,CUST-1115,Zanele Nkosi,Desk,Furniture,1,3739.7,0,Johannesburg,Online
ORD-102567,2025-03-22,CUST-1173,Ayanda Mokoena,Coffee Maker,Appliances,1,1453.38,10,Gqeberha,Mobile App
ORD-102568,2025-08-02,CUST-1104,Karabo Ndlovu,Jeans,Clothing,1,742.6,10,Johannesburg,Mobile App
ORD-102569,2025-05-26,CUST-1068,Sipho Ndlovu,Office Chair,Furniture,3,2804.95,25,Pretoria,Store
ORD-102570,2025-12-19,CUST-1444,Thabo Mthembu,Microwave,Appliances,1,2312.67,5,Cape Town,Online
ORD-102571,2025-12-13,CUST-1058,Lerato Mokoena,Coffee Maker,Appliances,1,1425.58,10,Pretoria,Online
ORD-102572,2025-11-13,CUST-1318,Naledi Mthembu,Microwave,Appliances,1,2333.45,10,Cape Town,Store
ORD-102573,2025-03-01,CUST-1323,Naledi Ndlovu,Jacket,Clothing,2,1318.64,0,Gqeberha,Store
ORD-102574,2025-04-27,CUST-1279,Ayanda Nkosi,Office Chair,Furniture,4,2848.58,0,Durban,Mobile App
ORD-102575,2025-09-17,CUST-1411,Lebo Dlamini,Sneakers,Clothing,1,1085.61,25,Durban,Online
ORD-102576,2025-10-01,CUST-1003,Thabo Ndlovu,Monitor,Electronics,1,2990.58,0,Gqeberha,Store
ORD-102577,2025-05-08,CUST-1136,Sipho Molefe,Monitor,Electronics,4,3256.88,15,Johannesburg,Store
ORD-102578,2025-02-19,CUST-1083,Ayanda Mahlangu,Desk,Furniture,1,3333.41,0,Pretoria,Online
ORD-102579,2025-02-19,CUST-1260,Tshepo Nkosi,Kettle,Appliances,3,691.12,15,Cape Town,Mobile App
ORD-102580,2025-09-07,CUST-1286,Karabo Mthembu,T-Shirt,Clothing,5,328.35,0,Cape Town,Online
ORD-102581,2025-06-15,CUST-1405,Karabo Ndlovu,Office Chair,Furniture,2,2648.51,25,Bloemfontein,Mobile App
ORD-102582,2025-06-29,CUST-1171,Sipho Mokoena,Desk,Furniture,5,3728.5,10,Cape Town,Store
ORD-102583,2025-10-25,CUST-1107,Zanele Mthembu,Monitor,Electronics,2,3272.08,0,Durban,Mobile App
ORD-102584,2025-01-07,CUST-1416,Anele Mokoena,Jeans,Clothing,2,681.35,10,Johannesburg,Online
ORD-102585,2025-10-03,CUST-1303,Lebo Mahlangu,Office Chair,Furniture,1,2766.59,10,Pretoria,Mobile App
ORD-102586,2025-04-11,CUST-1345,Anele Mahlangu,T-Shirt,Clothing,1,353.07,0,Cape Town,Store
ORD-102587,2025-12-06,CUST-1201,Thabo Molefe,Office Chair,Furniture,1,2938.7,0,Pretoria,Online
ORD-102588,2025-12-15,CUST-1202,Lerato Dlamini,Monitor,Electronics,2,3151.57,15,Durban,Store
ORD-102589,2025-07-03,CUST-1176,Sipho Mthembu,Kettle,Appliances,2,700.75,15,Johannesburg,Online
ORD-102590,2025-04-26,CUST-1338,Lebo Mokoena,Office Chair,Furniture,1,2778.51,0,Bloemfontein,Mobile App
ORD-102591,2025-03-27,CUST-1095,Karabo Mahlangu,Smartphone,Electronics,2,7459.81,20,Gqeberha,Store
ORD-102592,2025-03-08,CUST-1439,Ayanda Mahlangu,Office Chair,Furniture,1,2691.18,0,Gqeberha,Online
ORD-102593,2025-12-31,CUST-1080,Tshepo Mokoena,Bookshelf,Furniture,1,1861.76,0,Gqeberha,Online
ORD-102594,2025-03-10,CUST-1208,Thabo Nkosi,Smartphone,Electronics,1,7555.36,10,Durban,Mobile App
ORD-102595,2025-06-12,CUST-1142,Tshepo Nkosi,Monitor,Electronics,3,3371.62,0,Durban,Online
ORD-102596,2025-06-24,CUST-1290,Lerato Mokoena,Tablet,Electronics,2,4654.06,0,Gqeberha,Mobile App
ORD-102597,2025-09-05,CUST-1307,Sipho Mahlangu,Bookshelf,Furniture,3,1797.72,5,Durban,Online
ORD-102598,2025-11-04,CUST-1414,Tshepo Dlamini,Jacket,Clothing,1,1226.61,0,Pretoria,Online
ORD-102599,2025-07-23,CUST-1356,Sipho Khumalo,Kettle,Appliances,2,606.21,0,Bloemfontein,Online
ORD-102600,2025-10-04,CUST-1112,Naledi Mahlangu,Office Chair,Furniture,5,2968.27,10,Pretoria,Online
ORD-102601,2025-07-26,CUST-1093,Lerato Ndlovu,Coffee Maker,Appliances,1,1364.28,10,Bloemfontein,Store
ORD-102602,2025-06-09,CUST-1399,Lebo Dlamini,Headphones,Electronics,3,954.69,15,Cape Town,Store
ORD-102603,2025-02-27,CUST-1220,Lerato Molefe,Sneakers,Clothing,1,1015.03,10,Durban,Online
ORD-102604,2025-03-18,CUST-1044,Thabo Dlamini,T-Shirt,Clothing,1,350.63,5,Gqeberha,Mobile App
ORD-102605,2025-06-07,CUST-1372,Lebo Mahlangu,Sneakers,Clothing,2,1083.8,0,Bloemfontein,Store
ORD-102606,2025-01-17,CUST-1292,Karabo Ndlovu,Sneakers,Clothing,1,1184.84,15,Cape Town,Mobile App
ORD-102607,2025-04-26,CUST-1012,Naledi Mahlangu,Bookshelf,Furniture,2,1982.11,0,Cape Town,Store
ORD-102608,2025-06-18,CUST-1353,Lerato Khumalo,Headphones,Electronics,4,1010.48,0,Bloemfontein,Store
ORD-102609,2025-06-22,CUST-1274,Naledi Nkosi,Bookshelf,Furniture,1,1947.64,20,Durban,Mobile App
ORD-102610,2025-10-25,CUST-1277,Naledi Mthembu,Coffee Maker,Appliances,1,1329.82,15,Durban,Mobile App
ORD-102611,2025-12-20,CUST-1390,Sipho Mahlangu,Kettle,Appliances,3,700.75,10,Bloemfontein,Store
ORD-102612,2025-09-24,CUST-1223,Lerato Nkosi,Microwave,Appliances,2,2102.16,0,Johannesburg,Mobile App
ORD-102613,2025-01-30,CUST-1208,Thabo Nkosi,Tablet,Electronics,4,4663.4,0,Gqeberha,Store
ORD-102614,2025-05-30,CUST-1278,Naledi Mahlangu,T-Shirt,Clothing,1,326.86,5,Cape Town,Mobile App
ORD-102615,2025-09-24,CUST-1090,Thabo Nkosi,Smartphone,Electronics,2,7728.87,15,Bloemfontein,Online
ORD-102616,2025-08-06,CUST-1069,Lebo Mokoena,Jacket,Clothing,4,1296.32,5,Johannesburg,Mobile App
ORD-102617,2025-06-17,CUST-1380,Ayanda Ndlovu,Kettle,Appliances,1,609.39,0,Pretoria,Online
ORD-102618,2025-06-09,CUST-1098,Thabo Dlamini,Laptop,Electronics,3,12283.74,0,Cape Town,Mobile App
ORD-102619,2025-05-29,CUST-1227,Sipho Ndlovu,Jeans,Clothing,2,699.26,10,Cape Town,Online
ORD-102620,2025-07-31,CUST-1122,Anele Mahlangu,Kettle,Appliances,3,624.66,10,Durban,Store
ORD-102621,2025-03-07,CUST-1104,Karabo Ndlovu,Coffee Maker,Appliances,1,1250.48,0,Johannesburg,Store
ORD-102622,2025-07-08,CUST-1270,Sipho Mahlangu,Office Chair,Furniture,2,2587.34,0,Johannesburg,Mobile App
ORD-102623,2025-03-17,CUST-1362,Thabo Molefe,Smartphone,Electronics,1,7469.4,0,Cape Town,Mobile App
ORD-102624,2025-09-06,CUST-1199,Anele Dlamini,Microwave,Appliances,5,2079.51,0,Johannesburg,Store
ORD-102625,2025-11-12,CUST-1063,Ayanda Khumalo,Microwave,Appliances,1,2298.92,10,Pretoria,Store
ORD-102626,2025-07-05,CUST-1111,Lerato Khumalo,T-Shirt,Clothing,1,329.33,0,Durban,Online
ORD-102627,2025-05-22,CUST-1075,Lebo Khumalo,Kettle,Appliances,4,661.01,10,Gqeberha,Store
ORD-102628,2025-12-10,CUST-1398,Lerato Dlamini,Laptop,Electronics,1,13359.12,15,Pretoria,Mobile App
ORD-102629,2025-08-29,CUST-1144,Lebo Nkosi,Jeans,Clothing,2,725.06,25,Cape Town,Mobile App
ORD-102630,2025-06-06,CUST-1169,Tshepo Dlamini,Laptop,Electronics,2,12889.22,25,Pretoria,Online
ORD-102631,2025-01-11,CUST-1032,Naledi Molefe,Kettle,Appliances,2,606.07,0,Pretoria,Mobile App
ORD-102632,2025-01-06,CUST-1201,Thabo Molefe,Jacket,Clothing,1,1222.14,0,Pretoria,Mobile App
ORD-102633,2025-03-22,CUST-1412,Lerato Dlamini,Microwave,Appliances,2,2065.62,0,Johannesburg,Online
ORD-102634,2025-03-28,CUST-1185,Naledi Khumalo,T-Shirt,Clothing,2,365.3,10,Durban,Mobile App
ORD-102635,2025-09-21,CUST-1294,Lerato Khumalo,Smartphone,Electronics,1,7623.01,0,Johannesburg,Online
ORD-102636,2025-07-02,CUST-1082,Lerato Khumalo,Laptop,Electronics,1,12263.6,5,Johannesburg,Store
ORD-102637,2025-12-31,CUST-1065,Zanele Mokoena,Office Chair,Furniture,1,2987.62,0,Pretoria,Online
ORD-102638,2025-07-17,CUST-1330,Lebo Mokoena,Sneakers,Clothing,3,1117.66,0,Cape Town,Online
ORD-102639,2025-11-26,CUST-1030,Thabo Ndlovu,Tablet,Electronics,1,4989.91,10,Bloemfontein,Online
ORD-102640,2025-07-21,CUST-1202,Lerato Dlamini,Coffee Maker,Appliances,1,1458.0,10,Pretoria,Online
ORD-102641,2025-05-11,CUST-1143,Zanele Khumalo,Headphones,Electronics,1,978.17,10,Durban,Mobile App
ORD-102642,2025-09-18,CUST-1008,Karabo Mokoena,Bookshelf,Furniture,2,1826.43,20,Gqeberha,Online
ORD-102643,2025-06-14,CUST-1240,Tshepo Ndlovu,Headphones,Electronics,3,964.61,0,Johannesburg,Store
ORD-102644,2025-04-11,CUST-1434,Tshepo Mokoena,Desk,Furniture,2,3727.02,0,Johannesburg,Store
ORD-102645,2025-06-22,CUST-1032,Naledi Molefe,Desk,Furniture,4,3412.49,5,Durban,Mobile App
ORD-102646,2025-08-31,CUST-1368,Lerato Mahlangu,Laptop,Electronics,3,11833.22,10,Bloemfontein,Store
ORD-102647,2025-05-18,CUST-1243,Sipho Mokoena,T-Shirt,Clothing,3,373.52,10,Pretoria,Mobile App
ORD-102648,2025-09-14,CUST-1326,Zanele Ndlovu,Sneakers,Clothing,3,1041.55,0,Bloemfontein,Online
ORD-102649,2025-12-24,CUST-1044,Thabo Dlamini,Kettle,Appliances,1,660.59,25,Bloemfontein,Store
ORD-102650,2025-05-31,CUST-1392,Sipho Khumalo,Monitor,Electronics,5,3318.21,0,Gqeberha,Store
ORD-102651,2025-04-18,CUST-1006,Ayanda Khumalo,Microwave,Appliances,3,2117.66,5,Pretoria,Store
ORD-102652,2025-05-27,CUST-1409,Sipho Mahlangu,Microwave,Appliances,2,2267.27,10,Durban,Mobile App
ORD-102653,2025-11-02,CUST-1297,Zanele Ndlovu,Kettle,Appliances,1,636.43,25,Johannesburg,Online
ORD-102654,not available,CUST-1152,Lebo Khumalo,Office Chair,Furniture,1,2734.27,10,Gqeberha,Store
ORD-102655,2025-12-22,CUST-1004,Thabo Molefe,Coffee Maker,Appliances,2,1406.12,25,Pretoria,Mobile App
ORD-102656,2025-06-01,CUST-1275,Lebo Mahlangu,T-Shirt,Clothing,2,375.87,0,Johannesburg,Store
ORD-102657,2025-11-04,CUST-1040,Sipho Mthembu,Laptop,Electronics,3,13260.41,10,Gqeberha,Online
ORD-102658,2025-10-15,CUST-1274,Naledi Nkosi,Monitor,Electronics,1,3230.54,15,Pretoria,Store
ORD-102659,2025-10-14,CUST-1348,Karabo Mokoena,Jacket,Clothing,2,1303.74,5,Durban,Mobile App
ORD-102660,2025-11-28,CUST-1121,Sipho Dlamini,Tablet,Electronics,1,4635.14,5,Johannesburg,Mobile App
ORD-102661,2025-03-09,CUST-1108,Thabo Mokoena,Desk,Furniture,1,3825.5,25,Gqeberha,Mobile App
ORD-102662,2025-08-05,CUST-1100,Anele Mahlangu,Sneakers,Clothing,1,1092.55,0,Gqeberha,Mobile App
ORD-102663,2025-02-06,CUST-1102,Zanele Khumalo,Tablet,Electronics,3,5018.81,5,Gqeberha,Store
ORD-102664,2025-04-20,CUST-1052,Lebo Molefe,Bookshelf,Furniture,2,1879.41,20,Pretoria,Mobile App
ORD-102665,2025-01-15,CUST-1113,Thabo Ndlovu,Headphones,Electronics,4,990.15,20,Johannesburg,Store
ORD-102666,2025-09-07,CUST-1297,Zanele Ndlovu,T-Shirt,Clothing,3,377.84,25,Bloemfontein,Online
ORD-102667,2025-08-10,CUST-1137,Anele Mahlangu,Headphones,Electronics,4,971.55,20,Bloemfontein,Online
ORD-102668,2025-09-28,CUST-1352,Karabo Ndlovu,Kettle,Appliances,2,645.62,0,Durban,Store
ORD-102669,2025-03-06,CUST-1369,Tshepo Mahlangu,Smartphone,Electronics,4,7009.41,20,Cape Town,Store
ORD-102670,2025-05-02,CUST-1343,Lerato Dlamini,Kettle,Appliances,4,603.89,5,Durban,Online
ORD-102671,2025-09-04,CUST-1243,Sipho Mokoena,Sneakers,Clothing,3,1139.59,10,Johannesburg,Online
ORD-102672,2025-10-29,CUST-1143,Zanele Khumalo,Coffee Maker,Appliances,1,1246.58,5,Gqeberha,Online
ORD-102673,2025-11-20,CUST-1419,Karabo Khumalo,Coffee Maker,Appliances,2,1284.3,15,Bloemfontein,Online
ORD-102674,2025-01-27,CUST-1093,Lerato Ndlovu,Tablet,Electronics,1,5142.64,10,Pretoria,Store
ORD-102675,2025-05-27,CUST-1210,Anele Mokoena,Microwave,Appliances,1,2162.7,20,Pretoria,Store
ORD-102676,2025-01-04,CUST-1205,Naledi Ndlovu,T-Shirt,Clothing,3,328.32,0,Bloemfontein,Mobile App
ORD-102677,2025-10-26,CUST-1336,Zanele Molefe,Kettle,Appliances,3,698.84,0,Cape Town,Online
ORD-102678,2025-02-14,CUST-1247,Lebo Mahlangu,Microwave,Appliances,1,2077.72,5,Johannesburg,Store
ORD-102679,2025-10-28,CUST-1360,Ayanda Mahlangu,T-Shirt,Clothing,1,330.51,0,Johannesburg,Online
ORD-102680,2025-02-26,CUST-1414,Tshepo Dlamini,Office Chair,Furniture,4,2876.38,10,Bloemfontein,Store
ORD-102681,2025-01-06,CUST-1176,Sipho Mthembu,Smartphone,Electronics,1,6874.83,0,Bloemfontein,Mobile App
ORD-102682,2025-11-17,CUST-1394,Ayanda Mahlangu,Smartphone,Electronics,1,6745.25,10,Gqeberha,Online
ORD-102683,2025-06-10,CUST-1077,Karabo Ndlovu,Office Chair,Furniture,3,2907.01,0,Bloemfontein,Store
ORD-102684,2025-06-05,CUST-1413,Anele Molefe,Coffee Maker,Appliances,3,1371.62,0,Bloemfontein,Mobile App
ORD-102685,2025-08-25,CUST-1081,Karabo Mthembu,Bookshelf,Furniture,2,1944.52,10,Cape Town,Mobile App
ORD-102686,2025-04-11,CUST-1383,Tshepo Khumalo,Bookshelf,Furniture,2,1920.91,0,Johannesburg,Store
ORD-102687,2025-09-10,CUST-1176,Sipho Mthembu,Headphones,Electronics,1,990.45,0,Gqeberha,Online
ORD-102688,2025-06-06,CUST-1435,Zanele Mokoena,T-Shirt,Clothing,1,364.54,0,Bloemfontein,Online
ORD-102689,2025-04-10,CUST-1059,Anele Mokoena,Jeans,Clothing,3,697.8,0,Cape Town,Mobile App
ORD-102690,2025-05-25,CUST-1210,Anele Mokoena,Kettle,Appliances,3,663.28,10,Cape Town,Online
ORD-102691,2025-01-03,CUST-1406,Lerato Mthembu,Jacket,Clothing,1,1239.31,0,Johannesburg,Mobile App
ORD-102692,2025-04-21,CUST-1022,Karabo Mokoena,Jeans,Clothing,1,755.64,5,Durban,Store
ORD-102693,2025-08-04,CUST-1120,Thabo Mahlangu,Microwave,Appliances,1,2054.25,10,,Store
ORD-102694,2025-02-20,CUST-1038,Sipho Khumalo,Desk,Furniture,1,3594.2,5,Pretoria,Online
ORD-102695,2025-02-13,CUST-1145,Thabo Mthembu,Kettle,Appliances,1,687.88,10,Bloemfontein,Store
ORD-102696,2025-08-28,CUST-1176,Sipho Mthembu,Office Chair,Furniture,1,2762.42,0,Gqeberha,Store
ORD-102697,2025-06-06,CUST-1279,Ayanda Nkosi,Smartphone,Electronics,3,6656.61,20,,Store
ORD-102698,2025-02-19,CUST-1116,Thabo Mokoena,Desk,Furniture,1,3585.93,5,Johannesburg,Store
ORD-102699,2025-09-30,CUST-1072,Karabo Khumalo,Smartphone,Electronics,3,7382.8,0,Pretoria,Store
ORD-102700,2025-10-11,CUST-1077,Karabo Ndlovu,Smartphone,Electronics,2,R7282.67,20,Johannesburg,Mobile App
ORD-102701,2025-01-13,CUST-1423,Karabo Ndlovu,Microwave,Appliances,3,2152.09,10,Gqeberha,Store
ORD-102702,2025-03-15,CUST-1429,Lerato Khumalo,Sneakers,Clothing,5,1164.4,10,Cape Town,Store
ORD-102703,2025-05-16,CUST-1100,Anele Mahlangu,Headphones,Electronics,1,940.78,20,Cape Town,Mobile App
ORD-102704,2025-09-24,CUST-1088,Thabo Mahlangu,Coffee Maker,Appliances,1,1369.84,0,Pretoria,Mobile App
ORD-102705,2025-01-28,CUST-1025,Anele Ndlovu,Smartphone,Electronics,4,7166.2,15,Bloemfontein,Store
ORD-102706,2025-10-22,CUST-1432,Lerato Nkosi,Monitor,Electronics,1,2965.98,10,Cape Town,Online
ORD-102707,2025-04-27,CUST-1318,Naledi Mthembu,Jacket,Clothing,1,1258.0,5,Pretoria,Online
ORD-102708,2025-02-15,CUST-1343,Lerato Dlamini,Monitor,Electronics,1,3176.23,0,Johannesburg,Online
ORD-102709,2025-11-12,CUST-1131,Naledi Mokoena,Jacket,Clothing,4,1154.16,0,Cape Town,Store
ORD-102710,2025-02-01,CUST-1289,Ayanda Molefe,Microwave,Appliances,1,2251.49,25,Gqeberha,Store
ORD-102711,2025-02-17,CUST-1027,Thabo Mokoena,Laptop,Electronics,2,13053.05,0,Cape Town,Online
ORD-102712,2025-12-13,CUST-1305,Karabo Ndlovu,Laptop,Electronics,2,11682.58,0,Bloemfontein,Mobile App
ORD-102713,2025-07-09,CUST-1261,Ayanda Khumalo,Kettle,Appliances,2,693.85,10,Gqeberha,Store
ORD-102714,2025-06-19,CUST-1150,Naledi Ndlovu,Bookshelf,Furniture,2,1875.66,15,Bloemfontein,Mobile App
ORD-102715,2025-09-08,CUST-1320,Anele Mokoena,Bookshelf,Furniture,4,1909.28,0,Pretoria,Online
ORD-102716,2025-08-19,CUST-1291,Lerato Mahlangu,Desk,Furniture,4,3378.17,15,Pretoria,Online
ORD-102717,2025-08-12,CUST-1198,Tshepo Khumalo,Desk,Furniture,2,3761.72,5,Cape Town,Store
ORD-102718,2025-01-09,CUST-1085,Lerato Mokoena,Jacket,Clothing,1,1209.95,20,Cape Town,Online
ORD-102719,2025-07-21,CUST-1011,Naledi Khumalo,T-Shirt,Clothing,3,328.91,0,Bloemfontein,Mobile App
ORD-102720,2025-04-12,CUST-1422,Ayanda Mokoena,Tablet,Electronics,3,5096.34,0,Durban,Store
ORD-102721,2025-10-22,CUST-1127,Sipho Mahlangu,Jeans,Clothing,2,730.54,10,Johannesburg,Online
ORD-102722,2025-07-04,CUST-1136,Sipho Molefe,Jacket,Clothing,1,1267.13,0,Bloemfontein,Store
ORD-102723,2025-02-15,CUST-1307,Sipho Mahlangu,Smartphone,Electronics,1,6725.02,5,Pretoria,Store
ORD-102724,2025-11-20,CUST-1115,Zanele Nkosi,Office Chair,Furniture,1,2955.36,0,Pretoria,Online
ORD-102725,2025-04-14,CUST-1170,Thabo Mahlangu,Sneakers,Clothing,1,1095.97,15,Durban,Mobile App
ORD-102726,2025-04-10,CUST-1321,Karabo Mokoena,Jeans,Clothing,2,732.49,20,Bloemfontein,Store
ORD-102727,2025-12-08,CUST-1268,Tshepo Nkosi,Tablet,Electronics,1,4547.59,15,Bloemfontein,Mobile App
ORD-102728,2025-10-10,CUST-1296,Tshepo Nkosi,Laptop,Electronics,4,11806.27,25,Johannesburg,Online
ORD-102729,2025-11-10,CUST-1003,Thabo Ndlovu,T-Shirt,Clothing,4,328.96,20,Johannesburg,Store
ORD-102730,2025-08-30,CUST-1204,Lebo Dlamini,Desk,Furniture,3,3674.42,5,Pretoria,Mobile App
ORD-102731,2025-11-29,CUST-1214,Lebo Mahlangu,Kettle,Appliances,2,645.98,5,Johannesburg,Mobile App
ORD-102732,2025-02-12,CUST-1285,Thabo Khumalo,Bookshelf,Furniture,3,1929.14,20,Bloemfontein,Store
ORD-102733,2025-08-07,CUST-1069,Lebo Mokoena,Microwave,Appliances,2,2085.7,20,Gqeberha,Online
ORD-102734,2025-04-18,CUST-1072,Karabo Khumalo,Headphones,Electronics,3,961.65,25,Durban,Mobile App
ORD-102735,2025-05-26,CUST-1344,Zanele Mokoena,Desk,Furniture,2,3429.91,15,Durban,Store
ORD-102736,2025-03-28,CUST-1303,Lebo Mahlangu,Tablet,Electronics,2,4689.56,0,Johannesburg,Store
ORD-102737,2025-03-16,CUST-1366,Ayanda Ndlovu,T-Shirt,Clothing,6,334.44,25,Gqeberha,Online
ORD-102738,2025-06-11,CUST-1122,Anele Mahlangu,Tablet,Electronics,4,4662.14,25,Johannesburg,Mobile App
ORD-102739,2025-12-02,CUST-1449,Zanele Dlamini,Bookshelf,Furniture,1,1992.79,10,Gqeberha,Online
ORD-102740,2025-08-20,CUST-1123,Tshepo Mokoena,Office Chair,Furniture,4,2615.34,20,Cape Town,Store
ORD-102741,2025-05-08,CUST-1293,Ayanda Dlamini,Tablet,Electronics,1,4629.03,10,Cape Town,Mobile App
ORD-102742,2025-06-08,CUST-1073,Anele Molefe,Smartphone,Electronics,1,7184.08,25,Cape Town,Mobile App
ORD-102743,2025-07-13,CUST-1414,Tshepo Dlamini,Bookshelf,Furniture,1,1780.89,0,Johannesburg,Mobile App
ORD-102744,2025-03-31,CUST-1150,Naledi Ndlovu,Kettle,Appliances,1,677.78,20,Johannesburg,Mobile App
ORD-102745,2025-07-10,CUST-1362,Thabo Molefe,Tablet,Electronics,3,5138.09,0,Durban,Store
ORD-102746,2025-09-11,CUST-1150,Naledi Ndlovu,Desk,Furniture,1,3397.76,0,Gqeberha,Store
ORD-102747,2025-03-30,CUST-1356,Sipho Khumalo,Headphones,Electronics,1,997.91,0,Cape Town,Mobile App
ORD-102748,2025-08-02,CUST-1205,Naledi Ndlovu,Coffee Maker,Appliances,5,1347.53,5,Durban,Mobile App
ORD-102749,2025-09-16,CUST-1029,Thabo Molefe,Desk,Furniture,2,3454.24,0,Cape Town,Online
ORD-102750,2025-07-09,CUST-1086,Tshepo Nkosi,Kettle,Appliances,3,658.97,25,Bloemfontein,Store
ORD-102751,2025-04-17,CUST-1308,Anele Nkosi,Headphones,Electronics,2,898.48,10,Johannesburg,Mobile App
ORD-102752,2025-07-22,CUST-1087,Thabo Dlamini,Smartphone,Electronics,2,7237.03,20,Durban,Store
ORD-102753,2025-10-17,CUST-1124,Lebo Nkosi,T-Shirt,Clothing,2,332.6,0,Durban,Online
ORD-102754,2025-03-22,CUST-1244,Sipho Molefe,Jeans,Clothing,2,721.58,0,Gqeberha,Mobile App
ORD-102755,2025-07-29,CUST-1114,Tshepo Mahlangu,Kettle,Appliances,4,616.43,15,Pretoria,Mobile App
ORD-102756,2025-09-06,CUST-1058,Lerato Mokoena,Microwave,Appliances,1,2301.41,10,Bloemfontein,Mobile App
ORD-102757,2025-04-28,CUST-1281,Thabo Mahlangu,Microwave,Appliances,2,2228.77,10,Pretoria,Store
ORD-102758,2025-05-22,CUST-1311,Ayanda Molefe,Jeans,Clothing,2,730.35,15,Pretoria,Store
ORD-102759,2025-11-21,CUST-1330,Lebo Mokoena,Office Chair,Furniture,4,2675.4,20,Cape Town,Store
ORD-102760,2025-05-13,CUST-1425,Naledi Mahlangu,Desk,Furniture,1,3575.64,10,Durban,Store
ORD-102761,2025-08-07,CUST-1057,Lebo Mthembu,Tablet,Electronics,1,5105.33,25,Cape Town,Store
ORD-102762,2025-02-24,CUST-1193,Lerato Khumalo,Desk,Furniture,5,3476.05,15,Pretoria,Mobile App
ORD-102763,2025-12-04,CUST-1106,Naledi Mahlangu,Office Chair,Furniture,2,2684.39,10,Cape Town,Online
ORD-102764,2025-08-06,CUST-1406,Lerato Mthembu,Laptop,Electronics,1,13199.64,5,Cape Town,Mobile App
ORD-102765,2025-10-05,CUST-1243,Sipho Mokoena,Headphones,Electronics,1,977.68,0,Bloemfontein,Store
ORD-102766,2025-08-08,CUST-1045,Zanele Ndlovu,T-Shirt,Clothing,1,352.45,0,Johannesburg,Mobile App
ORD-102767,2025-05-10,CUST-1312,Ayanda Dlamini,Office Chair,Furniture,5,2972.63,15,Durban,Online
ORD-102768,2025-05-05,CUST-1020,Thabo Nkosi,Kettle,Appliances,2,688.27,10,Bloemfontein,Store
ORD-102769,2025-09-13,CUST-1124,Lebo Nkosi,Bookshelf,Furniture,1,1757.81,0,Pretoria,Online
ORD-102770,2025-11-10,CUST-1325,Thabo Nkosi,Kettle,Appliances,2,602.74,10,Pretoria,Mobile App
ORD-102771,2025-02-16,CUST-1228,Lerato Mahlangu,Jeans,Clothing,2,691.77,0,Johannesburg,Mobile App
ORD-102772,2025-11-05,CUST-1343,Lerato Dlamini,Laptop,Electronics,1,11503.43,0,Pretoria,Mobile App
ORD-102773,2025-10-30,CUST-1258,Anele Dlamini,Headphones,Electronics,5,947.27,25,Johannesburg,Mobile App
ORD-102774,2025-02-09,CUST-1380,Ayanda Ndlovu,Jacket,Clothing,1,1254.18,5,Bloemfontein,Mobile App
ORD-102775,2025-02-09,CUST-1254,Zanele Mokoena,T-Shirt,Clothing,4,357.25,0,Cape Town,Store
ORD-102776,2025-09-11,CUST-1026,Naledi Mthembu,Monitor,Electronics,3,3429.5,5,Bloemfontein,Store
ORD-102777,2025-11-04,CUST-1033,Lerato Ndlovu,Bookshelf,Furniture,1,2019.29,5,Pretoria,Online
ORD-102778,2025-05-24,CUST-1350,Sipho Mahlangu,Microwave,Appliances,3,2255.41,15,Gqeberha,Mobile App
ORD-102779,2025-08-22,CUST-1018,Anele Mthembu,Office Chair,Furniture,4,2978.88,25,Gqeberha,Store
ORD-102780,2025-12-31,CUST-1170,Thabo Mahlangu,Laptop,Electronics,2,12444.19,10,Gqeberha,Mobile App
ORD-102781,2025-04-28,CUST-1008,Karabo Mokoena,Monitor,Electronics,2,3115.53,10,Johannesburg,Mobile App
ORD-102782,2025-03-24,CUST-1137,Anele Mahlangu,Kettle,Appliances,1,624.07,5,Cape Town,Online
ORD-102783,2025-12-28,CUST-1268,Tshepo Nkosi,Sneakers,Clothing,1,1147.86,10,Cape Town,Store
ORD-102784,2025-04-13,CUST-1078,Zanele Mahlangu,Coffee Maker,Appliances,3,1318.85,0,Gqeberha,Online
ORD-102785,2025-06-22,CUST-1210,Anele Mokoena,Microwave,Appliances,1,2369.12,0,Bloemfontein,Store
ORD-102786,2025-06-11,CUST-1449,Zanele Dlamini,Smartphone,Electronics,1,7766.69,20,Durban,Store
ORD-102787,2025-07-10,CUST-1032,Naledi Molefe,Monitor,Electronics,2,3155.95,5,Bloemfontein,Online
ORD-102788,2025-04-09,CUST-1029,Thabo Molefe,Laptop,Electronics,1,12360.73,5,Bloemfontein,Online
ORD-102789,2025-09-05,CUST-1123,Tshepo Mokoena,Laptop,Electronics,3,11501.12,0,Pretoria,Store
ORD-102790,2025-09-10,CUST-1373,Anele Mokoena,Coffee Maker,Appliances,4,1403.14,15,Cape Town,Store
ORD-102791,2025-03-15,CUST-1183,Anele Mokoena,Kettle,Appliances,3,651.87,0,Johannesburg,Store
ORD-102792,2025-06-25,CUST-1288,Naledi Khumalo,Tablet,Electronics,1,4820.59,5,Gqeberha,Mobile App
ORD-102793,2025-01-21,CUST-1016,Zanele Khumalo,Jacket,Clothing,2,1310.76,20,Bloemfontein,Mobile App
ORD-102794,2025-03-22,CUST-1331,Zanele Dlamini,T-Shirt,Clothing,3,333.9,5,Pretoria,Store
ORD-102795,2025-12-27,CUST-1031,Karabo Mokoena,Smartphone,Electronics,1,7581.32,20,Johannesburg,Mobile App
ORD-102796,2025-07-04,CUST-1321,Karabo Mokoena,Microwave,Appliances,3,2215.13,0,Durban,Store
ORD-102797,2025-08-16,CUST-1067,Anele Ndlovu,Microwave,Appliances,2,2293.14,15,Pretoria,Mobile App
ORD-102798,2025-11-21,CUST-1387,Lerato Mthembu,T-Shirt,Clothing,1,345.85,25,Pretoria,Online
ORD-102799,not available,CUST-1134,Sipho Mthembu,Jacket,Clothing,1,1316.86,10,Gqeberha,Mobile App
ORD-102800,2025-10-17,CUST-1083,Ayanda Mahlangu,Office Chair,Furniture,2,2640.99,10,,Online
ORD-102801,2025-09-17,CUST-1152,Lebo Khumalo,Sneakers,Clothing,1,1109.37,5,Gqeberha,Mobile App
ORD-102802,2025-07-02,CUST-1001,Sipho Mokoena,Desk,Furniture,5,3761.65,15,Durban,Online
ORD-102803,2025-08-19,CUST-1075,Lebo Khumalo,Kettle,Appliances,2,620.54,20,Gqeberha,Mobile App
ORD-102804,2025-04-16,CUST-1270,Sipho Mahlangu,Laptop,Electronics,1,11732.22,10,Durban,Store
ORD-102805,2025-11-22,CUST-1136,Sipho Molefe,Tablet,Electronics,4,4835.32,20,Pretoria,Store
ORD-102806,2025-03-07,CUST-1160,Anele Ndlovu,Kettle,Appliances,2,680.82,10,Bloemfontein,Online
ORD-102807,2025-11-19,CUST-1364,Anele Mahlangu,Monitor,Electronics,1,3342.05,10,Johannesburg,Store
ORD-102808,2025-11-17,CUST-1056,Tshepo Mthembu,Monitor,Electronics,5,3203.7,0,Pretoria,Mobile App
ORD-102809,2025-02-21,CUST-1179,Anele Ndlovu,Sneakers,Clothing,3,1047.6,10,Durban,Mobile App
ORD-102810,2025-09-17,CUST-1084,Zanele Molefe,Tablet,Electronics,2,4560.21,20,Johannesburg,Mobile App
ORD-102811,2025-12-28,CUST-1218,Tshepo Dlamini,Bookshelf,Furniture,3,1757.96,10,Durban,Store
ORD-102812,2025-07-28,CUST-1150,Naledi Ndlovu,Monitor,Electronics,2,3030.02,0,Johannesburg,Store
ORD-102813,2025-05-05,CUST-1021,Lebo Mahlangu,Tablet,Electronics,2,4529.62,10,Pretoria,Online
ORD-102814,2025-11-17,CUST-1032,Naledi Molefe,Kettle,Appliances,1,604.34,15,Cape Town,Online
ORD-102815,2025-07-07,CUST-1384,Lebo Dlamini,Tablet,Electronics,1,4968.43,20,Cape Town,Store
ORD-102816,2025-02-14,CUST-1026,Naledi Mthembu,Smartphone,Electronics,2,6676.52,0,Johannesburg,Mobile App
ORD-102817,2025-04-01,CUST-1353,Lerato Khumalo,Jacket,Clothing,2,1283.12,0,Cape Town,Online
ORD-102818,2025-09-07,CUST-1413,Anele Molefe,Microwave,Appliances,3,2178.42,5,Johannesburg,Store
ORD-102819,2025-06-16,CUST-1210,Anele Mokoena,Smartphone,Electronics,2,7280.56,0,Pretoria,Mobile App
ORD-102820,2025-03-21,CUST-1141,Zanele Khumalo,Jacket,Clothing,2,1267.98,25,Bloemfontein,Mobile App
ORD-102821,2025-10-19,CUST-1350,Sipho Mahlangu,T-Shirt,Clothing,3,362.7,5,Johannesburg,Mobile App
ORD-102822,2025-02-14,CUST-1443,Zanele Mahlangu,Coffee Maker,Appliances,5,1360.96,10,Durban,Mobile App
ORD-102823,2025-03-21,CUST-1055,Tshepo Nkosi,Smartphone,Electronics,1,7474.06,0,Cape Town,Mobile App
ORD-102824,2025-06-19,CUST-1434,Tshepo Mokoena,Kettle,Appliances,4,600.54,5,Pretoria,Online
ORD-102825,2025-01-15,CUST-1425,Naledi Mahlangu,Jeans,Clothing,3,669.5,25,Durban,Online
ORD-102826,2025-05-22,CUST-1065,Zanele Mokoena,Coffee Maker,Appliances,1,1437.56,5,Gqeberha,Mobile App
ORD-102827,2025-11-29,CUST-1025,Anele Ndlovu,Office Chair,Furniture,1,2640.19,0,Pretoria,Store
ORD-102828,2025-12-10,CUST-1322,Tshepo Ndlovu,Kettle,Appliances,1,623.28,0,Johannesburg,Mobile App
ORD-102829,2025-11-15,CUST-1035,Thabo Ndlovu,Jeans,Clothing,2,746.79,25,Gqeberha,Online
ORD-102830,2025-04-29,CUST-1271,Ayanda Dlamini,Smartphone,Electronics,2,7103.89,25,Johannesburg,Mobile App
ORD-102831,2025-01-24,CUST-1030,Thabo Ndlovu,Microwave,Appliances,2,2255.3,0,Cape Town,Mobile App
ORD-102832,2025-10-25,CUST-1311,Ayanda Molefe,Sneakers,Clothing,3,1074.95,10,Bloemfontein,Online
ORD-102833,2025-05-17,CUST-1105,Karabo Mahlangu,Monitor,Electronics,1,3297.95,0,Bloemfontein,Online
ORD-102834,2025-10-01,CUST-1044,Thabo Dlamini,T-Shirt,Clothing,2,369.03,10,Durban,Mobile App
ORD-102835,2025-02-13,CUST-1030,Thabo Ndlovu,Office Chair,Furniture,4,2712.6,0,Cape Town,Store
ORD-102836,2025-09-01,CUST-1085,Lerato Mokoena,T-Shirt,Clothing,6,366.75,15,Johannesburg,Mobile App
ORD-102837,2025-08-03,CUST-1244,Sipho Molefe,Kettle,Appliances,3,634.62,20,Johannesburg,Mobile App
ORD-102838,2025-12-02,CUST-1035,Thabo Ndlovu,Microwave,Appliances,1,2092.45,0,Durban,Mobile App
ORD-102839,2025-02-07,CUST-1362,Thabo Molefe,Headphones,Electronics,1,978.31,5,Pretoria,Online
ORD-102840,2025-05-29,CUST-1272,Zanele Nkosi,Kettle,Appliances,1,674.94,0,Pretoria,Mobile App
ORD-102841,2025-12-28,CUST-1134,Sipho Mthembu,Desk,Furniture,2,3739.56,0,Bloemfontein,Store
ORD-102842,2025-05-23,CUST-1444,Thabo Mthembu,Jacket,Clothing,1,1297.96,0,Bloemfontein,Mobile App
ORD-102843,2025-08-29,CUST-1297,Zanele Ndlovu,Sneakers,Clothing,4,1073.09,0,Bloemfontein,Online
ORD-102844,2025-02-28,CUST-1303,Lebo Mahlangu,Bookshelf,Furniture,4,2017.92,25,Bloemfontein,Store
ORD-102845,2025-09-23,CUST-1079,Sipho Nkosi,Desk,Furniture,2,3577.18,0,Bloemfontein,Mobile App
ORD-102846,2025-04-11,CUST-1320,Anele Mokoena,Desk,Furniture,2,3390.34,20,Gqeberha,Mobile App
ORD-102847,2025-07-28,CUST-1252,Zanele Khumalo,Coffee Maker,Appliances,2,1348.02,0,Pretoria,Online
ORD-102848,2025-11-18,CUST-1444,Thabo Mthembu,Office Chair,Furniture,2,3011.73,5,Cape Town,Mobile App
ORD-102849,2025-08-30,CUST-1216,Naledi Mthembu,Monitor,Electronics,3,3053.95,5,Pretoria,Mobile App
ORD-102850,2025-06-23,CUST-1306,Zanele Mahlangu,Office Chair,Furniture,1,2995.03,20,Bloemfontein,Mobile App
ORD-102851,2025-03-11,CUST-1154,Lerato Mahlangu,Tablet,Electronics,3,4513.67,0,Gqeberha,Online
ORD-102852,2025-05-05,CUST-1019,Zanele Ndlovu,Office Chair,Furniture,1,2913.81,0,Johannesburg,Mobile App
ORD-102853,2025-11-06,CUST-1058,Lerato Mokoena,Smartphone,Electronics,2,6871.7,15,Durban,Store
ORD-102854,2025-03-20,CUST-1391,Zanele Molefe,Smartphone,Electronics,5,6802.32,15,Cape Town,Store
ORD-102855,2025-08-28,CUST-1333,Sipho Nkosi,Jacket,Clothing,1,1278.51,10,Bloemfontein,Online
ORD-102856,2025-06-27,CUST-1165,Naledi Mahlangu,Smartphone,Electronics,1,7364.65,0,Johannesburg,Store
ORD-102857,2025-04-28,CUST-1315,Ayanda Khumalo,T-Shirt,Clothing,2,347.48,0,Pretoria,Mobile App
ORD-102858,2025-09-19,CUST-1002,Thabo Mthembu,Sneakers,Clothing,2,1035.73,15,Gqeberha,Online
ORD-102859,2025-05-13,CUST-1017,Anele Mokoena,Jacket,Clothing,1,1249.17,10,Durban,Store
ORD-102860,2025-04-15,CUST-1229,Sipho Mokoena,Desk,Furniture,1,3465.61,10,Johannesburg,Mobile App
ORD-102861,2025-07-13,CUST-1282,Sipho Mthembu,Tablet,Electronics,1,4610.86,0,Johannesburg,Online
ORD-102862,2025-10-04,CUST-1422,Ayanda Mokoena,Microwave,Appliances,2,2309.47,0,Pretoria,Mobile App
ORD-102863,2025-11-12,CUST-1342,Zanele Mahlangu,Coffee Maker,Appliances,2,1357.81,25,Gqeberha,Online
ORD-102864,2025-08-18,CUST-1116,Thabo Mokoena,Jeans,Clothing,4,683.81,15,Cape Town,Online
ORD-102865,2025-08-30,CUST-1367,Lerato Dlamini,Smartphone,Electronics,4,7212.69,0,Johannesburg,Mobile App
ORD-102866,2025-10-15,CUST-1222,Naledi Nkosi,Laptop,Electronics,1,12284.87,20,Durban,Store
ORD-102867,2025-04-09,CUST-1372,Lebo Mahlangu,Monitor,Electronics,1,3333.05,10,Durban,Online
ORD-102868,2025-04-02,CUST-1079,Sipho Nkosi,Tablet,Electronics,1,4566.5,0,Johannesburg,Mobile App
ORD-102869,2025-06-26,CUST-1012,Naledi Mahlangu,Coffee Maker,Appliances,1,1250.0,5,Bloemfontein,Online
ORD-102870,2025-08-19,CUST-1026,Naledi Mthembu,Headphones,Electronics,1,875.88,15,Pretoria,Store
ORD-102871,2025-08-24,CUST-1446,Ayanda Molefe,Monitor,Electronics,3,3251.24,5,Durban,Store
ORD-102872,2025-02-26,CUST-1037,Sipho Mahlangu,Kettle,Appliances,1,641.08,10,Gqeberha,Store
ORD-102873,2025-10-12,CUST-1423,Karabo Ndlovu,Coffee Maker,Appliances,2,1283.89,15,Gqeberha,Mobile App
ORD-102874,2025-05-13,CUST-1328,Tshepo Khumalo,Headphones,Electronics,3,1023.08,0,Durban,Store
ORD-102875,2025-11-17,CUST-1066,Anele Mthembu,Office Chair,Furniture,3,2743.71,25,Johannesburg,Mobile App
ORD-102876,2025-09-22,CUST-1389,Naledi Dlamini,Bookshelf,Furniture,1,1806.69,5,Gqeberha,Online
ORD-102877,2025-12-25,CUST-1065,Zanele Mokoena,Jeans,Clothing,1,749.28,5,Gqeberha,Online
ORD-102878,2025-08-19,CUST-1065,Zanele Mokoena,Kettle,Appliances,5,609.66,10,,Store
ORD-102879,2025-07-12,CUST-1259,Zanele Molefe,Microwave,Appliances,1,2230.77,10,Pretoria,Store
ORD-102880,2025-03-10,CUST-1130,Zanele Mthembu,Kettle,Appliances,3,615.11,5,Durban,Mobile App
ORD-102881,2025-05-26,CUST-1131,Naledi Mokoena,Laptop,Electronics,3,11984.56,10,Pretoria,Mobile App
ORD-102882,2025-11-10,CUST-1088,Thabo Mahlangu,Headphones,Electronics,2,908.65,20,Pretoria,Online
ORD-102883,2025-05-20,CUST-1274,Naledi Nkosi,T-Shirt,Clothing,2,353.8,15,Johannesburg,Online
ORD-102884,2025-01-20,CUST-1013,Lebo Ndlovu,Laptop,Electronics,1,12757.15,15,Durban,Online
ORD-102885,2025-03-31,CUST-1111,Lerato Khumalo,Office Chair,Furniture,2,2767.78,0,Pretoria,Online
ORD-102886,2025-08-06,CUST-1250,Karabo Ndlovu,Tablet,Electronics,2,4745.33,5,Johannesburg,Online
ORD-102887,2025-08-18,CUST-1219,Naledi Mokoena,Microwave,Appliances,3,2142.97,10,Durban,Online
ORD-102888,2025-12-26,CUST-1315,Ayanda Khumalo,Laptop,Electronics,3,13132.2,0,Cape Town,Mobile App
ORD-102889,2025-12-07,CUST-1098,Thabo Dlamini,Tablet,Electronics,5,4544.12,15,Gqeberha,Online
ORD-102890,2025-07-13,CUST-1292,Karabo Ndlovu,Tablet,Electronics,5,4435.77,0,Cape Town,Online
ORD-102891,2025-07-22,CUST-1342,Zanele Mahlangu,Tablet,Electronics,3,4784.78,0,Gqeberha,Store
ORD-102892,2025-10-20,CUST-1175,Lebo Molefe,T-Shirt,Clothing,1,376.4,0,Durban,Mobile App
ORD-102893,2025-01-18,CUST-1116,Thabo Mokoena,Office Chair,Furniture,2,2611.03,0,Cape Town,Online
ORD-102894,2025-08-06,CUST-1250,Karabo Ndlovu,Microwave,Appliances,2,2033.36,0,Gqeberha,Online
ORD-102895,2025-06-23,CUST-1261,Ayanda Khumalo,Headphones,Electronics,2,954.47,10,Johannesburg,Online
ORD-102896,2025-10-13,CUST-1043,Ayanda Mahlangu,T-Shirt,Clothing,1,325.35,10,Pretoria,Online
ORD-102897,2025-10-20,CUST-1255,Ayanda Mokoena,Jeans,Clothing,2,718.97,0,Durban,Online
ORD-102898,2025-08-28,CUST-1070,Ayanda Nkosi,Jeans,Clothing,1,752.6,0,Pretoria,Store
ORD-102899,2025-08-28,CUST-1256,Tshepo Mahlangu,Sneakers,Clothing,1,1071.24,15,Pretoria,Store
ORD-102900,2025-09-10,CUST-1420,Zanele Mahlangu,Headphones,Electronics,3,952.71,0,Durban,Store
ORD-102901,2025-07-31,CUST-1242,Ayanda Mahlangu,Bookshelf,Furniture,2,1895.84,5,Johannesburg,Store
ORD-102902,2025-03-25,CUST-1343,Lerato Dlamini,Coffee Maker,Appliances,2,1311.55,5,Durban,Online
ORD-102903,2025-04-14,CUST-1140,Tshepo Mokoena,Coffee Maker,Appliances,2,1387.11,10,Bloemfontein,Store
ORD-102904,2025-09-28,CUST-1416,Anele Mokoena,Jeans,Clothing,2,718.91,20,Bloemfontein,Mobile App
ORD-102905,2025-08-14,CUST-1366,Ayanda Ndlovu,Jeans,Clothing,1,696.99,10,Bloemfontein,Mobile App
ORD-102906,2025-03-28,CUST-1413,Anele Molefe,Coffee Maker,Appliances,3,1337.89,25,Johannesburg,Store
ORD-102907,2025-11-17,CUST-1334,Lerato Mthembu,Jeans,Clothing,1,714.89,20,Pretoria,Online
ORD-102908,2025-12-24,CUST-1293,Ayanda Dlamini,Kettle,Appliances,2,620.61,0,Durban,Store
ORD-102909,2025-08-17,CUST-1237,Zanele Nkosi,Smartphone,Electronics,1,6703.04,0,Pretoria,Online
ORD-102910,2025-03-25,CUST-1418,Ayanda Mthembu,Office Chair,Furniture,5,2931.45,0,Durban,Store
ORD-102911,2025-12-09,CUST-1382,Lebo Mthembu,Smartphone,Electronics,3,6654.67,5,Durban,Online
ORD-102912,2025-03-28,CUST-1188,Thabo Molefe,Smartphone,Electronics,2,7683.28,10,Johannesburg,Mobile App
ORD-102913,2025-06-07,CUST-1039,Ayanda Ndlovu,Bookshelf,Furniture,1,1942.9,0,Gqeberha,Online
ORD-102914,2025-11-10,CUST-1002,Thabo Mthembu,Headphones,Electronics,2,929.95,0,Gqeberha,Online
ORD-102915,2025-07-10,CUST-1106,Naledi Mahlangu,Desk,Furniture,3,3764.25,5,Pretoria,Store
ORD-102916,2025-03-30,CUST-1029,Thabo Molefe,Desk,Furniture,2,3761.08,10,Gqeberha,Store
ORD-102917,2025-01-30,CUST-1096,Lerato Khumalo,Jeans,Clothing,3,741.39,10,Johannesburg,Store
ORD-102918,2025-05-12,CUST-1050,Naledi Mahlangu,Kettle,Appliances,5,641.41,25,Gqeberha,Store
ORD-102919,2025-09-03,CUST-1442,Lebo Mokoena,Coffee Maker,Appliances,2,1369.83,0,Cape Town,Mobile App
ORD-102920,2025-09-18,CUST-1043,Ayanda Mahlangu,Office Chair,Furniture,2,2781.07,5,Pretoria,Mobile App
ORD-102921,2025-03-23,CUST-1283,Zanele Mokoena,Monitor,Electronics,2,3145.56,25,Cape Town,Online
ORD-102922,2025-02-27,CUST-1159,Naledi Ndlovu,Sneakers,Clothing,2,1063.93,10,Durban,Online
ORD-102923,2025-09-14,CUST-1079,Sipho Nkosi,Smartphone,Electronics,2,7602.21,10,Durban,Online
ORD-102924,2025-02-28,CUST-1316,Lerato Mahlangu,T-Shirt,Clothing,3,340.72,10,Pretoria,Online
ORD-102925,2025-01-24,CUST-1437,Karabo Molefe,Desk,Furniture,1,3740.8,0,Cape Town,Mobile App
ORD-102926,2025-06-27,CUST-1356,Sipho Khumalo,Tablet,Electronics,2,5043.23,20,Johannesburg,Online
ORD-102927,2025-07-28,CUST-1439,Ayanda Mahlangu,Jeans,Clothing,1,695.04,10,Johannesburg,Online
ORD-102928,2025-03-30,CUST-1266,Lebo Dlamini,Monitor,Electronics,4,3417.08,10,Durban,Online
ORD-102929,2025-03-19,CUST-1304,Karabo Nkosi,Tablet,Electronics,2,5147.1,10,Bloemfontein,Mobile App
ORD-102930,2025-03-28,CUST-1066,Anele Mthembu,Jeans,Clothing,1,723.7,5,Pretoria,Mobile App
ORD-102931,2025-05-06,CUST-1384,Lebo Dlamini,Tablet,Electronics,2,4676.62,0,Pretoria,Online
ORD-102932,2025-01-04,CUST-1337,Sipho Khumalo,Jacket,Clothing,3,1226.28,15,Durban,Online
ORD-102933,2025-01-05,CUST-1115,Zanele Nkosi,Tablet,Electronics,4,4989.2,5,Johannesburg,Store
ORD-102934,2025-05-16,CUST-1160,Anele Ndlovu,Desk,Furniture,5,3822.23,0,Gqeberha,Mobile App
ORD-102935,2025-01-08,CUST-1275,Lebo Mahlangu,Coffee Maker,Appliances,?,1275.66,5,Gqeberha,Online
ORD-102936,2025-04-27,CUST-1006,Ayanda Khumalo,Headphones,Electronics,3,936.42,20,Durban,Online
ORD-102937,2025-08-01,CUST-1369,Tshepo Mahlangu,Sneakers,Clothing,1,1133.34,5,Durban,Mobile App
ORD-102938,2025-01-12,CUST-1127,Sipho Mahlangu,Jacket,Clothing,1,1294.27,5,Bloemfontein,Store
ORD-102939,2025-08-14,CUST-1034,Lebo Dlamini,Microwave,Appliances,2,2320.81,10,Pretoria,Store
ORD-102940,2025-08-15,CUST-1149,Lerato Mokoena,Tablet,Electronics,2,5179.09,15,Gqeberha,Mobile App
ORD-102941,2025-07-29,CUST-1377,Tshepo Mahlangu,Jacket,Clothing,1,1294.45,10,Cape Town,Online
ORD-102942,2025-08-17,CUST-1124,Lebo Nkosi,Kettle,Appliances,3,684.59,20,Gqeberha,Online
ORD-102943,2025-10-23,CUST-1243,Sipho Mokoena,Sneakers,Clothing,1,1085.73,0,Cape Town,Store
ORD-102944,2025-01-26,CUST-1366,Ayanda Ndlovu,Tablet,Electronics,1,4670.45,20,Cape Town,Online
ORD-102945,2025-03-03,CUST-1016,Zanele Khumalo,Coffee Maker,Appliances,1,1285.06,20,Cape Town,Mobile App
ORD-102946,2025-04-26,CUST-1342,Zanele Mahlangu,Smartphone,Electronics,3,7375.42,5,Johannesburg,Mobile App
ORD-102947,2025-09-09,CUST-1130,Zanele Mthembu,T-Shirt,Clothing,3,367.98,10,Pretoria,Store
ORD-102948,2025-11-15,CUST-1313,Ayanda Molefe,Bookshelf,Furniture,2,1987.01,0,Johannesburg,Store
ORD-102949,2025-12-02,CUST-1085,Lerato Mokoena,Bookshelf,Furniture,3,1835.04,5,Durban,Mobile App
ORD-102950,2025-08-01,CUST-1063,Ayanda Khumalo,Bookshelf,Furniture,3,2030.26,0,Gqeberha,Online
ORD-102951,2025-05-30,CUST-1355,Anele Molefe,Laptop,Electronics,2,13178.84,0,Gqeberha,Online
ORD-102952,2025-05-31,CUST-1364,Anele Mahlangu,Bookshelf,Furniture,3,2030.36,25,Johannesburg,Store
ORD-102953,2025-01-22,CUST-1442,Lebo Mokoena,Kettle,Appliances,1,615.32,0,Johannesburg,Mobile App
ORD-102954,2025-06-19,CUST-1305,Karabo Ndlovu,Desk,Furniture,2,3609.09,10,Cape Town,Online
ORD-102955,not available,CUST-1210,Anele Mokoena,Monitor,Electronics,1,3352.79,0,Bloemfontein,Mobile App
ORD-102956,2025-03-18,CUST-1088,Thabo Mahlangu,Kettle,Appliances,2,648.13,5,Durban,Mobile App
ORD-102957,2025-10-08,CUST-1133,Tshepo Khumalo,Smartphone,Electronics,2,6670.25,5,Bloemfontein,Online
ORD-102958,2025-10-24,CUST-1292,Karabo Ndlovu,Bookshelf,Furniture,1,1952.66,0,Durban,Online
ORD-102959,2025-04-21,CUST-1156,Anele Mokoena,Bookshelf,Furniture,?,1884.93,10,Pretoria,Mobile App
ORD-102960,2025-11-30,CUST-1218,Tshepo Dlamini,Bookshelf,Furniture,3,1999.33,25,Durban,Store
ORD-102961,2025-02-09,CUST-1076,Anele Molefe,Microwave,Appliances,2,2227.0,5,Gqeberha,Mobile App
ORD-102962,2025-11-29,CUST-1198,Tshepo Khumalo,Desk,Furniture,1,3809.12,25,Pretoria,Online
ORD-102963,2025-10-08,CUST-1108,Thabo Mokoena,Kettle,Appliances,1,646.42,10,Durban,Online
ORD-102964,2025-03-23,CUST-1051,Lebo Nkosi,Smartphone,Electronics,1,6719.87,10,Cape Town,online
ORD-102965,2025-08-26,CUST-1060,Sipho Dlamini,Sneakers,Clothing,3,1119.47,0,Bloemfontein,Mobile App
ORD-102966,2025-04-24,CUST-1234,Sipho Mokoena,T-Shirt,Clothing,4,373.1,0,Pretoria,Store
ORD-102967,2025-10-19,CUST-1165,Naledi Mahlangu,Headphones,Electronics,1,938.19,20,Johannesburg,Online
ORD-102968,2025-02-28,CUST-1045,Zanele Ndlovu,Headphones,Electronics,3,903.62,10,Pretoria,Online
ORD-102969,2025-03-31,CUST-1232,Zanele Dlamini,Jacket,Clothing,2,1345.18,5,Durban,Online
ORD-102970,2025-04-23,CUST-1074,Naledi Molefe,Jeans,Clothing,5,728.74,15,Johannesburg,Online
ORD-102971,not available,CUST-1007,Karabo Khumalo,Jeans,Clothing,1,704.16,0,Bloemfontein,mobile app
ORD-102972,2025-05-02,CUST-1060,Sipho Dlamini,Laptop,Electronics,2,13372.33,15,Johannesburg,Online
ORD-102973,2025-08-08,CUST-1202,Lerato Dlamini,T-Shirt,Clothing,2,373.03,0,Pretoria,Online
ORD-102974,2025-08-20,CUST-1430,Thabo Mahlangu,Kettle,Appliances,1,681.7,20,Bloemfontein,Online
ORD-102975,2025-07-22,CUST-1109,Thabo Nkosi,Laptop,Electronics,1,12570.46,0,Cape Town,Mobile App
ORD-102976,2025-03-11,CUST-1129,Zanele Nkosi,Bookshelf,Furniture,1,2003.04,0,Gqeberha,Mobile App
ORD-102977,2025-03-15,CUST-1110,Sipho Mahlangu,Bookshelf,Furniture,2,1838.86,10,Cape Town,Mobile App
ORD-102978,2025-12-02,CUST-1160,Anele Ndlovu,Microwave,Appliances,3,2137.92,0,Gqeberha,Online
ORD-102979,2025-04-02,CUST-1323,Naledi Ndlovu,Monitor,Electronics,3,2944.75,25,Bloemfontein,Online
ORD-102980,2025-02-07,CUST-1145,Thabo Mthembu,Bookshelf,Furniture,1,1784.01,10,Johannesburg,Mobile App
ORD-102981,2025-06-15,CUST-1296,Tshepo Nkosi,Jacket,Clothing,4,1178.96,0,Cape Town,Store
ORD-102982,2025-01-03,CUST-1405,Karabo Ndlovu,Laptop,Electronics,1,11752.94,0,Durban,Mobile App
ORD-102983,2025-05-06,CUST-1426,Zanele Nkosi,Coffee Maker,Appliances,5,1303.68,20,Cape Town,Online
ORD-102984,2025-11-09,CUST-1254,Zanele Mokoena,Coffee Maker,Appliances,1,1380.32,10,Johannesburg,Mobile App
ORD-102985,2025-04-08,CUST-1321,Karabo Mokoena,Jacket,Clothing,3,1348.32,20,Gqeberha,Store
ORD-102986,2025-09-14,CUST-1414,Tshepo Dlamini,Jeans,Clothing,4,749.99,0,Bloemfontein,Store
ORD-102987,2025-06-28,CUST-1355,Anele Molefe,Sneakers,Clothing,4,1171.54,20,Durban,Online
ORD-102988,2025-05-10,CUST-1135,Karabo Nkosi,Sneakers,Clothing,3,1017.84,5,Durban,Online
ORD-102989,2025-08-30,CUST-1060,Sipho Dlamini,Microwave,Appliances,1,2307.15,10,Johannesburg,Online
ORD-102990,2025-08-06,CUST-1052,Lebo Molefe,Desk,Furniture,3,3413.71,5,Johannesburg,Store
ORD-102991,2025-04-27,CUST-1397,Zanele Mokoena,Desk,Furniture,2,3863.49,0,Johannesburg,Store
ORD-102992,2025-03-23,CUST-1251,Lebo Nkosi,Jeans,Clothing,3,726.05,25,Johannesburg,Online
ORD-102993,2025-12-01,CUST-1134,Sipho Mthembu,Tablet,Electronics,5,5118.09,25,Cape Town,Online
ORD-102994,2025-03-03,CUST-1156,Anele Mokoena,Coffee Maker,Appliances,1,1303.09,5,Johannesburg,Store
ORD-102995,2025-12-17,CUST-1127,Sipho Mahlangu,Sneakers,Clothing,3,1051.81,25,Bloemfontein,Store
ORD-102996,2025-06-21,CUST-1361,Lebo Mthembu,Jeans,Clothing,4,720.02,0,Durban,Online
ORD-102997,2025-12-30,CUST-1276,Karabo Mahlangu,Monitor,Electronics,1,2948.4,0,Pretoria,Online
ORD-102998,2025-05-09,CUST-1396,Tshepo Dlamini,Office Chair,Furniture,1,2576.19,0,Johannesburg,Mobile App
ORD-102999,2025-07-26,CUST-1136,Sipho Molefe,Desk,Furniture,1,3670.08,5,Cape Town,Online
ORD-103000,2025-08-13,CUST-1213,Lebo Molefe,Jeans,Clothing,3,654.36,0,Cape Town,Mobile App
ORD-103001,2025-05-04,CUST-1055,Tshepo Nkosi,Sneakers,Clothing,4,1154.74,5,Gqeberha,Mobile App
ORD-103002,2025-03-21,CUST-1438,Lebo Mthembu,Jacket,Clothing,1,1181.85,0,Durban,Store
ORD-103003,2025-07-09,CUST-1231,Karabo Mokoena,Microwave,Appliances,3,2066.76,15,Johannesburg,Mobile App
ORD-103004,2025-08-30,CUST-1249,Naledi Nkosi,Kettle,Appliances,2,640.9,15,Cape Town,Mobile App
ORD-103005,2025-04-06,CUST-1187,Thabo Mahlangu,Jacket,Clothing,2,1156.06,10,Johannesburg,Mobile App
ORD-103006,2025-10-07,CUST-1122,Anele Mahlangu,Office Chair,Furniture,3,2678.81,0,Gqeberha,Mobile App
ORD-103007,2025-08-22,CUST-1427,Thabo Nkosi,T-Shirt,Clothing,6,332.41,15,Johannesburg,Mobile App
ORD-103008,2025-03-02,CUST-1221,Karabo Khumalo,Desk,Furniture,1,3389.24,0,Cape Town,Store
ORD-103009,2025-12-09,CUST-1304,Karabo Nkosi,Jeans,Clothing,1,731.28,15,Cape Town,Store
ORD-103010,2025-01-17,CUST-1017,Anele Mokoena,Coffee Maker,Appliances,2,1294.78,10,Pretoria,Store
ORD-103011,2025-08-27,CUST-1125,Tshepo Mahlangu,Office Chair,Furniture,2,2708.87,5,Pretoria,Store
ORD-103012,2025-06-10,CUST-1362,Thabo Molefe,Bookshelf,Furniture,2,1761.55,0,Durban,Online
ORD-103013,2025-08-27,CUST-1040,Sipho Mthembu,Laptop,Electronics,1,12075.55,15,Durban,Online
ORD-103014,2025-10-10,CUST-1046,Tshepo Nkosi,Sneakers,Clothing,1,1043.16,20,Bloemfontein,Mobile App
ORD-103015,2025-09-08,CUST-1365,Sipho Mokoena,Bookshelf,Furniture,4,1755.22,10,Durban,Mobile App
ORD-103016,2025-08-26,CUST-1139,Ayanda Mahlangu,Desk,Furniture,1,3748.31,25,Cape Town,Store
ORD-103017,2025-11-03,CUST-1124,Lebo Nkosi,Bookshelf,Furniture,2,2009.12,20,Johannesburg,Store
ORD-103018,2025-09-14,CUST-1255,Ayanda Mokoena,Headphones,Electronics,3,960.67,0,Gqeberha,Online
ORD-103019,2025-10-25,CUST-1088,Thabo Mahlangu,T-Shirt,Clothing,1,359.13,15,Pretoria,Online
ORD-103020,2025-05-28,CUST-1020,Thabo Nkosi,Sneakers,Clothing,1,1104.38,0,Pretoria,Online
ORD-103021,2025-03-16,CUST-1003,Thabo Ndlovu,Office Chair,Furniture,1,2775.43,5,Johannesburg,Store
ORD-103022,2025-03-27,CUST-1036,Ayanda Mokoena,Smartphone,Electronics,2,6803.14,0,Gqeberha,Online
ORD-103023,2025-08-12,CUST-1072,Karabo Khumalo,Office Chair,Furniture,1,2940.34,25,Bloemfontein,Online
ORD-103024,2025-07-14,CUST-1314,Anele Khumalo,Tablet,Electronics,3,4489.39,15,Bloemfontein,Online
ORD-103025,2025-01-29,CUST-1135,Karabo Nkosi,Office Chair,Furniture,1,2994.94,0,Durban,Mobile App
ORD-103026,2025-03-16,CUST-1033,Lerato Ndlovu,Jeans,Clothing,1,708.45,5,Cape Town,Mobile App
ORD-103027,2025-12-20,CUST-1007,Karabo Khumalo,Smartphone,Electronics,1,7384.54,5,Bloemfontein,Mobile App
ORD-103028,2025-09-23,CUST-1215,Lebo Khumalo,Sneakers,Clothing,2,1127.66,15,Bloemfontein,Mobile App
ORD-103029,2025-10-03,CUST-1379,Ayanda Ndlovu,Headphones,Electronics,2,968.85,20,Durban,Online
ORD-103030,2025-03-13,CUST-1153,Ayanda Mthembu,Microwave,Appliances,4,2038.47,0,Johannesburg,Online
ORD-103031,2025-01-24,CUST-1029,Thabo Molefe,Jacket,Clothing,1,1252.49,5,Bloemfontein,Mobile App
ORD-103032,2025-04-17,CUST-1103,Thabo Mthembu,Monitor,Electronics,2,3332.84,10,Durban,Mobile App
ORD-103033,2025-11-09,CUST-1225,Anele Molefe,T-Shirt,Clothing,2,359.17,5,Johannesburg,Mobile App
ORD-103034,2025-07-04,CUST-1085,Lerato Mokoena,Smartphone,Electronics,3,7471.25,5,Cape Town,Online
ORD-103035,2025-10-14,CUST-1441,Thabo Khumalo,Smartphone,Electronics,2,7199.4,0,Pretoria,Store
ORD-103036,2025-06-27,CUST-1344,Zanele Mokoena,Kettle,Appliances,1,615.2,0,Durban,Online
ORD-103037,2025-06-28,CUST-1156,Anele Mokoena,Coffee Maker,Appliances,2,1303.59,5,Cape Town,Online
ORD-103038,2025-08-08,CUST-1429,Lerato Khumalo,Tablet,Electronics,1,4582.89,20,Bloemfontein,Mobile App
ORD-103039,2025-12-17,CUST-1147,Thabo Dlamini,Monitor,Electronics,3,3119.74,0,Pretoria,Mobile App
ORD-103040,2025-06-09,CUST-1064,Tshepo Mahlangu,Tablet,Electronics,1,4465.45,0,Cape Town,Mobile App
ORD-103041,2025-08-06,CUST-1423,Karabo Ndlovu,Office Chair,Furniture,4,2918.63,15,Bloemfontein,Mobile App
ORD-103042,2025-12-02,CUST-1432,Lerato Nkosi,Monitor,Electronics,2,3213.27,25,Gqeberha,Store
ORD-103043,2025-05-16,CUST-1141,Zanele Khumalo,Monitor,Electronics,2,3128.74,5,Bloemfontein,Store
ORD-103044,2025-11-03,CUST-1268,Tshepo Nkosi,Bookshelf,Furniture,1,1976.23,0,Pretoria,Online
ORD-103045,2025-07-15,CUST-1078,Zanele Mahlangu,Tablet,Electronics,2,4444.07,10,Pretoria,Mobile App
ORD-103046,2025-11-17,CUST-1289,Ayanda Molefe,Microwave,Appliances,3,2062.72,5,Bloemfontein,Mobile App
ORD-103047,2025-06-20,CUST-1311,Ayanda Molefe,Jacket,Clothing,2,1189.91,10,Gqeberha,Store
ORD-103048,2025-08-18,CUST-1320,Anele Mokoena,Sneakers,Clothing,1,1063.66,0,Johannesburg,Store
ORD-103049,2025-04-28,CUST-1256,Tshepo Mahlangu,Tablet,Electronics,1,5050.88,0,Gqeberha,Mobile App
ORD-103050,2025-08-20,CUST-1317,Anele Dlamini,Jacket,Clothing,1,1194.41,0,Durban,Store
ORD-103051,2025-04-30,CUST-1250,Karabo Ndlovu,Coffee Maker,Appliances,3,1422.77,10,Bloemfontein,Online
ORD-103052,2025-08-11,CUST-1369,Tshepo Mahlangu,Tablet,Electronics,2,4505.78,5,Cape Town,Store
ORD-103053,2025-10-15,CUST-1081,Karabo Mthembu,Sneakers,Clothing,3,1151.07,0,Bloemfontein,Store
ORD-103054,2025-06-08,CUST-1218,Tshepo Dlamini,Office Chair,Furniture,3,2607.11,5,Johannesburg,Mobile App
ORD-103055,2025-06-06,CUST-1188,Thabo Molefe,Sneakers,Clothing,3,1177.25,15,Cape Town,Store
ORD-103056,2025-04-28,CUST-1241,Zanele Dlamini,Bookshelf,Furniture,3,1955.29,0,Durban,Mobile App
ORD-103057,2025-09-24,CUST-1064,Tshepo Mahlangu,Coffee Maker,Appliances,2,1381.07,10,Pretoria,Mobile App
ORD-103058,2025-08-05,CUST-1146,Thabo Mthembu,Tablet,Electronics,2,4771.98,10,Durban,Online
ORD-103059,2025-07-08,CUST-1430,Thabo Mahlangu,Office Chair,Furniture,1,2948.97,5,Johannesburg,Mobile App
ORD-103060,2025-01-10,CUST-1048,Lerato Nkosi,Monitor,Electronics,3,3092.26,25,Pretoria,Store
ORD-103061,2025-02-10,CUST-1286,Karabo Mthembu,Headphones,Electronics,5,998.11,20,Gqeberha,Online
ORD-103062,2025-01-03,CUST-1300,Lebo Mthembu,Monitor,Electronics,2,3337.29,0,Gqeberha,Online
ORD-103063,2025-11-07,CUST-1214,Lebo Mahlangu,Office Chair,Furniture,4,2855.98,0,Johannesburg,Mobile App
ORD-103064,2025-11-07,CUST-1016,Zanele Khumalo,Smartphone,Electronics,5,7622.06,0,Johannesburg,Mobile App
ORD-103065,2025-01-25,CUST-1016,Zanele Khumalo,Jacket,Clothing,2,1286.07,0,Durban,Store
ORD-103066,2025-01-17,CUST-1125,Tshepo Mahlangu,T-Shirt,Clothing,3,359.92,10,Pretoria,Online
ORD-103067,2025-10-13,CUST-1047,Anele Mokoena,Coffee Maker,Appliances,3,1361.4,20,Gqeberha,Store
ORD-103068,2025-07-11,CUST-1043,Ayanda Mahlangu,Jacket,Clothing,1,1258.75,20,Durban,Store
ORD-103069,2025-04-23,CUST-1073,Anele Molefe,Tablet,Electronics,1,4686.95,0,Cape Town,Online
ORD-103070,2025-08-13,CUST-1086,Tshepo Nkosi,Smartphone,Electronics,2,6882.89,5,Gqeberha,Store
ORD-103071,2025-03-28,CUST-1378,Thabo Khumalo,Desk,Furniture,3,3379.82,0,Cape Town,Mobile App
ORD-103072,2025-03-14,CUST-1288,Naledi Khumalo,Bookshelf,Furniture,1,1769.18,10,Bloemfontein,Mobile App
ORD-103073,2025-05-15,CUST-1014,Anele Molefe,Headphones,Electronics,3,910.67,0,Cape Town,Mobile App
ORD-103074,2025-11-23,CUST-1283,Zanele Mokoena,Sneakers,Clothing,2,1138.77,20,Cape Town,Mobile App
ORD-103075,2025-10-08,CUST-1062,Lerato Molefe,T-Shirt,Clothing,4,370.73,20,Durban,Mobile App
ORD-103076,2025-03-11,CUST-1190,Naledi Dlamini,Sneakers,Clothing,1,1038.7,0,Pretoria,Store
ORD-103077,2025-07-25,CUST-1018,Anele Mthembu,Smartphone,Electronics,2,7015.48,10,Gqeberha,Mobile App
ORD-103078,2025-11-19,CUST-1041,Lerato Nkosi,Coffee Maker,Appliances,1,1430.4,10,Gqeberha,Online
ORD-103079,2025-12-14,CUST-1060,Sipho Dlamini,Headphones,Electronics,1,976.1,15,Bloemfontein,Store
ORD-103080,2025-10-06,CUST-1196,Naledi Dlamini,Desk,Furniture,1,3702.64,5,Pretoria,Store
ORD-103081,2025-02-17,CUST-1209,Naledi Khumalo,Desk,Furniture,1,3606.31,0,Johannesburg,Mobile App
ORD-103082,2025-03-29,CUST-1159,Naledi Ndlovu,Coffee Maker,Appliances,1,1295.15,10,Gqeberha,Mobile App
ORD-103083,2025-03-21,CUST-1280,Lerato Ndlovu,Monitor,Electronics,2,3297.03,0,Johannesburg,Online
ORD-103084,2025-02-25,CUST-1325,Thabo Nkosi,Headphones,Electronics,2,938.1,10,Durban,Online
ORD-103085,2025-03-05,CUST-1328,Tshepo Khumalo,Office Chair,Furniture,1,2843.71,0,Durban,Mobile App
ORD-103086,2025-04-26,CUST-1261,Ayanda Khumalo,Office Chair,Furniture,4,2628.78,10,Bloemfontein,Online
ORD-103087,2025-07-22,CUST-1246,Zanele Molefe,Tablet,Electronics,2,4780.47,15,Pretoria,Online
ORD-103088,2025-05-26,CUST-1222,Naledi Nkosi,Tablet,Electronics,4,4628.68,0,Bloemfontein,Store
ORD-103089,2025-06-03,CUST-1108,Thabo Mokoena,Headphones,Electronics,2,936.36,5,Johannesburg,Mobile App
ORD-103090,2025-03-31,CUST-1220,Lerato Molefe,Bookshelf,Furniture,1,1878.39,15,Gqeberha,Store
ORD-103091,2025-02-25,CUST-1005,Lebo Ndlovu,Office Chair,Furniture,4,2754.26,0,Durban,Online
ORD-103092,2025-12-31,CUST-1435,Zanele Mokoena,Office Chair,Furniture,4,2787.16,10,Durban,Mobile App
ORD-103093,2025-08-07,CUST-1167,Sipho Mthembu,Jacket,Clothing,?,1340.56,10,Cape Town,Online
ORD-103094,2025-03-25,CUST-1341,Lebo Khumalo,Headphones,Electronics,2,954.84,5,Gqeberha,Store
ORD-103095,2025-10-23,CUST-1431,Karabo Mahlangu,Microwave,Appliances,2,2054.17,15,Pretoria,Mobile App
ORD-103096,2025-10-31,CUST-1224,Zanele Ndlovu,Sneakers,Clothing,2,1060.57,5,Gqeberha,Mobile App
ORD-103097,2025-12-19,CUST-1388,Ayanda Dlamini,Tablet,Electronics,3,4840.4,10,Gqeberha,Online
ORD-103098,2025-02-28,CUST-1216,Naledi Mthembu,Monitor,Electronics,2,3322.48,0,Gqeberha,Online
ORD-103099,2025-08-22,CUST-1060,Sipho Dlamini,Tablet,Electronics,1,4969.25,0,Bloemfontein,Mobile App
ORD-103100,2025-12-24,CUST-1012,Naledi Mahlangu,Monitor,Electronics,1,3238.67,0,Gqeberha,Online
ORD-103101,2025-10-22,CUST-1062,Lerato Molefe,Office Chair,Furniture,1,2771.93,20,Gqeberha,Store
ORD-103102,2025-03-24,CUST-1425,Naledi Mahlangu,Smartphone,Electronics,1,R7390.98,20,Bloemfontein,Store
ORD-103103,2025-11-22,CUST-1214,Lebo Mahlangu,Laptop,Electronics,2,12300.85,15,Cape Town,Mobile App
ORD-103104,2025-06-03,CUST-1144,Lebo Nkosi,Desk,Furniture,4,3756.34,0,Cape Town,Mobile App
ORD-103105,2025-06-28,CUST-1201,Thabo Molefe,Jacket,Clothing,1,1204.43,5,Cape Town,Store
ORD-103106,2025-07-23,CUST-1116,Thabo Mokoena,Monitor,Electronics,1,3165.57,15,Johannesburg,Mobile App
ORD-103107,2025-10-09,CUST-1392,Sipho Khumalo,Coffee Maker,Appliances,1,1416.57,10,Johannesburg,Mobile App
ORD-103108,2025-02-13,CUST-1450,Karabo Khumalo,Office Chair,Furniture,2,2679.57,0,Gqeberha,Mobile App
ORD-103109,2025-07-16,CUST-1039,Ayanda Ndlovu,Microwave,Appliances,3,2330.38,20,Bloemfontein,Online
ORD-103110,2025-10-26,CUST-1324,Thabo Khumalo,Headphones,Electronics,2,880.07,0,Johannesburg,Online
ORD-103111,2025-07-20,CUST-1152,Lebo Khumalo,T-Shirt,Clothing,5,355.95,0,Johannesburg,Store
ORD-103112,2025-04-11,CUST-1022,Karabo Mokoena,Sneakers,Clothing,5,1046.33,20,Johannesburg,Store
ORD-103113,2025-01-21,CUST-1415,Lebo Mokoena,Laptop,Electronics,3,13071.05,5,Bloemfontein,Mobile App
ORD-103114,2025-07-20,CUST-1028,Naledi Mahlangu,Microwave,Appliances,3,2288.61,5,Bloemfontein,Mobile App
ORD-103115,2025-09-14,CUST-1093,Lerato Ndlovu,Office Chair,Furniture,1,2846.68,10,Cape Town,Mobile App
ORD-103116,2025-07-20,CUST-1012,Naledi Mahlangu,Bookshelf,Furniture,3,1874.82,25,Durban,Mobile App
ORD-103117,2025-12-24,CUST-1213,Lebo Molefe,Jeans,Clothing,1,744.33,0,Durban,Mobile App
ORD-103118,2025-08-08,CUST-1270,Sipho Mahlangu,Jeans,Clothing,3,692.28,15,Cape Town,Online
ORD-103119,2025-07-05,CUST-1145,Thabo Mthembu,Laptop,Electronics,1,12150.36,0,Bloemfontein,Online
ORD-103120,2025-01-21,CUST-1033,Lerato Ndlovu,Microwave,Appliances,1,2040.6,0,Bloemfontein,Store
ORD-103121,2025-07-23,CUST-1053,Naledi Ndlovu,Jeans,Clothing,1,648.78,5,Bloemfontein,Mobile App
ORD-103122,2025-03-03,CUST-1421,Zanele Mthembu,Kettle,Appliances,2,665.6,10,Cape Town,Mobile App
ORD-103123,2025-09-22,CUST-1363,Zanele Mthembu,Bookshelf,Furniture,3,1883.1,0,Bloemfontein,Online
ORD-103124,2025-02-28,CUST-1422,Ayanda Mokoena,Jeans,Clothing,1,676.51,5,Bloemfontein,Mobile App
ORD-103125,2025-11-27,CUST-1239,Zanele Mokoena,Desk,Furniture,2,3382.21,10,Gqeberha,Mobile App
ORD-103126,2025-04-21,CUST-1246,Zanele Molefe,Microwave,Appliances,1,2103.44,10,Cape Town,Store
ORD-103127,2025-06-08,CUST-1354,Lerato Khumalo,Coffee Maker,Appliances,4,1242.66,15,Johannesburg,Store
ORD-103128,2025-02-22,CUST-1278,Naledi Mahlangu,Microwave,Appliances,1,2069.18,15,Cape Town,Mobile App
ORD-103129,2025-03-18,CUST-1197,Lebo Mokoena,Bookshelf,Furniture,1,1777.71,5,Bloemfontein,Online
ORD-103130,2025-12-03,CUST-1132,Zanele Ndlovu,Sneakers,Clothing,2,1014.6,5,Durban,Mobile App
ORD-103131,2025-04-14,CUST-1219,Naledi Mokoena,Office Chair,Furniture,2,2863.36,5,Gqeberha,Store
ORD-103132,2025-07-07,CUST-1029,Thabo Molefe,Desk,Furniture,3,3610.86,10,Cape Town,Mobile App
ORD-103133,2025-12-25,CUST-1087,Thabo Dlamini,Sneakers,Clothing,2,1037.38,0,Johannesburg,Mobile App
ORD-103134,2025-08-16,CUST-1332,Lerato Nkosi,Smartphone,Electronics,4,7553.81,0,Bloemfontein,Online
ORD-103135,2025-01-16,CUST-1391,Zanele Molefe,Jacket,Clothing,1,1176.54,0,,Store
ORD-103136,2025-05-11,CUST-1046,Tshepo Nkosi,Laptop,Electronics,2,11680.38,5,Johannesburg,Online
ORD-103137,2025-05-22,CUST-1044,Thabo Dlamini,T-Shirt,Clothing,5,344.61,25,Cape Town,Online
ORD-103138,2025-04-11,CUST-1039,Ayanda Ndlovu,Bookshelf,Furniture,1,1962.06,10,Bloemfontein,Store
ORD-103139,2025-03-30,CUST-1357,Ayanda Dlamini,Bookshelf,Furniture,3,1942.5,5,Pretoria,Store
ORD-103140,2025-07-03,CUST-1141,Zanele Khumalo,Bookshelf,Furniture,1,1873.4,10,Pretoria,Store
ORD-103141,2025-05-18,CUST-1148,Anele Dlamini,Bookshelf,Furniture,2,2021.45,10,Durban,Store
ORD-103142,2025-04-18,CUST-1006,Ayanda Khumalo,Desk,Furniture,1,3681.94,5,Cape Town,Mobile App
ORD-103143,2025-05-31,CUST-1438,Lebo Mthembu,Desk,Furniture,2,3669.75,5,Gqeberha,Online
ORD-103144,2025-05-06,CUST-1196,Naledi Dlamini,T-Shirt,Clothing,3,328.83,10,Gqeberha,Store
ORD-103145,2025-03-25,CUST-1359,Karabo Mthembu,Sneakers,Clothing,1,1140.02,0,Cape Town,Mobile App
ORD-103146,2025-06-15,CUST-1319,Sipho Khumalo,T-Shirt,Clothing,1,360.85,10,Gqeberha,Online
ORD-103147,2025-12-10,CUST-1064,Tshepo Mahlangu,Jeans,Clothing,1,730.67,10,Pretoria,Store
ORD-103148,2025-07-04,CUST-1361,Lebo Mthembu,Coffee Maker,Appliances,1,1455.45,15,Bloemfontein,Mobile App
ORD-103149,2025-08-07,CUST-1248,Zanele Khumalo,Kettle,Appliances,3,642.74,25,Gqeberha,Mobile App
ORD-103150,2025-12-26,CUST-1272,Zanele Nkosi,Smartphone,Electronics,5,7333.56,15,Gqeberha,Store
ORD-103151,2025-08-12,CUST-1091,Zanele Molefe,Jacket,Clothing,1,1256.71,5,Gqeberha,Online
ORD-103152,2025-03-23,CUST-1382,Lebo Mthembu,Headphones,Electronics,2,887.35,0,Gqeberha,Mobile App
ORD-103153,2025-05-26,CUST-1420,Zanele Mahlangu,Tablet,Electronics,2,4711.01,10,Pretoria,Mobile App
ORD-103154,2025-06-28,CUST-1183,Anele Mokoena,Sneakers,Clothing,2,1097.95,15,Cape Town,Mobile App
ORD-103155,2025-06-23,CUST-1042,Sipho Mahlangu,Smartphone,Electronics,1,7476.03,20,Gqeberha,Mobile App
ORD-103156,2025-02-24,CUST-1382,Lebo Mthembu,Coffee Maker,Appliances,4,1334.74,15,Cape Town,Mobile App
ORD-103157,2025-02-08,CUST-1400,Lebo Mokoena,Sneakers,Clothing,2,1083.32,0,Gqeberha,Mobile App
ORD-103158,2025-05-08,CUST-1228,Lerato Mahlangu,Kettle,Appliances,3,R648.92,15,Bloemfontein,Online
ORD-103159,2025-11-30,CUST-1261,Ayanda Khumalo,Jacket,Clothing,2,1275.78,20,Cape Town,Store
ORD-103160,2025-09-19,CUST-1101,Lebo Khumalo,Microwave,Appliances,2,2116.95,10,Bloemfontein,Store
ORD-103161,2025-11-04,CUST-1031,Karabo Mokoena,Smartphone,Electronics,4,6808.25,10,Bloemfontein,Mobile App
ORD-103162,2025-03-05,CUST-1425,Naledi Mahlangu,Microwave,Appliances,4,2250.4,5,Pretoria,Online
ORD-103163,2025-06-01,CUST-1218,Tshepo Dlamini,Tablet,Electronics,4,5003.2,10,Bloemfontein,Store
ORD-103164,2025-08-01,CUST-1124,Lebo Nkosi,Monitor,Electronics,1,3313.95,0,Gqeberha,Store
ORD-103165,2025-06-08,CUST-1312,Ayanda Dlamini,Smartphone,Electronics,5,6693.66,0,Pretoria,Online
ORD-103166,2025-06-02,CUST-1012,Naledi Mahlangu,Desk,Furniture,3,3754.8,15,Johannesburg,Mobile App
ORD-103167,2025-05-12,CUST-1036,Ayanda Mokoena,Sneakers,Clothing,3,1144.68,25,Gqeberha,Online
ORD-103168,2025-01-19,CUST-1110,Sipho Mahlangu,Monitor,Electronics,3,3356.24,20,Durban,Store
ORD-103169,2025-11-09,CUST-1203,Lebo Molefe,Coffee Maker,Appliances,5,1391.83,0,Johannesburg,Online
ORD-103170,2025-12-07,CUST-1166,Naledi Mokoena,Jeans,Clothing,2,730.19,0,Durban,Mobile App
ORD-103171,2025-01-30,CUST-1085,Lerato Mokoena,Jeans,Clothing,3,672.4,0,Cape Town,Mobile App
ORD-103172,2025-05-31,CUST-1159,Naledi Ndlovu,Kettle,Appliances,3,660.91,20,Durban,Online
ORD-103173,2025-07-09,CUST-1151,Lerato Dlamini,Desk,Furniture,3,3481.55,10,Bloemfontein,Mobile App
ORD-103174,2025-10-14,CUST-1237,Zanele Nkosi,Office Chair,Furniture,3,2703.39,25,Johannesburg,Online
ORD-103175,2025-12-27,CUST-1254,Zanele Mokoena,Kettle,Appliances,1,688.89,0,Gqeberha,Store
ORD-103176,2025-06-01,CUST-1398,Lerato Dlamini,T-Shirt,Clothing,1,364.47,10,Pretoria,Store
ORD-103177,2025-10-01,CUST-1364,Anele Mahlangu,Jeans,Clothing,3,701.84,15,Gqeberha,Mobile App
ORD-103178,2025-12-09,CUST-1132,Zanele Ndlovu,Monitor,Electronics,3,2960.46,0,Bloemfontein,Online
ORD-103179,2025-10-31,CUST-1407,Lebo Khumalo,Headphones,Electronics,3,969.38,25,Durban,Mobile App
ORD-103180,2025-04-17,CUST-1235,Lebo Khumalo,Tablet,Electronics,3,4718.32,10,Cape Town,Mobile App
ORD-103181,2025-10-26,CUST-1085,Lerato Mokoena,Headphones,Electronics,3,988.8,0,Durban,Store
ORD-103182,2025-05-31,CUST-1154,Lerato Mahlangu,Tablet,Electronics,2,4745.59,0,Pretoria,Online
ORD-103183,2025-01-07,CUST-1334,Lerato Mthembu,Sneakers,Clothing,2,1120.27,20,Bloemfontein,Online
ORD-103184,2025-10-04,CUST-1370,Thabo Mthembu,Laptop,Electronics,2,12358.15,10,Bloemfontein,Online
ORD-103185,2025-11-01,CUST-1169,Tshepo Dlamini,Jeans,Clothing,4,751.1,15,Johannesburg,Store
ORD-103186,2025-05-06,CUST-1071,Thabo Mthembu,Kettle,Appliances,2,648.88,15,Bloemfontein,Store
ORD-103187,2025-06-14,CUST-1087,Thabo Dlamini,Sneakers,Clothing,4,1036.15,5,Pretoria,Store
ORD-103188,2025-05-13,CUST-1047,Anele Mokoena,Desk,Furniture,5,3760.7,15,Cape Town,Store
ORD-103189,2025-02-12,CUST-1315,Ayanda Khumalo,Laptop,Electronics,2,12374.83,20,Durban,Mobile App
ORD-103190,2025-12-30,CUST-1227,Sipho Ndlovu,Coffee Maker,Appliances,3,1242.9,0,Cape Town,Mobile App
ORD-103191,2025-01-09,CUST-1204,Lebo Dlamini,Laptop,Electronics,2,11619.07,15,Durban,Mobile App
ORD-103192,2025-07-22,CUST-1303,Lebo Mahlangu,Jacket,Clothing,2,1339.51,0,Gqeberha,Mobile App
ORD-103193,2025-01-06,CUST-1373,Anele Mokoena,Jacket,Clothing,1,1153.92,0,Durban,Store
ORD-103194,2025-09-09,CUST-1358,Thabo Nkosi,Tablet,Electronics,1,5052.52,5,Bloemfontein,Store
ORD-103195,2025-11-25,CUST-1062,Lerato Molefe,Sneakers,Clothing,2,1075.35,20,Cape Town,Store
ORD-103196,2025-08-23,CUST-1266,Lebo Dlamini,Tablet,Electronics,2,4477.97,0,Cape Town,Store
ORD-103197,2025-08-10,CUST-1398,Lerato Dlamini,Headphones,Electronics,1,878.23,5,Cape Town,Store
ORD-103198,2025-10-30,CUST-1349,Karabo Ndlovu,Coffee Maker,Appliances,2,1326.34,10,Pretoria,Online
ORD-103199,2025-12-22,CUST-1149,Lerato Mokoena,Kettle,Appliances,2,599.81,0,Johannesburg,Mobile App
ORD-103200,2025-11-11,CUST-1177,Lerato Mthembu,Headphones,Electronics,2,958.56,15,Durban,Store
ORD-103201,2025-03-26,CUST-1401,Lebo Dlamini,Microwave,Appliances,4,2298.33,25,Cape Town,Store
ORD-103202,2025-07-25,CUST-1015,Karabo Ndlovu,Microwave,Appliances,2,2169.41,0,Durban,Store
ORD-103203,2025-10-26,CUST-1237,Zanele Nkosi,Sneakers,Clothing,1,1056.44,0,Bloemfontein,Store
ORD-103204,2025-04-18,CUST-1053,Naledi Ndlovu,Tablet,Electronics,5,4573.89,25,Gqeberha,Mobile App
ORD-103205,2025-09-04,CUST-1403,Zanele Ndlovu,Monitor,Electronics,3,3204.9,0,Pretoria,Online
ORD-103206,2025-01-09,CUST-1018,Anele Mthembu,Jacket,Clothing,2,1277.93,0,Cape Town,Online
ORD-103207,2025-11-17,CUST-1011,Naledi Khumalo,Kettle,Appliances,4,643.14,25,Bloemfontein,Mobile App
ORD-103208,2025-08-13,CUST-1149,Lerato Mokoena,Coffee Maker,Appliances,1,1407.86,20,Durban,Mobile App
ORD-103209,2025-09-29,CUST-1091,Zanele Molefe,Desk,Furniture,3,3583.07,10,Pretoria,Store
ORD-103210,2025-10-29,CUST-1223,Lerato Nkosi,Headphones,Electronics,1,875.72,10,Johannesburg,Store
ORD-103211,2025-03-21,CUST-1135,Karabo Nkosi,Kettle,Appliances,3,658.01,20,Durban,Online
ORD-103212,2025-06-14,CUST-1161,Tshepo Mahlangu,Monitor,Electronics,1,3014.17,10,Gqeberha,Online
ORD-103213,2025-11-10,CUST-1255,Ayanda Mokoena,Office Chair,Furniture,3,2689.42,10,Bloemfontein,Online
ORD-103214,2025-03-02,CUST-1253,Ayanda Dlamini,Kettle,Appliances,1,641.41,20,Johannesburg,Store
ORD-103215,2025-10-28,CUST-1421,Zanele Mthembu,T-Shirt,Clothing,1,346.48,10,Durban,Online
ORD-103216,2025-04-16,CUST-1217,Anele Molefe,Headphones,Electronics,1,953.58,5,Bloemfontein,Mobile App
ORD-103217,2025-07-30,CUST-1254,Zanele Mokoena,Laptop,Electronics,3,12082.43,5,Bloemfontein,Online
ORD-103218,2025-07-06,CUST-1306,Zanele Mahlangu,Desk,Furniture,1,3624.67,5,Bloemfontein,Online
ORD-103219,2025-09-08,CUST-1079,Sipho Nkosi,Kettle,Appliances,2,633.13,5,Durban,Store
ORD-103220,2025-11-02,CUST-1301,Naledi Nkosi,Desk,Furniture,1,3534.51,5,Cape Town,Mobile App
ORD-103221,2025-05-08,CUST-1388,Ayanda Dlamini,Jacket,Clothing,3,1319.8,5,Johannesburg,Store
ORD-103222,2025-03-04,CUST-1144,Lebo Nkosi,Headphones,Electronics,1,942.06,15,Gqeberha,Mobile App
ORD-103223,2025-06-04,CUST-1081,Karabo Mthembu,Sneakers,Clothing,4,1100.54,5,Pretoria,Mobile App
ORD-103224,2025-08-12,CUST-1156,Anele Mokoena,Sneakers,Clothing,1,1146.25,0,Johannesburg,Online
ORD-103225,2025-10-01,CUST-1124,Lebo Nkosi,Jeans,Clothing,1,669.66,0,Bloemfontein,Online
ORD-103226,2025-10-02,CUST-1264,Thabo Dlamini,Sneakers,Clothing,1,1153.88,0,Pretoria,Online
ORD-103227,2025-05-05,CUST-1389,Naledi Dlamini,T-Shirt,Clothing,1,359.84,15,Gqeberha,Store
ORD-103228,2025-12-08,CUST-1269,Lebo Nkosi,Office Chair,Furniture,2,2946.05,5,Gqeberha,Mobile App
ORD-103229,2025-01-31,CUST-1057,Lebo Mthembu,Sneakers,Clothing,1,1023.22,0,Durban,Store
ORD-103230,2025-02-12,CUST-1142,Tshepo Nkosi,Coffee Maker,Appliances,4,1354.34,15,Bloemfontein,Mobile App
ORD-103231,2025-01-10,CUST-1311,Ayanda Molefe,Coffee Maker,Appliances,2,1396.23,0,Durban,Store
ORD-103232,2025-12-05,CUST-1149,Lerato Mokoena,Headphones,Electronics,1,996.87,0,Bloemfontein,Store
ORD-103233,2025-03-07,CUST-1264,Thabo Dlamini,Jacket,Clothing,2,1161.13,15,Durban,Mobile App
ORD-103234,2025-08-08,CUST-1313,Ayanda Molefe,Laptop,Electronics,1,12553.19,10,Cape Town,Mobile App
ORD-103235,2025-10-24,CUST-1149,Lerato Mokoena,T-Shirt,Clothing,1,343.96,15,Gqeberha,Store
ORD-103236,2025-10-07,CUST-1292,Karabo Ndlovu,T-Shirt,Clothing,2,340.54,15,Pretoria,Store
ORD-103237,2025-12-13,CUST-1180,Anele Dlamini,Office Chair,Furniture,1,2642.03,25,Durban,Mobile App
ORD-103238,2025-01-20,CUST-1061,Zanele Nkosi,Kettle,Appliances,1,627.15,0,Pretoria,Online
ORD-103239,2025-05-29,CUST-1168,Sipho Dlamini,Microwave,Appliances,4,2148.67,15,Gqeberha,Store
ORD-103240,2025-07-04,CUST-1199,Anele Dlamini,Laptop,Electronics,2,12652.33,10,Pretoria,Mobile App
ORD-103241,2025-09-12,CUST-1002,Thabo Mthembu,Headphones,Electronics,4,976.7,0,Bloemfontein,Store
ORD-103242,2025-08-16,CUST-1402,Karabo Mokoena,Headphones,Electronics,1,947.25,20,Pretoria,Online
ORD-103243,2025-07-24,CUST-1238,Naledi Molefe,Microwave,Appliances,4,2207.57,5,Pretoria,Mobile App
ORD-103244,2025-04-22,CUST-1017,Anele Mokoena,Bookshelf,Furniture,1,1887.98,20,Pretoria,Mobile App
ORD-103245,2025-02-08,CUST-1391,Zanele Molefe,Jacket,Clothing,1,1181.16,10,Johannesburg,Mobile App
ORD-103246,2025-06-07,CUST-1385,Lebo Ndlovu,Coffee Maker,Appliances,3,1394.93,5,Bloemfontein,Mobile App
ORD-103247,2025-04-05,CUST-1006,Ayanda Khumalo,Sneakers,Clothing,1,1128.66,0,Durban,Online
ORD-103248,2025-07-22,CUST-1074,Naledi Molefe,Smartphone,Electronics,2,7478.92,20,Pretoria,Store
ORD-103249,2025-10-18,CUST-1164,Karabo Nkosi,Tablet,Electronics,3,4818.57,10,Bloemfontein,Online
ORD-103250,2025-07-21,CUST-1229,Sipho Mokoena,Office Chair,Furniture,2,2660.39,0,Durban,Mobile App
ORD-103251,2025-08-01,CUST-1327,Lerato Mokoena,Office Chair,Furniture,2,2717.36,0,Johannesburg,Store
ORD-103252,2025-01-16,CUST-1191,Ayanda Ndlovu,Sneakers,Clothing,2,1045.3,15,Johannesburg,Store
ORD-103253,2025-08-24,CUST-1276,Karabo Mahlangu,Tablet,Electronics,1,4984.86,0,Johannesburg,Mobile App
ORD-103254,2025-06-10,CUST-1005,Lebo Ndlovu,Office Chair,Furniture,5,2827.8,10,Bloemfontein,Online
ORD-103255,2025-02-15,CUST-1297,Zanele Ndlovu,Headphones,Electronics,1,884.79,10,Durban,Online
ORD-103256,2025-03-20,CUST-1412,Lerato Dlamini,Tablet,Electronics,1,4890.9,0,Johannesburg,Mobile App
ORD-103257,2025-10-12,CUST-1237,Zanele Nkosi,Tablet,Electronics,1,4476.82,10,Durban,Store
ORD-103258,2025-12-01,CUST-1205,Naledi Ndlovu,Tablet,Electronics,4,4928.44,0,Pretoria,Store
ORD-103259,2025-07-05,CUST-1134,Sipho Mthembu,T-Shirt,Clothing,3,358.49,25,Johannesburg,Store
ORD-103260,2025-12-23,CUST-1430,Thabo Mahlangu,Desk,Furniture,2,3465.81,20,Bloemfontein,Store
ORD-103261,2025-03-07,CUST-1015,Karabo Ndlovu,Desk,Furniture,5,3531.76,0,Pretoria,Mobile App
ORD-103262,2025-04-20,CUST-1130,Zanele Mthembu,Bookshelf,Furniture,1,1800.17,5,Johannesburg,Store
ORD-103263,2025-12-06,CUST-1063,Ayanda Khumalo,Sneakers,Clothing,4,1180.8,5,Pretoria,Store
ORD-103264,2025-03-05,CUST-1390,Sipho Mahlangu,Coffee Maker,Appliances,1,1293.24,25,Durban,Mobile App
ORD-103265,2025-08-29,CUST-1218,Tshepo Dlamini,Bookshelf,Furniture,2,1822.22,5,Johannesburg,Mobile App
ORD-103266,2025-03-22,CUST-1416,Anele Mokoena,Jeans,Clothing,1,656.27,10,Durban,Mobile App
ORD-103267,2025-05-01,CUST-1300,Lebo Mthembu,Sneakers,Clothing,5,1043.78,20,Durban,Store
ORD-103268,2025-06-24,CUST-1251,Lebo Nkosi,Jacket,Clothing,4,1343.12,0,Bloemfontein,Store
ORD-103269,2025-05-12,CUST-1233,Naledi Nkosi,Tablet,Electronics,2,4618.75,10,Cape Town,Online
ORD-103270,2025-11-16,CUST-1092,Ayanda Molefe,Kettle,Appliances,1,598.71,0,Pretoria,Online
ORD-103271,2025-12-22,CUST-1253,Ayanda Dlamini,Tablet,Electronics,1,4820.62,10,Bloemfontein,Store
ORD-103272,2025-07-02,CUST-1309,Karabo Mthembu,Desk,Furniture,2,3843.0,5,Cape Town,Mobile App
ORD-103273,2025-07-11,CUST-1435,Zanele Mokoena,Jeans,Clothing,1,747.57,25,Pretoria,Store
ORD-103274,2025-01-21,CUST-1248,Zanele Khumalo,Desk,Furniture,1,3569.28,5,Gqeberha,Store
ORD-103275,2025-03-27,CUST-1423,Karabo Ndlovu,Headphones,Electronics,2,930.57,0,Bloemfontein,Online
ORD-103276,2025-01-15,CUST-1426,Zanele Nkosi,Microwave,Appliances,3,2318.5,15,Cape Town,Mobile App
ORD-103277,2025-11-09,CUST-1236,Tshepo Dlamini,Smartphone,Electronics,4,6999.16,15,Bloemfontein,Store
ORD-103278,2025-03-24,CUST-1198,Tshepo Khumalo,Headphones,Electronics,2,908.27,10,Cape Town,Store
ORD-103279,2025-05-05,CUST-1065,Zanele Mokoena,Kettle,Appliances,1,635.27,15,Gqeberha,Mobile App
ORD-103280,2025-11-04,CUST-1121,Sipho Dlamini,Jacket,Clothing,2,1255.67,0,Gqeberha,Store
ORD-103281,2025-09-18,CUST-1396,Tshepo Dlamini,Smartphone,Electronics,1,7487.56,10,Johannesburg,Mobile App
ORD-103282,2025-08-15,CUST-1063,Ayanda Khumalo,Sneakers,Clothing,2,1155.87,0,Johannesburg,Store
ORD-103283,2025-01-15,CUST-1179,Anele Ndlovu,Kettle,Appliances,3,635.07,0,Pretoria,Store
ORD-103284,2025-07-25,CUST-1315,Ayanda Khumalo,Smartphone,Electronics,2,7565.03,20,Cape Town,Mobile App
ORD-103285,2025-07-24,CUST-1109,Thabo Nkosi,Desk,Furniture,2,3575.38,15,Johannesburg,Mobile App
ORD-103286,2025-04-27,CUST-1439,Ayanda Mahlangu,Bookshelf,Furniture,4,1837.1,0,Bloemfontein,Online
ORD-103287,2025-09-29,CUST-1293,Ayanda Dlamini,Smartphone,Electronics,2,6915.52,0,Durban,Online
ORD-103288,2025-12-06,CUST-1013,Lebo Ndlovu,Headphones,Electronics,2,951.43,25,Bloemfontein,Store
ORD-103289,2025-04-05,CUST-1112,Naledi Mahlangu,Tablet,Electronics,3,4936.92,0,Johannesburg,Store
ORD-103290,2025-05-01,CUST-1334,Lerato Mthembu,Tablet,Electronics,2,4544.92,0,Pretoria,Mobile App
ORD-103291,2025-04-28,CUST-1389,Naledi Dlamini,Desk,Furniture,1,3419.94,0,Bloemfontein,Online
ORD-103292,2025-11-01,CUST-1418,Ayanda Mthembu,Desk,Furniture,3,3870.83,0,Pretoria,Online
ORD-103293,not available,CUST-1384,Lebo Dlamini,Headphones,Electronics,4,925.95,0,Gqeberha,Store
ORD-103294,2025-11-24,CUST-1034,Lebo Dlamini,Monitor,Electronics,1,3133.63,25,Pretoria,Store
ORD-103295,2025-10-10,CUST-1329,Naledi Mokoena,Tablet,Electronics,1,4971.05,0,,Store
ORD-103296,2025-06-26,CUST-1050,Naledi Mahlangu,Sneakers,Clothing,3,1103.23,5,Bloemfontein,Mobile App
ORD-103297,2025-08-01,CUST-1035,Thabo Ndlovu,Headphones,Electronics,2,890.43,15,Johannesburg,Store
ORD-103298,2025-11-23,CUST-1312,Ayanda Dlamini,Microwave,Appliances,2,2108.15,10,Johannesburg,Online
ORD-103299,2025-10-08,CUST-1216,Naledi Mthembu,T-Shirt,Clothing,3,376.83,15,Durban,Mobile App
ORD-103300,2025-04-12,CUST-1292,Karabo Ndlovu,Coffee Maker,Appliances,3,1288.7,10,Gqeberha,Store
ORD-103301,2025-01-19,CUST-1384,Lebo Dlamini,Jeans,Clothing,2,669.31,10,Gqeberha,Mobile App
ORD-103302,2025-08-29,CUST-1031,Karabo Mokoena,Headphones,Electronics,1,927.27,10,Bloemfontein,Mobile App
ORD-103303,2025-02-23,CUST-1238,Naledi Molefe,Jeans,Clothing,1,667.25,15,Bloemfontein,Store
ORD-103304,2025-02-02,CUST-1376,Ayanda Mthembu,Monitor,Electronics,3,3421.09,15,Cape Town,Mobile App
ORD-103305,2025-12-25,CUST-1199,Anele Dlamini,Smartphone,Electronics,5,6961.73,15,Durban,Store
ORD-103306,2025-06-22,CUST-1236,Tshepo Dlamini,Headphones,Electronics,2,1008.32,0,Pretoria,Mobile App
ORD-103307,2025-08-26,CUST-1225,Anele Molefe,Monitor,Electronics,1,3270.29,10,Pretoria,Store
ORD-103308,2025-03-21,CUST-1409,Sipho Mahlangu,Tablet,Electronics,4,5123.31,15,Cape Town,Store
ORD-103309,2025-02-07,CUST-1023,Zanele Nkosi,Laptop,Electronics,2,11863.56,0,Bloemfontein,Store
ORD-103310,2025-01-23,CUST-1396,Tshepo Dlamini,Kettle,Appliances,3,673.8,20,Johannesburg,Store
ORD-103311,2025-05-10,CUST-1368,Lerato Mahlangu,Bookshelf,Furniture,1,1843.23,0,Cape Town,Store
ORD-103312,2025-01-02,CUST-1366,Ayanda Ndlovu,Desk,Furniture,3,3571.33,0,Cape Town,Mobile App
ORD-103313,2025-06-03,CUST-1186,Lebo Mokoena,Microwave,Appliances,3,2147.95,20,Cape Town,Mobile App
ORD-103314,2025-04-29,CUST-1233,Naledi Nkosi,Headphones,Electronics,3,958.37,0,Johannesburg,Online
ORD-103315,2025-07-12,CUST-1167,Sipho Mthembu,Desk,Furniture,1,3582.58,5,Gqeberha,Online
ORD-103316,2025-08-04,CUST-1114,Tshepo Mahlangu,Coffee Maker,Appliances,?,1412.6,5,Bloemfontein,Mobile App
ORD-103317,2025-04-23,CUST-1394,Ayanda Mahlangu,Jeans,Clothing,2,649.66,20,Bloemfontein,Store
ORD-103318,2025-06-16,CUST-1228,Lerato Mahlangu,Office Chair,Furniture,5,3006.77,5,,Online
ORD-103319,2025-01-29,CUST-1326,Zanele Ndlovu,Headphones,Electronics,1,1011.45,10,Durban,Online
ORD-103320,2025-04-21,CUST-1046,Tshepo Nkosi,Laptop,Electronics,2,11513.2,15,Durban,Store
ORD-103321,2025-12-24,CUST-1356,Sipho Khumalo,Smartphone,Electronics,3,6899.61,10,Gqeberha,Mobile App
ORD-103322,2025-12-28,CUST-1297,Zanele Ndlovu,Tablet,Electronics,2,4933.57,25,Pretoria,Mobile App
ORD-103323,2025-06-27,CUST-1449,Zanele Dlamini,Sneakers,Clothing,1,1130.5,15,Gqeberha,Mobile App
ORD-103324,2025-12-09,CUST-1061,Zanele Nkosi,Jeans,Clothing,1,727.68,5,Bloemfontein,Mobile App
ORD-103325,2025-07-02,CUST-1244,Sipho Molefe,Desk,Furniture,2,3792.54,25,Gqeberha,Store
ORD-103326,2025-02-15,CUST-1231,Karabo Mokoena,Sneakers,Clothing,5,1073.72,5,Pretoria,Store
ORD-103327,2025-11-13,CUST-1243,Sipho Mokoena,Tablet,Electronics,2,4754.1,0,Bloemfontein,Online
ORD-103328,2025-06-01,CUST-1025,Anele Ndlovu,Headphones,Electronics,5,937.15,0,Cape Town,Store
ORD-103329,2025-08-12,CUST-1213,Lebo Molefe,Office Chair,Furniture,1,2625.79,10,Gqeberha,Mobile App
ORD-103330,2025-08-25,CUST-1135,Karabo Nkosi,Microwave,Appliances,2,2290.28,0,Pretoria,Store
ORD-103331,2025-04-23,CUST-1278,Naledi Mahlangu,Jeans,Clothing,4,749.85,10,Cape Town,Mobile App
ORD-103332,2025-09-25,CUST-1105,Karabo Mahlangu,Coffee Maker,Appliances,4,1427.05,5,Cape Town,Online
ORD-103333,2025-07-02,CUST-1196,Naledi Dlamini,Headphones,Electronics,1,930.43,10,Pretoria,Store
ORD-103334,2025-05-14,CUST-1280,Lerato Ndlovu,Coffee Maker,Appliances,3,1397.24,0,Pretoria,Store
ORD-103335,2025-04-19,CUST-1029,Thabo Molefe,Smartphone,Electronics,5,7405.49,20,Cape Town,Mobile App
ORD-103336,2025-09-30,CUST-1355,Anele Molefe,Headphones,Electronics,3,1018.16,5,Gqeberha,Store
ORD-103337,2025-04-02,CUST-1323,Naledi Ndlovu,Bookshelf,Furniture,2,2022.83,0,Pretoria,Mobile App
ORD-103338,2025-02-15,CUST-1026,Naledi Mthembu,Laptop,Electronics,1,12175.85,5,Cape Town,Mobile App
ORD-103339,2025-11-18,CUST-1030,Thabo Ndlovu,Coffee Maker,Appliances,1,1267.35,5,Pretoria,Online
ORD-103340,2025-05-02,CUST-1383,Tshepo Khumalo,Microwave,Appliances,2,2373.32,10,Durban,Store
ORD-103341,2025-08-22,CUST-1128,Zanele Mahlangu,T-Shirt,Clothing,2,347.79,5,Bloemfontein,Mobile App
ORD-103342,2025-09-19,CUST-1388,Ayanda Dlamini,Monitor,Electronics,1,3129.26,0,Johannesburg,Online
ORD-103343,2025-11-02,CUST-1225,Anele Molefe,Smartphone,Electronics,1,6713.65,20,Gqeberha,Store
ORD-103344,2025-08-17,CUST-1155,Lebo Mthembu,Jeans,Clothing,2,666.37,5,Gqeberha,Online
ORD-103345,2025-09-16,CUST-1124,Lebo Nkosi,T-Shirt,Clothing,2,367.53,0,Cape Town,Online
ORD-103346,2025-11-02,CUST-1297,Zanele Ndlovu,Sneakers,Clothing,2,R1113.97,15,Pretoria,Online
ORD-103347,2025-12-11,CUST-1050,Naledi Mahlangu,Jeans,Clothing,2,700.63,10,Pretoria,Store
ORD-103348,2025-01-18,CUST-1182,Karabo Ndlovu,Smartphone,Electronics,1,7142.24,10,Pretoria,Store
ORD-103349,2025-09-29,CUST-1156,Anele Mokoena,Smartphone,Electronics,4,6982.22,5,Durban,Online
ORD-103350,2025-03-05,CUST-1070,Ayanda Nkosi,Sneakers,Clothing,2,1032.36,5,Durban,Store
ORD-103351,2025-11-22,CUST-1159,Naledi Ndlovu,Tablet,Electronics,1,4522.62,10,Pretoria,Online
ORD-103352,2025-01-18,CUST-1238,Naledi Molefe,Kettle,Appliances,2,615.14,0,Durban,Mobile App
ORD-103353,2025-04-01,CUST-1305,Karabo Ndlovu,Smartphone,Electronics,2,7142.07,0,Durban,Store
ORD-103354,2025-03-12,CUST-1039,Ayanda Ndlovu,Jacket,Clothing,2,1266.59,25,Durban,Store
ORD-103355,2025-08-09,CUST-1393,Zanele Dlamini,Kettle,Appliances,2,629.04,10,Gqeberha,Store
ORD-103356,2025-01-02,CUST-1396,Tshepo Dlamini,Desk,Furniture,2,3620.06,5,Cape Town,Store
ORD-103357,2025-01-07,CUST-1312,Ayanda Dlamini,Laptop,Electronics,3,11773.23,0,Cape Town,Mobile App
ORD-103358,2025-07-04,CUST-1416,Anele Mokoena,Microwave,Appliances,1,2281.81,15,Durban,Online
ORD-103359,2025-12-21,CUST-1193,Lerato Khumalo,Tablet,Electronics,1,5111.58,0,Cape Town,Online
ORD-103360,2025-07-12,CUST-1370,Thabo Mthembu,Bookshelf,Furniture,1,1777.71,0,Bloemfontein,Online
ORD-103361,2025-06-12,CUST-1328,Tshepo Khumalo,Kettle,Appliances,2,695.04,0,Cape Town,Online
ORD-103362,2025-08-29,CUST-1254,Zanele Mokoena,Sneakers,Clothing,2,1150.51,15,Durban,Store
ORD-103363,2025-07-21,CUST-1081,Karabo Mthembu,Laptop,Electronics,3,12536.45,10,Cape Town,Store
ORD-103364,2025-05-21,CUST-1251,Lebo Nkosi,Coffee Maker,Appliances,1,1262.07,0,Durban,Mobile App
ORD-103365,2025-08-03,CUST-1406,Lerato Mthembu,Tablet,Electronics,2,4719.19,0,Bloemfontein,Store
ORD-103366,2025-01-02,CUST-1444,Thabo Mthembu,Sneakers,Clothing,1,1021.11,10,Bloemfontein,Mobile App
ORD-103367,2025-03-31,CUST-1202,Lerato Dlamini,jeans,Clothing,2,721.53,10,Pretoria,Store
ORD-103368,2025-09-03,CUST-1112,Naledi Mahlangu,Monitor,Electronics,3,3198.11,10,Gqeberha,Store
ORD-103369,2025-05-05,CUST-1337,Sipho Khumalo,Desk,Furniture,1,3509.22,0,Durban,Online
ORD-103370,2025-01-20,CUST-1035,Thabo Ndlovu,Smartphone,Electronics,1,7415.09,15,Cape Town,Online
ORD-103371,2025-02-15,CUST-1068,Sipho Ndlovu,Kettle,Appliances,3,598.15,20,Durban,Online
ORD-103372,2025-11-13,CUST-1253,Ayanda Dlamini,Headphones,Electronics,3,904.92,10,Durban,Store
ORD-103373,2025-05-01,CUST-1446,Ayanda Molefe,Monitor,Electronics,1,3292.75,0,Pretoria,Store
ORD-103374,2025-01-09,CUST-1148,Anele Dlamini,Bookshelf,Furniture,4,1872.23,10,Cape Town,Store
ORD-103375,2025-09-24,CUST-1200,Anele Mthembu,Jacket,Clothing,5,1269.37,0,Johannesburg,Mobile App
ORD-103376,2025-07-13,CUST-1146,Thabo Mthembu,Bookshelf,Furniture,3,1997.0,0,Johannesburg,Mobile App
ORD-103377,2025-06-14,CUST-1199,Anele Dlamini,Bookshelf,Furniture,1,2004.63,0,Gqeberha,Mobile App
ORD-103378,2025-11-23,CUST-1004,Thabo Molefe,T-Shirt,Clothing,2,353.1,20,Gqeberha,Store
ORD-103379,2025-04-25,CUST-1268,Tshepo Nkosi,Coffee Maker,Appliances,1,1399.08,5,Johannesburg,Online
ORD-103380,2025-07-28,CUST-1269,Lebo Nkosi,Office Chair,Furniture,4,2737.49,20,Durban,Mobile App
ORD-103381,2025-09-29,CUST-1143,Zanele Khumalo,Coffee Maker,Appliances,2,1354.92,5,Cape Town,Online
ORD-103382,2025-08-11,CUST-1119,Lebo Ndlovu,Sneakers,Clothing,1,1083.38,5,Durban,Online
ORD-103383,2025-03-17,CUST-1343,Lerato Dlamini,Kettle,Appliances,1,635.05,0,Pretoria,Store
ORD-103384,2025-09-06,CUST-1085,Lerato Mokoena,Microwave,Appliances,3,2201.81,10,Cape Town,Store
ORD-103385,2025-09-29,CUST-1022,Karabo Mokoena,Sneakers,Clothing,4,1015.23,0,Gqeberha,Store
ORD-103386,2025-02-14,CUST-1019,Zanele Ndlovu,headphones,Electronics,2,878.4,5,Cape Town,Store
ORD-103387,2025-03-02,CUST-1397,Zanele Mokoena,Sneakers,Clothing,2,1125.87,0,Durban,Online
ORD-103388,2025-09-04,CUST-1164,Karabo Nkosi,Sneakers,Clothing,3,1173.35,5,Johannesburg,Store
ORD-103389,2025-02-13,CUST-1046,Tshepo Nkosi,Monitor,Electronics,3,3055.41,10,Bloemfontein,Store
ORD-103390,2025-11-18,CUST-1396,Tshepo Dlamini,Jacket,Clothing,3,1169.38,0,Bloemfontein,Online
ORD-103391,2025-02-09,CUST-1067,Anele Ndlovu,Headphones,Electronics,2,1013.21,0,Pretoria,Mobile App
ORD-103392,2025-12-22,CUST-1152,Lebo Khumalo,Bookshelf,Furniture,2,1985.01,25,Bloemfontein,Store
ORD-103393,2025-09-03,CUST-1010,Ayanda Khumalo,Sneakers,Clothing,4,1171.59,0,Johannesburg,Mobile App
ORD-103394,2025-06-11,CUST-1306,Zanele Mahlangu,Tablet,Electronics,1,4460.67,0,Johannesburg,Online
ORD-103395,2025-04-08,CUST-1315,Ayanda Khumalo,Office Chair,Furniture,2,2753.31,0,Johannesburg,Store
ORD-103396,2025-05-06,CUST-1341,Lebo Khumalo,Sneakers,Clothing,1,1104.5,5,Gqeberha,Online
ORD-103397,2025-10-01,CUST-1119,Lebo Ndlovu,Desk,Furniture,2,3771.34,10,Gqeberha,Online
ORD-103398,2025-10-02,CUST-1148,Anele Dlamini,Kettle,Appliances,3,680.32,0,Johannesburg,Store
ORD-103399,2025-03-18,CUST-1423,Karabo Ndlovu,Laptop,Electronics,1,11510.27,5,Gqeberha,Mobile App
ORD-103400,2025-07-18,CUST-1370,Thabo Mthembu,Jacket,Clothing,2,1239.35,10,Johannesburg,Mobile App
ORD-103401,2025-12-29,CUST-1017,Anele Mokoena,Coffee Maker,Appliances,1,1431.74,0,Pretoria,Online
ORD-103402,2025-04-04,CUST-1312,Ayanda Dlamini,Microwave,Appliances,5,2116.28,25,Johannesburg,Online
ORD-103403,2025-09-11,CUST-1366,Ayanda Ndlovu,Tablet,Electronics,4,4491.27,25,Johannesburg,Mobile App
ORD-103404,2025-03-04,CUST-1252,Zanele Khumalo,Kettle,Appliances,2,681.78,0,Cape Town,Store
ORD-103405,2025-11-01,CUST-1288,Naledi Khumalo,Office Chair,Furniture,3,2883.91,0,Durban,Mobile App
ORD-103406,2025-03-04,CUST-1001,Sipho Mokoena,Office Chair,Furniture,1,2674.92,0,Johannesburg,Online
ORD-103407,2025-04-19,CUST-1014,Anele Molefe,Office Chair,Furniture,3,2945.2,0,Durban,Mobile App
ORD-103408,2025-06-17,CUST-1016,Zanele Khumalo,Jeans,Clothing,3,661.95,5,Bloemfontein,Store
ORD-103409,2025-05-16,CUST-1072,Karabo Khumalo,Jeans,Clothing,1,661.97,10,Gqeberha,Store
ORD-103410,2025-03-04,CUST-1446,Ayanda Molefe,Bookshelf,Furniture,5,1944.86,5,Johannesburg,Online
ORD-103411,2025-08-22,CUST-1286,Karabo Mthembu,Smartphone,Electronics,1,7523.52,0,Johannesburg,Store
ORD-103412,2025-01-08,CUST-1353,Lerato Khumalo,Kettle,Appliances,2,671.46,0,Gqeberha,Store
ORD-103413,2025-12-25,CUST-1134,Sipho Mthembu,Headphones,Electronics,2,942.52,25,Pretoria,Online
ORD-103414,2025-01-20,CUST-1422,Ayanda Mokoena,Smartphone,Electronics,3,6859.36,20,Bloemfontein,Mobile App
ORD-103415,2025-05-02,CUST-1090,Thabo Nkosi,T-Shirt,Clothing,1,357.95,0,Durban,Online
ORD-103416,2025-12-06,CUST-1407,Lebo Khumalo,Desk,Furniture,1,3869.05,10,Johannesburg,Mobile App
ORD-103417,2025-02-26,CUST-1014,Anele Molefe,Jeans,Clothing,2,658.2,5,Bloemfontein,Online
ORD-103418,2025-01-27,CUST-1010,Ayanda Khumalo,Microwave,Appliances,5,2215.5,10,Johannesburg,Online
ORD-103419,2025-09-29,CUST-1036,Ayanda Mokoena,Smartphone,Electronics,1,7734.92,10,Johannesburg,Store
ORD-103420,2025-01-27,CUST-1357,Ayanda Dlamini,Monitor,Electronics,2,2977.88,20,Johannesburg,Store
ORD-103421,2025-11-25,CUST-1116,Thabo Mokoena,bookshelf,Furniture,2,1815.48,0,Durban,Store
ORD-103422,2025-06-14,CUST-1204,Lebo Dlamini,Sneakers,Clothing,3,1055.48,0,Gqeberha,Mobile App
ORD-103423,2025-11-14,CUST-1213,Lebo Molefe,Jeans,Clothing,1,724.76,25,Cape Town,Mobile App
ORD-103424,2025-03-31,CUST-1356,Sipho Khumalo,Office Chair,Furniture,2,2664.69,0,Pretoria,Store
ORD-103425,2025-02-21,CUST-1157,Tshepo Molefe,Jeans,Clothing,5,734.21,0,Pretoria,Store
ORD-103426,2025-12-18,CUST-1004,Thabo Molefe,Kettle,Appliances,1,637.43,15,Bloemfontein,Mobile App
ORD-103427,2025-10-06,CUST-1174,Naledi Molefe,Bookshelf,Furniture,3,1982.34,15,Gqeberha,Mobile App
ORD-103428,2025-11-29,CUST-1130,Zanele Mthembu,Microwave,Appliances,4,2167.25,10,Cape Town,Store
ORD-103429,2025-04-27,CUST-1329,Naledi Mokoena,Sneakers,Clothing,2,1091.3,15,Cape Town,Store
ORD-103430,2025-05-28,CUST-1339,Thabo Nkosi,Monitor,Electronics,2,3009.38,10,Pretoria,Mobile App
ORD-103431,2025-07-30,CUST-1042,Sipho Mahlangu,Headphones,Electronics,1,933.36,0,Johannesburg,Store
ORD-103432,2025-06-13,CUST-1357,Ayanda Dlamini,Sneakers,Clothing,3,1162.84,10,Bloemfontein,Mobile App
ORD-103433,2025-03-30,CUST-1032,Naledi Molefe,Headphones,Electronics,4,904.13,15,,Store
ORD-103434,2025-05-17,CUST-1279,Ayanda Nkosi,Office Chair,Furniture,3,2798.09,20,Johannesburg,Online
ORD-103435,2025-08-11,CUST-1176,Sipho Mthembu,Headphones,Electronics,2,880.21,0,Cape Town,Store
ORD-103436,2025-01-14,CUST-1136,Sipho Molefe,Jeans,Clothing,2,731.34,0,Cape Town,Mobile App
ORD-103437,2025-05-03,CUST-1218,Tshepo Dlamini,Monitor,Electronics,2,3125.75,15,Bloemfontein,Store
ORD-103438,2025-04-17,CUST-1140,Tshepo Mokoena,Jeans,Clothing,1,662.26,0,Cape Town,Mobile App
ORD-103439,2025-01-26,CUST-1358,Thabo Nkosi,Kettle,Appliances,1,686.36,0,Durban,Mobile App
ORD-103440,2025-02-14,CUST-1436,Sipho Dlamini,Coffee Maker,Appliances,2,1348.99,15,Durban,Online
ORD-103441,2025-06-30,CUST-1368,Lerato Mahlangu,Kettle,Appliances,2,657.61,5,Pretoria,Store
ORD-103442,2025-02-07,CUST-1198,Tshepo Khumalo,Laptop,Electronics,1,12195.73,0,Cape Town,Online
ORD-103443,2025-05-06,CUST-1227,Sipho Ndlovu,Desk,Furniture,1,3354.13,0,Bloemfontein,Store
ORD-103444,2025-07-24,CUST-1202,Lerato Dlamini,Headphones,Electronics,2,1014.78,0,Gqeberha,Mobile App
ORD-103445,2025-11-15,CUST-1358,Thabo Nkosi,Microwave,Appliances,2,2291.72,15,Johannesburg,Online
ORD-103446,2025-02-06,CUST-1249,Naledi Nkosi,Jacket,Clothing,1,1296.91,5,Pretoria,Store
ORD-103447,2025-06-08,CUST-1211,Thabo Mthembu,Monitor,Electronics,1,2974.41,0,Pretoria,Store
ORD-103448,2025-02-07,CUST-1185,Naledi Khumalo,T-Shirt,Clothing,1,329.35,5,Bloemfontein,Mobile App
ORD-103449,2025-06-06,CUST-1169,Tshepo Dlamini,Jeans,Clothing,2,738.11,0,Pretoria,Online
ORD-103450,2025-06-25,CUST-1249,Naledi Nkosi,Bookshelf,Furniture,3,1934.02,0,Bloemfontein,Store
ORD-103451,2025-10-19,CUST-1311,Ayanda Molefe,Bookshelf,Furniture,4,1794.88,0,Cape Town,Store
ORD-103452,2025-06-11,CUST-1195,Ayanda Dlamini,Laptop,Electronics,3,13020.21,10,Durban,Mobile App
ORD-103453,2025-12-08,CUST-1363,Zanele Mthembu,Desk,Furniture,2,3397.95,0,Pretoria,Store
ORD-103454,2025-02-20,CUST-1373,Anele Mokoena,Office Chair,Furniture,4,2586.71,0,Durban,Online
ORD-103455,2025-01-20,CUST-1194,Ayanda Nkosi,Coffee Maker,Appliances,2,1259.51,5,Bloemfontein,Online
ORD-103456,2025-01-02,CUST-1410,Ayanda Mahlangu,Coffee Maker,Appliances,2,1314.09,5,Johannesburg,Store
ORD-103457,2025-05-11,CUST-1078,Zanele Mahlangu,Sneakers,Clothing,2,1134.83,0,Bloemfontein,Online
ORD-103458,2025-03-12,CUST-1420,Zanele Mahlangu,Laptop,Electronics,1,11780.79,0,Durban,Mobile App
ORD-103459,2025-02-03,CUST-1133,Tshepo Khumalo,Coffee Maker,Appliances,1,1431.1,0,Gqeberha,Online
ORD-103460,2025-03-28,CUST-1254,Zanele Mokoena,Office Chair,Furniture,1,R2738.52,5,Bloemfontein,Online
ORD-103461,2025-12-22,CUST-1128,Zanele Mahlangu,Desk,Furniture,4,3864.45,15,Cape Town,Store
ORD-103462,2025-10-20,CUST-1199,Anele Dlamini,Kettle,Appliances,1,608.2,0,Cape Town,Mobile App
ORD-103463,2025-01-07,CUST-1154,Lerato Mahlangu,Microwave,Appliances,3,2274.52,15,Pretoria,Online
ORD-103464,2025-12-01,CUST-1318,Naledi Mthembu,Laptop,Electronics,5,12142.92,15,Bloemfontein,Store
ORD-103465,2025-03-16,CUST-1037,Sipho Mahlangu,Office Chair,Furniture,2,2695.93,0,Bloemfontein,Online
ORD-103466,2025-05-29,CUST-1378,Thabo Khumalo,Sneakers,Clothing,1,1153.08,0,Bloemfontein,Mobile App
ORD-103467,2025-04-30,CUST-1407,Lebo Khumalo,T-Shirt,Clothing,2,360.79,0,Durban,Mobile App
ORD-103468,2025-05-28,CUST-1254,Zanele Mokoena,Headphones,Electronics,1,953.33,0,Cape Town,Store
ORD-103469,2025-10-05,CUST-1247,Lebo Mahlangu,Bookshelf,Furniture,5,1967.05,10,Johannesburg,Online
ORD-103470,2025-09-18,CUST-1315,Ayanda Khumalo,Coffee Maker,Appliances,3,1272.47,0,Gqeberha,Online
ORD-103471,2025-08-05,CUST-1090,Thabo Nkosi,Headphones,Electronics,4,985.37,15,Pretoria,Store
ORD-103472,2025-08-17,CUST-1338,Lebo Mokoena,Sneakers,Clothing,2,1091.23,5,Gqeberha,Store
ORD-103473,2025-09-23,CUST-1099,Lerato Mahlangu,Sneakers,Clothing,4,1157.65,15,Cape Town,Online
ORD-103474,2025-03-09,CUST-1305,Karabo Ndlovu,Microwave,Appliances,4,2158.9,15,Johannesburg,Mobile App
ORD-103475,2025-05-25,CUST-1138,Anele Mokoena,monitor,Electronics,1,3280.81,5,Gqeberha,Store
ORD-103476,2025-02-09,CUST-1336,Zanele Molefe,Headphones,Electronics,1,908.1,20,Gqeberha,Mobile App
ORD-103477,2025-09-15,CUST-1356,Sipho Khumalo,T-Shirt,Clothing,1,344.84,25,Johannesburg,Mobile App
ORD-103478,2025-06-09,CUST-1094,Naledi Mokoena,Bookshelf,Furniture,2,1984.46,5,Cape Town,Mobile App
ORD-103479,2025-08-21,CUST-1278,Naledi Mahlangu,Desk,Furniture,4,3321.75,0,Pretoria,Store
ORD-103480,2025-07-26,CUST-1225,Anele Molefe,Sneakers,Clothing,2,1057.66,5,Johannesburg,Online
ORD-103481,2025-04-10,CUST-1133,Tshepo Khumalo,Sneakers,Clothing,2,1059.49,0,Durban,Store
ORD-103482,2025-02-20,CUST-1265,Lerato Molefe,Headphones,Electronics,4,936.43,10,Johannesburg,Store
ORD-103483,2025-12-22,CUST-1447,Sipho Molefe,Sneakers,Clothing,1,1064.86,5,Gqeberha,Online
ORD-103484,2025-04-18,CUST-1002,Thabo Mthembu,Headphones,Electronics,1,928.81,5,Durban,Mobile App
ORD-103485,2025-02-09,CUST-1431,Karabo Mahlangu,Desk,Furniture,5,3312.1,15,Gqeberha,Mobile App
ORD-103486,2025-04-22,CUST-1386,Zanele Nkosi,Laptop,Electronics,4,12177.94,0,Gqeberha,Store
ORD-103487,2025-11-26,CUST-1239,Zanele Mokoena,Office Chair,Furniture,3,2917.16,10,Pretoria,Store
ORD-103488,2025-04-06,CUST-1275,Lebo Mahlangu,Kettle,Appliances,1,665.3,0,Cape Town,Mobile App
ORD-103489,2025-12-27,CUST-1167,Sipho Mthembu,Desk,Furniture,5,3329.2,15,Durban,Store
ORD-103490,2025-06-18,CUST-1059,Anele Mokoena,Jacket,Clothing,3,1335.37,10,Cape Town,Mobile App
ORD-103491,2025-11-11,CUST-1258,Anele Dlamini,Smartphone,Electronics,3,7334.59,0,Johannesburg,Online
ORD-103492,2025-08-27,CUST-1368,Lerato Mahlangu,Jeans,Clothing,1,681.02,10,Durban,Mobile App
ORD-103493,2025-01-17,CUST-1104,Karabo Ndlovu,Office Chair,Furniture,2,2888.83,0,Durban,Online
ORD-103494,2025-07-05,CUST-1323,Naledi Ndlovu,Sneakers,Clothing,3,1035.28,15,Pretoria,Mobile App
ORD-103495,2025-06-02,CUST-1337,Sipho Khumalo,Microwave,Appliances,4,2226.83,10,Durban,Mobile App
ORD-103496,2025-03-15,CUST-1342,Zanele Mahlangu,Bookshelf,Furniture,2,1871.57,5,Gqeberha,Store
ORD-103497,2025-07-20,CUST-1154,Lerato Mahlangu,Smartphone,Electronics,2,6958.95,10,Bloemfontein,Store
ORD-103498,2025-02-07,CUST-1177,Lerato Mthembu,Bookshelf,Furniture,4,1846.11,20,Durban,Online
ORD-103499,2025-09-12,CUST-1188,Thabo Molefe,Smartphone,Electronics,2,6983.57,15,Johannesburg,Online
ORD-103500,2025-10-27,CUST-1385,Lebo Ndlovu,Desk,Furniture,2,3781.66,10,Bloemfontein,Online
ORD-100752,2025-05-31,CUST-1174,Naledi Molefe,Tablet,Electronics,2,4570.07,0,Pretoria,Online
ORD-101415,2025-09-06,CUST-1350,Sipho Mahlangu,T-Shirt,Clothing,1,322.74,0,Pretoria,Mobile App
ORD-102435,2025-06-03,CUST-1378,Thabo Khumalo,Desk,Furniture,1,3420.76,0,Gqeberha,Store
ORD-100706,2025-05-14,CUST-1364,Anele Mahlangu,T-Shirt,Clothing,1,323.97,10,Johannesburg,Store
ORD-103044,2025-11-03,CUST-1268,Tshepo Nkosi,Bookshelf,Furniture,1,1976.23,0,Pretoria,Online
ORD-102654,not available,CUST-1152,Lebo Khumalo,Office Chair,Furniture,1,2734.27,10,Gqeberha,Store
ORD-103360,2025-07-12,CUST-1370,Thabo Mthembu,Bookshelf,Furniture,1,1777.71,0,Bloemfontein,Online
ORD-101445,2025-09-30,CUST-1017,Anele Mokoena,Tablet,Electronics,1,4643.67,5,Bloemfontein,Store
ORD-101569,2025-01-15,CUST-1016,Zanele Khumalo,Microwave,Appliances,5,2303.45,0,Bloemfontein,Mobile App
ORD-101448,2025-02-25,CUST-1234,Sipho Mokoena,Kettle,Appliances,3,616.98,0,Johannesburg,Store
